Customer ID,Frequency,Monetary,Total_Products_Purchased,Unique_Products_Purchased,Avg_Transaction_Value,Customer_Tenure_Days,Revenue_Per_Product,Avg_Days_Between_Purchases,Purchase_Regularity,Top_Product_Concentration,Category_Diversity,Quarterly_Spending_Trend,Price_Sensitivity,Spending_Trend,Cancellation_Rate,Is_UK,Churn
12346.0,4,169.36000000000058,24,25,42.340000000000146,466,6.774400000000023,12.84,0.27259493552060693,0.07692307692307693,25,-13.524999999999999,1.895137096725357,-13.524999999999999,0.25,1,1
12347.0,5,2817.48,1822,101,563.496,223,27.895841584158415,1.553191489361702,0.14973729690536247,0.028169014084507043,101,-152.27499999999998,2.149804511953685,-53.355999999999995,0.0,0,0
12348.0,4,1388.3999999999999,2488,24,347.09999999999997,257,57.849999999999994,4.395348837209302,0.24560184148360453,0.06818181818181818,27,-14.783999999999992,0.4078780234697602,-14.783999999999992,0.0,0,0
12349.0,3,2196.99,986,91,732.3299999999999,555,24.14274725274725,3.144230769230769,0.13269914033459437,0.02857142857142857,96,588.385,4.684174895384399,588.385,0.3333333333333333,0,1
12350.0,1,294.4,196,16,294.4,129,18.4,0.0,0.0,0.0625,16,0.0,0.5787558495024766,0.0,0.0,0,1
12351.0,1,300.93,261,21,300.93,194,14.33,0.0,0.0,0.047619047619047616,21,0.0,2.7357533131618776,0.0,0.0,0,1
12352.0,7,864.98,374,36,123.56857142857143,212,24.02722222222222,2.263157894736842,0.19015918125929315,0.08620689655172414,36,177.37999999999994,2.7281199359183215,-59.559999999999995,0.14285714285714285,0,0
12353.0,2,406.76,212,23,203.38,228,17.68521739130435,8.869565217391305,0.20372504641163713,0.08333333333333333,23,-228.76,2.536731321425556,-228.76,0.0,0,0
12354.0,1,1079.4,530,58,1079.4,51,18.610344827586207,0.0,0.0,0.017241379310344827,58,0.0,4.342805636745455,0.0,0.0,0,0
12355.0,2,947.61,543,35,473.805,387,27.074571428571428,10.382352941176471,0.16871175754383208,0.02857142857142857,35,-28.81000000000006,2.8821161984751074,-28.81000000000006,0.0,0,0
12356.0,5,5553.38,3371,103,1110.676,244,53.91631067961165,1.3014705882352942,0.1343345264206314,0.029197080291970802,103,-1321.42,3.057496676602718,-132.91800000000003,0.0,0,0
12357.0,1,11229.99,3878,164,11229.99,208,68.4755487804878,0.0,0.0,0.006097560975609756,164,0.0,2.8565376475790587,0.0,0.0,0,1
12358.0,3,2519.01,826,51,839.6700000000001,551,49.392352941176476,6.339285714285714,0.18511728094891147,0.03508771929824561,51,-304.37499999999994,2.9684676920250443,-304.37499999999994,0.0,0,1
12359.0,12,5929.29,1875,230,494.1075,553,25.779521739130434,2.0377358490566038,0.154203805732501,0.018796992481203006,233,192.87685714285712,17.566189167983303,50.07033333333333,0.25,0,0
12360.0,4,2234.41,1717,107,558.6025,475,20.882336448598128,3.546875,0.14241458748034472,0.023255813953488372,109,260.549,2.277806743568583,260.549,0.0,0,0
12361.0,4,451.25,231,17,112.8125,501,26.544117647058822,16.375,0.3511063757735146,0.16,18,25.795000000000005,0.5446711546122733,25.795000000000005,0.0,0,1
12362.0,3,879.4399999999999,496,51,293.14666666666665,115,17.24392156862745,1.2545454545454546,0.13352185257277696,0.05357142857142857,51,21.04000000000002,1.334384811317682,21.04000000000002,0.3333333333333333,0,0
12363.0,1,299.1,282,16,299.1,61,18.69375,0.0,0.0,0.0625,16,0.0,2.836833622192179,0.0,0.0,0,0
12365.0,1,320.69,173,21,320.69,110,15.27095238095238,0.0,0.0,0.047619047619047616,21,0.0,2.567957313100193,0.0,0.0,0,1
12366.0,1,500.24,296,3,500.24,453,166.74666666666667,0.0,0.0,0.3333333333333333,3,0.0,0.0,0.0,0.0,0,1
12368.0,1,917.6999999999999,330,18,917.6999999999999,447,50.98333333333333,0.0,0.0,0.05555555555555555,18,0.0,4.1127581270680995,0.0,0.0,0,1
12369.0,3,1511.15,1234,89,503.7166666666667,461,16.97921348314607,2.550561797752809,0.11783155992757433,0.022222222222222223,89,-82.48500000000001,1.8432990460810739,-82.48500000000001,0.0,0,1
12370.0,6,3217.28,2215,149,536.2133333333334,488,21.59248322147651,2.3392857142857144,0.10370550063475252,0.01775147928994083,151,201.88499999999996,1.904417666836898,321.89,0.0,0,1
12371.0,3,1819.42,836,90,606.4733333333334,464,20.215777777777777,2.35,0.09591836734693877,0.019801980198019802,92,844.06,1.7498131498551324,844.06,0.0,0,1
12372.0,2,842.9200000000001,588,31,421.46000000000004,116,27.190967741935488,2.3055555555555554,0.15543071161048688,0.05405405405405406,31,116.47999999999996,1.8849542574164904,116.47999999999996,0.0,0,0
12373.0,3,927.6500000000001,511,35,309.2166666666667,493,26.504285714285718,7.680851063829787,0.16372208432724503,0.0625,37,-278.45000000000005,1.964480694016391,-16.650000000000006,0.0,0,1
12374.0,2,2046.29,1015,46,1023.145,407,44.48456521739131,3.4583333333333335,0.13855482057755317,0.04081632653061224,47,-730.79,1.4337696792711436,-730.79,0.0,0,1
12376.0,2,383.15,237,10,191.575,237,38.315,2.8,0.2841376854744198,0.18181818181818182,10,0.0,1.4061068108918198,-321.95000000000005,0.0,0,1
12377.0,4,3266.32,2101,128,816.58,408,25.518125,1.832214765100671,0.09941722560357805,0.013333333333333334,128,-332.18,2.0046958251142306,-149.88,0.0,0,1
12378.0,1,1407.7,787,82,1407.7,381,17.167073170731708,0.0,0.0,0.012195121951219513,82,0.0,6.994059867250117,0.0,0.0,0,1
12379.0,2,692.98,403,36,346.49,354,19.249444444444446,2.9473684210526314,0.15375863638767673,0.05128205128205128,37,48.01999999999998,1.723413663596307,48.01999999999998,0.0,0,1
12380.0,6,5309.99,2482,123,884.9983333333333,482,43.170650406504066,2.323529411764706,0.12243161503335157,0.01951219512195122,142,-413.995,2.8174440204244933,-413.995,0.16666666666666666,0,0
12383.0,6,1617.31,1515,83,269.5516666666667,171,19.48566265060241,1.7553191489361701,0.18376869346826216,0.031578947368421054,83,-179.555,2.9842832314267924,-142.529,0.16666666666666666,0,0
12385.0,1,1668.4,594,64,1668.4,198,26.06875,0.0,0.0,0.015625,64,0.0,2.946107260618905,0.0,0.0,0,1
12386.0,2,401.9,354,10,200.95,186,40.19,3.2222222222222223,0.30208333333333337,0.1,10,-115.89999999999998,2.1980620252091767,-115.89999999999998,0.0,0,1
12387.0,1,143.94,134,9,143.94,234,15.993333333333332,0.0,0.0,0.1111111111111111,9,0.0,5.342931727473639,0.0,0.0,0,1
12388.0,5,1886.7,870,52,377.34000000000003,401,36.28269230769231,3.8125,0.17887785664219158,0.037037037037037035,52,152.315,1.6898823923575275,-103.62200000000001,0.0,0,1
12389.0,3,1433.33,614,41,477.77666666666664,475,34.95926829268293,5.25,0.1900476111313787,0.061224489795918366,42,352.72499999999997,1.8944425301391432,352.72499999999997,0.0,0,1
12391.0,6,2259.58,903,159,376.59666666666664,482,14.211194968553459,1.106145251396648,0.0955257569408423,0.016666666666666666,160,-170.95,8.75393512718989,7.480000000000007,0.16666666666666666,0,1
12392.0,1,234.75000000000003,73,7,234.75000000000003,410,33.53571428571429,0.0,0.0,0.14285714285714285,7,0.0,3.2436751642895083,0.0,0.0,0,1
12393.0,6,1855.25,1011,53,309.2083333333333,247,35.00471698113208,2.0930232558139537,0.17671666214997228,0.05747126436781609,55,-186.27499999999998,2.1047890619859646,50.25500000000001,0.16666666666666666,0,0
12394.0,1,351.08,180,20,351.08,36,17.554,0.0,0.0,0.05,20,0.0,2.04720194154697,0.0,0.0,0,0
12395.0,11,2930.46,2554,116,266.4054545454546,422,25.26258620689655,2.464968152866242,0.1821615574860349,0.02531645569620253,121,-122.04700000000003,2.5933862942447137,-68.47619047619048,0.18181818181818182,0,0
12396.0,1,931.43,591,65,931.43,493,14.329692307692307,0.0,0.0,0.015384615384615385,65,0.0,2.173970213775849,0.0,0.0,0,1
12399.0,6,1647.68,2016,57,274.61333333333334,464,28.906666666666666,5.054945054945055,0.20659114079875107,0.043478260869565216,60,70.45800000000001,0.8691730422378973,-0.23885714285714488,0.0,0,0
12400.0,1,205.25,91,11,205.25,233,18.65909090909091,0.0,0.0,0.09090909090909091,11,0.0,1.3937522931085906,0.0,0.0,0,1
12401.0,1,69.3,10,4,69.3,122,17.325,0.0,0.0,0.25,4,0.0,4.2047592083257275,0.0,0.0,0,1
12402.0,7,1124.15,575,42,160.59285714285716,490,26.765476190476193,5.375,0.27542751861353976,0.07692307692307693,42,-10.744999999999997,1.9545997893529157,-11.307142857142855,0.14285714285714285,0,1
12403.0,1,555.6600000000001,162,3,555.6600000000001,341,185.22000000000003,0.0,0.0,0.3333333333333333,3,0.0,0.20784609690826514,0.0,0.0,0,1
12406.0,5,4412.71,2367,81,882.542,516,54.4779012345679,4.654545454545454,0.1582693331911531,0.02702702702702703,88,263.441,2.614475902054605,263.441,0.2,0,0
12407.0,2,450.96,416,22,225.48,83,20.498181818181816,1.1666666666666667,0.1737280656076767,0.08,22,28.359999999999985,2.361401914117967,28.359999999999985,0.0,0,0
12408.0,9,2005.33,1119,65,222.81444444444443,317,30.851230769230767,2.6595744680851063,0.17528410374675737,0.042105263157894736,65,-152.40900000000002,4.190096952912192,6.1520000000000215,0.4444444444444444,0,0
12409.0,7,18240.62,10626,165,2605.802857142857,384,110.54921212121212,1.7239819004524888,0.09303866425268985,0.013513513513513514,172,344.48600000000005,3.9488860876210654,404.02600000000007,0.2857142857142857,0,0
12410.0,4,761.46,333,35,190.365,321,21.756,5.128205128205129,0.1607811487722239,0.05,36,280.70000000000005,3.3583465101223973,280.70000000000005,0.25,0,1
12411.0,1,346.9,138,22,346.9,229,15.768181818181818,0.0,0.0,0.045454545454545456,22,0.0,2.618974221718491,0.0,0.0,0,1
12412.0,5,1246.15,1156,49,249.23000000000002,358,25.431632653061225,2.0454545454545454,0.17147852129833527,0.05970149253731343,49,-226.86,1.620842760056254,-226.86,0.4,0,1
12413.0,4,685.3,232,36,171.325,221,19.03611111111111,4.230769230769231,0.22043721973178307,0.05,36,-50.349999999999994,5.20472182069025,-50.349999999999994,0.25,0,0
12414.0,5,442.41,297,19,88.482,283,23.284736842105264,8.75,0.26312353255640253,0.10344827586206896,20,164.32500000000002,1.6246419082521728,46.659,0.2,0,0
12415.0,12,69409.04,45858,293,5784.086666666666,347,236.89092150170646,0.6556701030927835,0.09584237389234242,0.00823045267489712,308,5721.664000000001,3.230415941087629,1154.2720000000002,0.16666666666666666,0,0
12416.0,1,202.56,132,11,202.56,476,18.414545454545454,0.0,0.0,0.09090909090909091,11,0.0,0.5739401299153708,0.0,0.0,0,1
12417.0,22,4347.83,1967,209,197.62863636363636,553,20.803014354066985,2.045801526717557,0.20986049448370653,0.019011406844106463,215,56.12892857142857,4.981759564106842,2.0341318681318676,0.2727272727272727,0,0
12418.0,4,1348.37,680,61,337.0925,449,22.104426229508196,3.161764705882353,0.15007779047772773,0.043478260869565216,63,64.685,2.916881838366791,92.773,0.25,0,1
12419.0,2,391.01,227,22,195.505,233,17.77318181818182,1.2272727272727273,0.1816454345448939,0.08695652173913043,22,0.0,3.949996797917349,-86.81000000000003,0.0,0,1
12421.0,4,360.01,265,26,90.0025,324,13.846538461538461,6.607142857142857,0.2682686863724938,0.10344827586206896,26,42.324999999999996,3.2476641094004295,42.324999999999996,0.25,0,1
12422.0,10,3194.29,2325,111,319.429,541,28.777387387387385,2.875,0.21935535462854655,0.021897810218978103,114,36.31457142857143,2.5705092862220678,-2.2995000000000023,0.0,0,1
12423.0,8,1953.77,1424,112,244.22125,285,17.444375,2.125984251968504,0.18740923045893668,0.0234375,112,90.63500000000002,2.7371946671125333,-19.2277380952381,0.0,0,0
12424.0,5,1528.82,1275,61,305.764,551,25.06262295081967,4.666666666666667,0.16925020782249034,0.029850746268656716,62,578.64,1.9498182893220954,578.64,0.6,0,1
12425.0,2,903.61,607,55,451.805,267,16.42927272727273,0.3103448275862069,0.09226798588928613,0.03389830508474576,55,-1024.81,1.6174949244150583,-1024.81,0.5,0,1
12426.0,3,1167.41,569,72,389.1366666666667,482,16.21402777777778,5.924050632911392,0.11422553017405583,0.025,73,-145.95000000000005,2.6004729334965404,-89.875,0.3333333333333333,0,0
12427.0,2,192.55,67,9,96.275,191,21.394444444444446,1.7272727272727273,0.25670170112163615,0.16666666666666666,9,0.0,2.929716477129423,0.0,0.5,0,1
12428.0,7,5085.03,2724,226,726.4328571428571,103,22.50013274336283,0.16666666666666666,0.06824972770069494,0.01276595744680851,226,-4621.8099999999995,2.85371030645793,-4621.8099999999995,0.2857142857142857,0,0
12429.0,7,3923.09,1855,85,560.4414285714286,365,46.154,3.336842105263158,0.16968114086015343,0.020833333333333332,86,-303.5690000000001,2.839206011987994,-195.991,0.14285714285714285,0,0
12431.0,22,6702.9,2916,197,304.67727272727274,513,34.0248730964467,1.721254355400697,0.17966625678672926,0.03819444444444445,213,-27.46628571428573,2.807509039585765,-7.8526153846153814,0.22727272727272727,0,0
12433.0,5,7205.39,6045,163,1441.078,296,44.204846625766876,0.3824561403508772,0.08199632379189149,0.013986013986013986,165,4953.210000000001,2.236123013009188,1222.2649999999999,0.0,0,1
12434.0,4,542.59,194,34,135.6475,200,15.958529411764706,3.3333333333333335,0.19294448968235903,0.05,34,-141.37,3.0257266133048994,-61.747,0.5,0,0
12435.0,5,10075.03,3782,81,2015.006,556,124.3830864197531,4.9787234042553195,0.1948575887000778,0.031578947368421054,81,773.3940000000001,3.7531727764995795,773.3940000000001,0.0,0,0
12437.0,35,8323.53,6231,227,237.8151428571429,556,36.66753303964758,1.2093023255813953,0.17298247698626135,0.02320185614849188,244,-79.61999999999999,2.512459203259633,-31.02214285714285,0.2,0,0
12439.0,3,1089.18,448,69,363.06,545,15.785217391304348,0.589041095890411,0.09764024840407962,0.02702702702702703,69,-936.14,2.659064011638933,-936.14,0.3333333333333333,0,1
12440.0,3,648.15,305,20,216.04999999999998,537,32.4075,8.125,0.17640721797174314,0.09090909090909091,22,-328.87,2.6759116260263585,-328.87,0.3333333333333333,0,1
12441.0,1,155.55,120,10,155.55,186,15.555000000000001,0.0,0.0,0.1,10,0.0,1.5279721492517098,0.0,0.0,0,1
12443.0,1,365.31,179,20,365.31,551,18.2655,0.0,0.0,0.05,20,0.0,4.1017472528564936,0.0,0.0,0,1
12445.0,2,293.08000000000004,142,20,146.54000000000002,240,14.654000000000002,1.0,0.1827439976315568,0.09523809523809523,20,0.0,1.5476850608631743,-310.08000000000004,0.5,0,1
12447.0,1,431.49,187,25,431.49,62,17.2596,0.0,0.0,0.04,25,0.0,2.3722905949033026,0.0,0.0,0,0
12449.0,2,1447.53,1108,56,723.765,258,25.84875,4.5636363636363635,0.1309702460364335,0.017857142857142856,56,90.33000000000004,2.3326855377829685,90.33000000000004,0.0,0,0
12450.0,5,469.07,307,25,93.814,293,18.7628,2.3548387096774195,0.25417661487683385,0.09375,25,3.530000000000001,2.4649392291141385,43.94,0.4,0,1
12451.0,6,8920.83,6876,259,1486.805,348,34.443359073359076,0.8753541076487252,0.08287942584595398,0.011299435028248588,272,216.88899999999995,2.837164065044409,341.49399999999997,0.16666666666666666,0,0
12454.0,5,4098.96,2232,8,819.792,240,512.37,0.6153846153846154,0.1448162789616939,0.125,8,0.0,2.180607992727881,-4098.96,0.4,0,1
12455.0,6,5303.39,2839,167,883.8983333333334,541,31.756826347305392,2.828877005347594,0.1488993542413586,0.02127659574468085,167,-123.2757142857143,3.97069244388184,-123.2757142857143,0.0,0,0
12456.0,1,780.17,441,40,780.17,74,19.50425,0.0,0.0,0.025,40,0.0,3.2167588401833047,0.0,0.0,0,0
12457.0,7,1116.8799999999999,527,36,159.5542857142857,254,31.02444444444444,4.145833333333333,0.15498432394103062,0.08163265306122448,36,84.83500000000004,4.277549554017444,84.83500000000004,0.42857142857142855,0,0
12458.0,3,1077.01,745,57,359.00333333333333,307,18.894912280701753,3.3114754098360657,0.16060054931105286,0.03225806451612903,57,8.155000000000001,1.7230757321856667,8.155000000000001,0.0,0,1
12459.0,1,398.36,256,22,398.36,424,18.10727272727273,0.0,0.0,0.045454545454545456,22,0.0,3.4007334324800995,0.0,0.0,0,1
12460.0,1,296.65,168,17,296.65,275,17.45,0.0,0.0,0.058823529411764705,17,0.0,3.3052608466966533,0.0,0.0,0,1
12462.0,2,573.31,277,39,286.655,122,14.70025641025641,0.19047619047619047,0.085246108980631,0.046511627906976744,39,0.0,3.408750643913537,0.0,0.5,0,1
12463.0,3,570.55,349,31,190.1833333333333,61,18.404838709677417,1.1081081081081081,0.1659986591479112,0.07894736842105263,31,0.0,2.46424785613051,-58.59,0.3333333333333333,0,0
12464.0,4,439.84999999999997,47,5,109.96249999999999,128,87.97,9.727272727272727,0.3692129318084176,0.25,5,-137.84999999999997,5.605246460128928,-137.84999999999997,0.0,0,0
12467.0,2,0.0,0,9,0.0,242,0.0,2.176470588235294,0.21821839546948213,0.1111111111111111,9,0.0,1.2699863619256406,-265.6,0.5,0,1
12468.0,9,3198.05,2162,129,355.3388888888889,509,24.79108527131783,3.206451612903226,0.17764423192396328,0.02564102564102564,132,-126.57342857142856,2.256248007269156,-126.57342857142856,0.4444444444444444,0,0
12469.0,2,3070.54,2552,76,1535.27,356,40.40184210526316,0.18666666666666668,0.07133992191928372,0.013157894736842105,76,-843.1399999999999,2.8094770288148996,-843.1399999999999,0.0,0,1
12470.0,1,211.95,95,23,211.95,509,9.215217391304348,0.0,0.0,0.043478260869565216,23,0.0,3.9429979966493804,0.0,0.0,0,1
12471.0,99,23577.04,11186,187,238.1519191919192,556,126.08042780748663,0.5237592397043295,0.14812012880162645,0.03481012658227848,202,-7.91357142857149,3.0140441128038624,-14.686357069143453,0.43434343434343436,0,0
12472.0,30,11023.17,7627,327,367.439,550,33.71,0.6297814207650273,0.1252364444274191,0.020463847203274217,360,86.52942857142857,2.242111875301096,-26.771964285714294,0.5,0,0
12473.0,2,549.23,457,33,274.615,11,16.643333333333334,0.15384615384615385,0.0784621543389544,0.05,33,0.0,2.7905755311175144,0.0,0.5,0,0
12474.0,37,6788.39,4622,261,183.47,486,26.009157088122606,0.9719827586206896,0.1547292985555718,0.015053763440860216,280,137.95685714285716,4.099879187834528,12.786642857142855,0.4864864864864865,0,0
12475.0,1,396.26,234,24,396.26,229,16.510833333333334,0.0,0.0,0.041666666666666664,24,0.0,2.5066583795731034,0.0,0.0,0,1
12476.0,23,8265.99,3945,272,359.3908695652174,321,30.38966911764706,0.7637795275590551,0.1220726886710349,0.015706806282722512,281,-639.777,3.864508617063187,-144.00500000000002,0.4782608695652174,0,0
12477.0,6,11629.4,3831,249,1938.2333333333333,442,46.70441767068273,1.0240641711229947,0.09392394816905379,0.013333333333333334,287,28.669999999999984,2.984432748079187,28.669999999999984,0.16666666666666666,0,0
12480.0,6,3308.74,1978,119,551.4566666666666,326,27.80453781512605,1.462962962962963,0.1372035250067608,0.024539877300613498,121,495.685,2.704432194642289,36.409000000000006,0.16666666666666666,0,0
12481.0,14,8645.38,5626,206,617.5271428571428,426,41.9678640776699,1.3929824561403508,0.1304857369406598,0.017482517482517484,215,-449.608,2.767184296390938,-143.42145454545454,0.21428571428571427,0,0
12482.0,27,21941.72,27040,41,812.6562962962963,473,535.1639024390245,0.373134328358209,0.08406272831404872,0.04950495049504951,41,9066.2,1.0473787313039364,-1440.5000000000002,0.0,0,1
12483.0,19,3116.4100000000003,1641,54,164.02157894736843,496,57.711296296296304,5.34065934065934,0.2874737498392427,0.07608695652173914,57,2.935142857142861,1.410887025173241,8.251545454545456,0.15789473684210525,0,0
12484.0,9,2588.1,1687,183,287.56666666666666,556,14.142622950819671,1.9782608695652173,0.12656041020519637,0.012987012987012988,187,333.954,2.5595143886125693,30.553214285714294,0.3333333333333333,0,1
12485.0,1,708.1,414,34,708.1,348,20.826470588235296,0.0,0.0,0.029411764705882353,34,0.0,2.404980868287125,0.0,0.0,0,1
12486.0,1,917.28,520,48,917.28,251,19.11,0.0,0.0,0.020833333333333332,48,0.0,2.9129650269488216,0.0,0.0,0,1
12487.0,2,259.79999999999995,144,3,129.89999999999998,550,86.59999999999998,0.0,0.0,0.3333333333333333,3,0.0,0.8621678104251708,0.0,0.5,0,1
12489.0,1,298.93,103,14,298.93,155,21.35214285714286,0.0,0.0,0.07142857142857142,14,0.0,4.402000793844883,0.0,0.0,0,1
12490.0,13,4969.43,3517,135,382.2638461538462,557,36.81059259259259,1.9621212121212122,0.16070243504327145,0.03018867924528302,153,-46.952142857142846,1.6210443273592428,3.893818181818183,0.07692307692307693,0,0
12492.0,1,380.0,248,21,380.0,222,18.095238095238095,0.0,0.0,0.047619047619047616,21,0.0,2.5518434046596123,0.0,0.0,0,1
12493.0,2,179.55,85,11,89.775,16,16.322727272727274,0.36363636363636365,0.1648363026488436,0.16666666666666666,11,0.0,5.786111899115926,0.0,0.5,0,0
12494.0,12,1051.16,527,53,87.59666666666668,395,19.833207547169813,5.054054054054054,0.21907889845009845,0.08,58,25.916000000000015,2.592824297525352,11.046785714285718,0.5,0,0
12495.0,2,243.4,124,16,121.7,460,15.2125,0.29411764705882354,0.13292382823854054,0.1111111111111111,16,0.0,2.9556304968630513,0.0,0.5,0,1
12496.0,2,45.34,30,10,22.67,439,4.534000000000001,0.0,0.0,0.1,10,0.0,1.0533338607593616,0.0,0.0,0,1
12497.0,2,5043.400000000001,4440,29,2521.7000000000003,464,173.91034482758621,5.951219512195122,0.15218020149256326,0.047619047619047616,31,2943.88,0.7603766488284761,2943.88,0.0,0,1
12499.0,1,357.72,300,26,357.72,379,13.758461538461539,0.0,0.0,0.038461538461538464,26,0.0,1.6599199239258964,0.0,0.0,0,1
12500.0,15,2606.2400000000002,1582,66,173.74933333333334,492,39.48848484848485,4.144329896907217,0.23599465445400533,0.04081632653061224,70,122.69800000000002,1.7976710042005941,0.4857142857142845,0.26666666666666666,0,0
12501.0,2,1945.68,1714,148,972.84,156,13.146486486486486,0.13291139240506328,0.049767053823850514,0.012578616352201259,148,0.0,2.43937606464162,0.0,0.5,0,1
12502.0,3,1478.65,421,60,492.8833333333334,129,24.644166666666667,1.2465753424657535,0.14637620302457796,0.04054054054054054,60,-657.4499999999999,3.821820612163617,-47.32499999999999,0.0,0,0
12503.0,1,896.0,560,1,896.0,403,896.0,0.0,0.0,1.0,1,0.0,0.0,0.0,0.0,0,1
12504.0,2,261.0,366,7,130.5,416,37.285714285714285,22.375,0.34805370049633455,0.2222222222222222,7,28.200000000000017,0.5468343238840973,28.200000000000017,0.0,0,1
12505.0,2,744.5,308,41,372.25,228,18.158536585365855,0.3409090909090909,0.10453053185081991,0.044444444444444446,41,0.0,3.6870250935414086,-829.9000000000001,0.5,0,1
12506.0,1,73.5,23,23,73.5,52,3.1956521739130435,0.0,0.0,0.043478260869565216,23,0.0,2.086586656124731,0.0,0.0,0,0
12507.0,2,817.41,575,39,408.705,404,20.959230769230768,7.526315789473684,0.1587986908047146,0.02564102564102564,39,-93.08999999999997,2.6855039208762723,-93.08999999999997,0.0,0,1
12509.0,1,158.5,54,6,158.5,103,26.416666666666668,0.0,0.0,0.16666666666666666,6,0.0,3.1708700173086037,0.0,0.0,0,1
12510.0,8,2771.81,1939,92,346.47625,554,30.12836956521739,2.9635036496350367,0.15171068499779836,0.028985507246376812,97,25.10699999999997,2.00182153905911,27.009428571428565,0.25,0,1
12511.0,2,3065.77,1748,190,1532.885,248,16.13563157894737,0.07253886010362694,0.03612957155813762,0.010309278350515464,190,0.0,3.3648666037199875,0.0,0.5,0,1
12514.0,2,1597.76,840,76,798.88,461,21.02315789473684,4.506024096385542,0.10715404655682279,0.023809523809523808,77,437.5999999999999,2.8179188334517327,437.5999999999999,0.0,0,0
12515.0,1,278.7,128,15,278.7,172,18.58,0.0,0.0,0.06666666666666667,15,0.0,4.289647005124247,0.0,0.0,0,1
12516.0,3,1631.76,1406,41,543.92,418,39.7990243902439,7.333333333333333,0.18078296626128068,0.05172413793103448,47,9.870000000000005,0.6962460920462357,9.870000000000005,0.0,0,0
12517.0,1,749.7,413,125,749.7,9,5.9976,0.0,0.0,0.015151515151515152,125,0.0,1.7429450586424742,0.0,0.0,0,0
12519.0,2,318.35,203,21,159.175,296,15.15952380952381,0.5454545454545454,0.15328609143613034,0.08695652173913043,21,0.0,1.8464554228192185,-381.04999999999995,0.5,0,1
12520.0,4,1465.81,926,93,366.4525,93,15.761397849462366,0.6732673267326733,0.10301636256271766,0.0392156862745098,93,-646.6100000000001,3.437787887028908,-646.6100000000001,0.25,0,0
12523.0,21,2703.67,1632,126,128.7461904761905,557,21.457698412698413,2.6931818181818183,0.2388884825919393,0.03954802259887006,130,-26.816428571428574,3.3827039998788084,-15.446978021978023,0.23809523809523808,0,0
12524.0,15,8287.02,5533,129,552.4680000000001,488,64.24046511627907,2.4414893617021276,0.18302964851515238,0.021164021164021163,135,-257.42299999999994,2.084680006495789,-37.43151515151516,0.06666666666666667,0,0
12525.0,8,745.1800000000001,482,55,93.14750000000001,555,13.548727272727273,3.2266666666666666,0.20258631108570077,0.09210526315789473,56,52.791999999999994,3.019892748182676,-14.018000000000008,0.625,0,1
12527.0,4,653.72,512,23,163.43,348,28.422608695652176,8.592592592592593,0.2528424355625728,0.07142857142857142,23,-17.439999999999998,2.0477204709100625,-41.86800000000001,0.0,0,1
12528.0,3,675.46,351,37,225.15333333333334,132,18.255675675675676,1.2325581395348837,0.17569802403546006,0.06818181818181818,37,0.0,4.156190796205209,-203.60000000000002,0.3333333333333333,0,0
12529.0,2,311.78000000000003,190,21,155.89000000000001,347,14.846666666666668,0.22727272727272727,0.11000596963008695,0.08695652173913043,21,-321.18,2.6982450745277826,-321.18,0.5,0,1
12530.0,8,2583.23,2109,75,322.90375,461,34.44306666666667,3.6160714285714284,0.20200980619616737,0.05309734513274336,83,-0.4499999999999886,3.8944868160067725,8.03571428571429,0.125,0,0
12531.0,2,1611.83,1050,109,805.915,505,14.78743119266055,0.043859649122807015,0.029871185067929944,0.017391304347826087,109,0.0,2.1368562635506194,0.0,0.5,0,1
12533.0,6,1005.99,560,62,167.665,558,16.225645161290323,1.3448275862068966,0.1474904705376588,0.03409090909090909,62,-577.05,2.8788606444634195,-222.825,0.6666666666666666,0,1
12535.0,1,371.45,115,18,371.45,6,20.63611111111111,0.0,0.0,0.05555555555555555,18,0.0,1.8752690438782658,0.0,0.0,0,0
12537.0,1,612.94,446,42,612.94,228,14.593809523809526,0.0,0.0,0.023809523809523808,42,0.0,1.8875923495418125,0.0,0.0,0,1
12538.0,1,276.5,145,13,276.5,197,21.26923076923077,0.0,0.0,0.07692307692307693,13,0.0,4.164326368401509,0.0,0.0,0,1
12539.0,6,10136.09,4088,246,1689.3483333333334,535,41.20361788617886,0.9847494553376906,0.06681655097479879,0.010869565217391304,247,-315.6850000000004,3.5322134184549654,-922.6850000000002,0.0,0,0
12540.0,23,13071.07,7256,245,568.3073913043478,551,53.35130612244898,1.11482254697286,0.15606213153746806,0.029166666666666667,252,300.8646428571429,3.0707375076520593,36.57279411764706,0.043478260869565216,0,0
12541.0,1,284.40000000000003,287,16,284.40000000000003,100,17.775000000000002,0.0,0.0,0.0625,16,0.0,1.4820526306444046,0.0,0.0,0,1
12542.0,4,423.38,514,39,105.845,459,10.855897435897436,3.522727272727273,0.17896383935071333,0.044444444444444446,39,-123.85,3.6864188639388287,-123.85,0.5,0,1
12543.0,1,840.25,683,42,840.25,267,20.00595238095238,0.0,0.0,0.023809523809523808,42,0.0,2.1112800444868864,0.0,0.0,0,1
12545.0,1,544.15,343,33,544.15,79,16.48939393939394,0.0,0.0,0.030303030303030304,33,0.0,2.789566430686339,0.0,0.0,0,0
12547.0,3,299.58,306,12,99.86,319,24.965,17.705882352941178,0.3131552994318205,0.1111111111111111,13,-63.690000000000005,0.5883156971194328,-63.690000000000005,0.0,0,0
12549.0,5,1570.68,1365,37,314.136,517,42.450810810810815,2.5531914893617023,0.1568600321215885,0.0625,39,-738.0600000000002,0.9179770533991447,-738.0600000000002,0.0,0,1
12551.0,1,168.0,100,10,168.0,177,16.8,0.0,0.0,0.1,10,0.0,0.3198958163736021,0.0,0.0,0,1
12553.0,11,2270.89,1279,90,206.44454545454545,242,25.23211111111111,1.524822695035461,0.18122729601426663,0.035211267605633804,98,-244.86,3.2899675294781376,-16.881999999999998,0.36363636363636365,0,0
12554.0,1,384.5,237,25,384.5,268,15.38,0.0,0.0,0.04,25,0.0,2.349940637548106,0.0,0.0,0,1
12557.0,6,10959.800000000001,3956,15,1826.6333333333334,542,730.6533333333334,14.06060606060606,0.35332518178630135,0.11764705882352941,19,820.1360000000001,0.9611002681771534,-67.82857142857141,0.0,0,0
12559.0,3,500.21000000000004,279,20,166.73666666666668,139,25.0105,0.4,0.1434280694545149,0.09523809523809523,20,0.0,3.640236125256032,-400.01,0.3333333333333333,0,1
12561.0,1,238.85,177,16,238.85,122,14.928125,0.0,0.0,0.0625,16,0.0,2.6427611034673566,0.0,0.0,0,1
12562.0,3,1432.14,720,42,477.38000000000005,254,34.09857142857143,4.214285714285714,0.15773714134982367,0.05263157894736842,42,0.47999999999998977,2.4485764750944505,0.47999999999998977,0.0,0,0
12563.0,1,221.24,112,12,221.24,228,18.436666666666667,0.0,0.0,0.08333333333333333,12,0.0,1.1532759663434655,0.0,0.0,0,1
12564.0,1,402.9,130,20,402.9,80,20.145,0.0,0.0,0.05,20,0.0,4.464299909751866,0.0,0.0,0,0
12565.0,2,131.17,75,9,65.585,108,14.574444444444444,0.7777777777777778,0.23333333333333334,0.2,9,0.0,1.3851309605152062,-160.67,0.5,0,1
12567.0,13,5859.16,2806,227,450.70461538461535,486,25.811277533039647,1.4251497005988023,0.12618513139504767,0.023880597014925373,237,150.3942857142857,3.710839326910273,49.59816666666668,0.15384615384615385,0,0
12568.0,1,52.0,47,4,52.0,464,13.0,0.0,0.0,0.25,4,0.0,4.916695197657331,0.0,0.0,0,1
12569.0,7,940.76,546,29,134.3942857142857,71,32.44,1.5116279069767442,0.2177614434289519,0.06818181818181818,29,0.0,1.279830091623473,-207.28,0.14285714285714285,0,0
12573.0,5,717.41,479,107,143.482,284,6.704766355140187,1.9915254237288136,0.12419645689754646,0.025210084033613446,107,4.260000000000019,1.695675595229171,9.949000000000009,0.0,0,0
12574.0,1,182.45000000000002,59,10,182.45000000000002,135,18.245,0.0,0.0,0.1,10,0.0,2.3870251127478506,0.0,0.0,0,1
12575.0,2,568.8199999999999,312,33,284.40999999999997,346,17.236969696969695,1.9714285714285715,0.1556825817504218,0.05555555555555555,33,0.0,2.4768345613795937,-42.78000000000003,0.0,0,1
12576.0,7,1118.54,828,73,159.79142857142855,345,15.322465753424657,3.546511627906977,0.21828054341875627,0.034482758620689655,77,-81.68799999999999,1.8545553775022205,-11.161999999999995,0.2857142857142857,0,0
12577.0,6,1186.3899999999999,856,195,197.73166666666665,555,6.0840512820512815,1.724770642201835,0.07436046164379174,0.0136986301369863,195,765.29,1.299208656003186,-16.937000000000005,0.0,0,1
12578.0,6,2966.6,1871,109,494.43333333333334,263,27.21651376146789,0.9398496240601504,0.14004239953880696,0.022388059701492536,111,235.82499999999996,1.5539476121996891,216.788,0.5,0,1
12580.0,2,962.9,564,51,481.45,396,18.880392156862744,5.9818181818181815,0.13186746402100788,0.03571428571428571,51,-203.49999999999994,1.101765392685521,-203.49999999999994,0.0,0,0
12582.0,4,1820.4,981,87,455.1,397,20.924137931034483,3.38,0.1543457850899147,0.0297029702970297,99,-241.95000000000005,2.8400197112689267,-241.95000000000005,0.0,0,0
12583.0,19,8930.27,6172,106,470.0142105263158,553,84.24783018867925,1.8758620689655172,0.19148607486513824,0.030927835051546393,126,101.33392857142856,2.1714721160103028,-7.686220588235294,0.05263157894736842,0,0
12584.0,3,528.84,110,22,176.28,99,24.03818181818182,3.6153846153846154,0.2043433224798761,0.07407407407407407,22,-210.62,4.227007623283101,-210.62,0.3333333333333333,0,0
12585.0,4,1766.81,1246,76,441.7025,170,23.2475,1.2340425531914894,0.10932614819419954,0.031578947368421054,76,-243.42499999999995,3.748530746140311,-243.42499999999995,0.5,0,0
12586.0,4,1848.73,606,76,462.1825,542,24.325394736842107,4.253012048192771,0.12139297208499256,0.023809523809523808,77,1004.0300000000001,4.240569592014262,-112.87700000000002,0.25,0,1
12588.0,3,524.08,376,26,174.69333333333336,417,20.15692307692308,5.823529411764706,0.17788281873592973,0.08571428571428572,27,65.88000000000002,3.699050252849945,23.040000000000006,0.3333333333333333,0,1
12589.0,6,2177.4900000000002,1048,98,362.915,509,22.219285714285718,1.621301775147929,0.08720317320218414,0.029411764705882353,102,-100.63,3.0762872086178854,-100.63,0.3333333333333333,0,1
12590.0,4,9330.48,4276,69,2332.62,426,135.22434782608696,5.928571428571429,0.15715020786671183,0.028169014084507043,69,4670.664999999999,1.8683548105724284,934.6419999999998,0.75,0,0
12591.0,3,1114.95,645,62,371.65000000000003,228,17.983064516129033,1.421875,0.1371994168898326,0.03076923076923077,63,-377.25,3.3118410084701555,-102.05,0.0,0,1
12592.0,3,1535.84,1742,38,511.94666666666666,338,40.41684210526316,4.552238805970149,0.11897644701096509,0.029411764705882353,48,-1108.2399999999998,1.4655720401061836,-1108.2399999999998,0.0,0,0
12593.0,1,200.0,98,10,200.0,38,20.0,0.0,0.0,0.1,10,0.0,0.6899275324264136,0.0,0.0,0,0
12594.0,12,3332.2400000000002,1879,72,277.68666666666667,465,46.281111111111116,3.1156462585034013,0.21603762795107492,0.04054054054054054,75,175.0857142857143,1.4405079311945939,-0.816181818181818,0.08333333333333333,0,0
12595.0,1,281.02,270,18,281.02,324,15.612222222222222,0.0,0.0,0.05555555555555555,18,0.0,2.436894251864705,0.0,0.0,0,1
12596.0,1,213.95,154,14,213.95,61,15.282142857142857,0.0,0.0,0.07142857142857142,14,0.0,2.534031232189984,0.0,0.0,0,0
12597.0,2,1120.81,664,71,560.405,87,15.786056338028168,1.1333333333333333,0.1047931662907705,0.02631578947368421,71,256.50999999999993,3.827517419488934,256.50999999999993,0.0,0,0
12598.0,9,2407.33,1547,96,267.4811111111111,468,25.076354166666665,3.5041322314049586,0.15284241098326246,0.02459016393442623,100,-25.766999999999996,2.004829943889371,-82.402,0.4444444444444444,0,0
12599.0,9,1530.0,1650,38,170.0,397,40.26315789473684,4.044444444444444,0.25082009973063396,0.07692307692307693,45,-68.43800000000002,1.134763028410395,-15.311428571428571,0.0,0,0
12600.0,18,3204.52,913,38,178.0288888888889,551,84.32947368421053,6.190476190476191,0.3554948930706273,0.17647058823529413,39,23.024642857142858,2.4735657474590806,-6.303076923076925,0.1111111111111111,0,0
12601.0,7,565.76,283,23,80.82285714285715,224,24.598260869565216,7.535714285714286,0.3868798027671651,0.10344827586206896,23,39.49999999999999,7.581739503018131,-6.173714285714286,0.14285714285714285,0,0
12604.0,1,160.5,136,9,160.5,81,17.833333333333332,0.0,0.0,0.1111111111111111,9,0.0,1.3729530217745982,0.0,0.0,0,0
12605.0,4,1117.45,917,62,279.3625,277,18.023387096774194,1.2432432432432432,0.1599676633089121,0.04,62,675.47,1.3423820833345692,-78.135,0.25,0,1
12608.0,1,415.79,323,16,415.79,224,25.986875,0.0,0.0,0.0625,16,0.0,0.8459117369245248,0.0,0.0,1,1
12609.0,8,2731.7400000000002,1402,116,341.46750000000003,538,23.54948275862069,3.563758389261745,0.1963194008440733,0.03333333333333333,120,-4.143428571428568,2.6850585202692874,8.386190476190476,0.0,0,0
12613.0,10,4403.36,3177,173,440.33599999999996,544,25.45294797687861,2.1129032258064515,0.151465446166926,0.024096385542168676,183,-29.30642857142858,1.8658870481934706,-1.535238095238101,0.2,0,0
12614.0,1,315.6,76,20,315.6,97,15.780000000000001,0.0,0.0,0.05,20,0.0,2.6762896546878987,0.0,0.0,0,1
12615.0,7,3093.69,1909,147,441.9557142857143,558,21.045510204081634,1.8941176470588235,0.13426577604559725,0.017543859649122806,150,300.575,3.388016858260027,88.54899999999999,0.42857142857142855,0,1
12616.0,5,545.5,294,25,109.1,208,21.82,3.9705882352941178,0.23763895094732707,0.08571428571428572,25,-180.02499999999998,2.6700077109384135,-180.02499999999998,0.6,0,0
12619.0,3,735.8,650,20,245.26666666666665,379,36.79,16.3,0.23434662544028573,0.09523809523809523,20,124.76999999999997,4.360655477158931,124.76999999999997,0.0,0,0
12620.0,1,561.66,434,33,561.66,24,17.02,0.0,0.0,0.030303030303030304,33,0.0,2.3345348638011445,0.0,0.0,0,0
12621.0,32,16172.9,9962,243,505.403125,488,66.5551440329218,0.908,0.1490120082305952,0.023952095808383235,251,365.5274285714285,2.269774960136067,72.7520879120879,0.21875,0,0
12622.0,1,162.1,68,10,162.1,51,16.21,0.0,0.0,0.1,10,0.0,4.518077393464318,0.0,0.0,0,0
12623.0,7,3315.84,1947,111,473.6914285714286,516,29.872432432432433,2.533333333333333,0.16294199190852657,0.030120481927710843,121,-325.72600000000006,1.69529403515862,-121.77607142857143,0.0,0,1
12625.0,5,4627.38,3248,144,925.476,416,32.13458333333333,2.098901098901099,0.1169554152140898,0.02185792349726776,151,-1.5720000000000027,2.468301495778977,-154.985,0.2,0,0
12626.0,4,986.55,416,56,246.6375,146,17.616964285714285,0.21875,0.10854675881111038,0.03076923076923077,56,0.0,3.051894509342327,-1077.1499999999999,0.5,0,1
12629.0,2,1198.22,713,39,599.11,242,30.723589743589745,0.8809523809523809,0.13130466171673233,0.046511627906976744,39,0.0,3.6094246480767485,29.5,0.0,0,1
12631.0,6,2811.77,1357,105,468.62833333333333,512,26.778761904761904,1.6883116883116882,0.13668884110111043,0.025806451612903226,111,-312.029,2.2672136266401512,-181.86700000000002,0.16666666666666666,0,1
12632.0,4,684.88,665,31,171.22,384,22.092903225806452,1.2647058823529411,0.15750912093273994,0.08571428571428572,31,64.24000000000001,0.7690065620246521,64.24000000000001,0.5,0,1
12633.0,8,4674.78,2949,208,584.3475,345,22.474903846153843,1.2122302158273381,0.11025979567252688,0.017921146953405017,216,-567.538,3.274499527731377,-277.61600000000004,0.375,0,0
12634.0,1,360.0,336,19,360.0,367,18.94736842105263,0.0,0.0,0.05263157894736842,19,0.0,0.7336920972501009,0.0,0.0,0,1
12635.0,2,1115.23,770,76,557.615,276,14.674078947368422,0.8533333333333334,0.10170737143002771,0.013157894736842105,76,-203.43000000000006,2.2971811368367527,-203.43000000000006,0.0,0,1
12637.0,9,4491.41,2328,227,499.04555555555555,362,19.785947136563877,0.7957559681697612,0.09729043787229237,0.021164021164021163,239,122.30699999999997,2.3906857285819676,-11.780857142857151,0.1111111111111111,0,0
12638.0,1,169.8,84,8,169.8,459,21.225,0.0,0.0,0.125,8,0.0,4.104701137546,0.0,0.0,0,1
12639.0,3,1072.37,625,57,357.45666666666665,447,18.813508771929822,6.483333333333333,0.17905042846150634,0.03278688524590164,60,76.26000000000002,2.6352669217052527,76.26000000000002,0.0,0,0
12643.0,11,6034.58,3594,13,548.5981818181818,430,464.1984615384615,11.45945945945946,0.3958913027268688,0.15789473684210525,16,-113.39200000000005,1.1240267799262902,-60.49738095238099,0.18181818181818182,0,0
12644.0,5,1319.63,675,75,263.92600000000004,513,17.595066666666668,2.911111111111111,0.11236835994096321,0.03296703296703297,78,-174.73000000000002,2.9891298753111095,-20.539999999999964,0.4,0,1
12645.0,7,2308.62,1479,90,329.80285714285714,488,25.651333333333334,3.7711864406779663,0.17073073609588713,0.03361344537815126,92,-74.516,1.0615374499208163,5.2514285714285736,0.14285714285714285,0,0
12647.0,37,12715.23,5762,222,343.65486486486486,514,57.27581081081081,1.0483516483516484,0.1524424521562662,0.021929824561403508,249,-685.3420000000001,3.2215001839999724,-62.938928571428576,0.1891891891891892,0,0
12648.0,4,723.95,350,31,180.9875,520,23.353225806451615,6.487804878048781,0.1918200988445326,0.047619047619047616,32,-153.90000000000003,2.3950686003671326,-30.115000000000002,0.25,0,1
12649.0,8,1829.99,1550,85,228.74875,515,21.52929411764706,4.705882352941177,0.18644566118655603,0.05825242718446602,87,45.479000000000006,2.5194013215895374,-29.854571428571425,0.25,0,0
12651.0,5,365.3,262,30,73.06,284,12.176666666666668,4.161290322580645,0.2950233449713304,0.0625,30,7.5,1.7109202155188206,6.639999999999999,0.2,0,1
12652.0,3,885.58,526,50,295.1933333333333,253,17.7116,2.1346153846153846,0.1406627624404512,0.03773584905660377,50,691.48,2.514881470341968,691.48,0.3333333333333333,0,1
12653.0,2,2730.08,1048,55,1365.04,346,49.63781818181818,3.9655172413793105,0.12709795803109883,0.03389830508474576,56,-1171.88,2.6819803368364,-1171.88,0.0,0,1
12654.0,3,301.75,149,18,100.58333333333333,114,16.76388888888889,5.105263157894737,0.21954980191566725,0.1,18,4.550000000000011,1.1277714400766814,4.550000000000011,0.0,0,0
12655.0,1,243.35000000000002,79,15,243.35000000000002,243,16.223333333333336,0.0,0.0,0.06666666666666667,15,0.0,2.9974910143238764,0.0,0.0,0,1
12656.0,7,3473.41,1776,117,496.20142857142855,382,29.687264957264954,2.3733333333333335,0.13392483634438543,0.033112582781456956,120,208.40099999999998,3.018095060215049,67.39457142857142,0.2857142857142857,0,0
12661.0,1,162.0,216,11,162.0,255,14.727272727272727,0.0,0.0,0.09090909090909091,11,0.0,0.45407248119856164,0.0,0.0,0,1
12662.0,16,4241.99,2347,124,265.124375,437,34.20959677419355,1.6293436293436294,0.1826367641735415,0.04230769230769231,138,-89.20600000000003,2.727300594782968,0.18171328671328543,0.125,0,0
12663.0,3,150.0,166,8,50.0,487,18.75,5.375,0.4905918683597546,0.2222222222222222,8,0.0,1.5819292019556375,-85.5,0.3333333333333333,0,1
12664.0,4,2211.7400000000002,602,4,552.9350000000001,546,552.9350000000001,41.083333333333336,0.511267279274761,0.3076923076923077,10,42.12599999999999,0.24200021190920992,42.12599999999999,0.0,0,0
12665.0,5,247.45,154,12,49.489999999999995,488,20.620833333333334,20.11764705882353,0.3220767984926574,0.16666666666666666,12,-48.074999999999996,1.4701829506890403,-48.074999999999996,0.4,0,1
12666.0,2,1020.98,314,31,510.49,213,32.93483870967742,1.0625,0.15156037345454826,0.06060606060606061,31,0.0,3.9184529453406074,-1475.8600000000001,0.5,0,1
12668.0,9,9132.55,4658,257,1014.7277777777776,496,35.535214007782095,0.8655804480651731,0.09389766956782156,0.016260162601626018,288,-555.0930000000001,2.450256151248121,-154.425,0.1111111111111111,0,0
12669.0,1,1028.3,842,68,1028.3,76,15.12205882352941,0.0,0.0,0.014705882352941176,68,0.0,2.025953568609061,0.0,0.0,0,0
12670.0,4,1628.6299999999999,709,43,407.15749999999997,486,37.875116279069765,8.773584905660377,0.19681121895539538,0.037037037037037035,44,364.395,2.418612120864974,54.36299999999998,0.0,0,0
12671.0,1,2622.48,1459,44,2622.48,425,59.60181818181818,0.0,0.0,0.022727272727272728,44,0.0,2.4292385094365243,0.0,0.0,0,1
12672.0,3,380.5,129,21,126.83333333333333,415,18.11904761904762,11.521739130434783,0.20962779670719156,0.08333333333333333,21,71.29999999999998,2.427058180811387,71.29999999999998,0.3333333333333333,0,1
12673.0,2,786.4,517,51,393.2,221,15.419607843137255,1.4150943396226414,0.1252069584011801,0.037037037037037035,51,-344.6,2.2133011288101883,-344.6,0.0,0,1
12674.0,1,550.74,220,16,550.74,27,34.42125,0.0,0.0,0.0625,16,0.0,5.494514499328702,0.0,0.0,0,0
12675.0,4,849.55,331,110,212.3875,397,7.723181818181818,0.20535714285714285,0.0886635451402858,0.02654867256637168,109,0.0,3.461376032162692,-824.05,0.5,0,1
12676.0,7,1950.65,1598,56,278.6642857142857,302,34.833035714285714,3.730769230769231,0.22141487010216612,0.05063291139240506,59,-127.771,1.3614318168808819,-137.473,0.0,0,0
12677.0,3,353.3,172,13,117.76666666666667,551,27.176923076923078,8.8,0.3024579681414516,0.09523809523809523,14,96.1,2.362696199965906,96.1,0.3333333333333333,0,1
12678.0,11,21247.23,15023,172,1931.5663636363636,520,123.53040697674419,1.8303249097472925,0.15403388244399766,0.02158273381294964,184,-227.50942857142863,1.8658798483552044,-220.50999999999996,0.09090909090909091,0,0
12679.0,3,761.13,386,42,253.71,103,18.122142857142858,1.75,0.1511085023755191,0.044444444444444446,42,-608.49,2.361396244221249,-608.49,0.3333333333333333,0,0
12681.0,43,22307.99,14114,411,518.790465116279,545,54.277347931873486,0.43628691983122364,0.10801638331585757,0.025295109612141653,453,292.3542857142857,2.430874065172687,23.708627450980387,0.18604651162790697,0,0
12682.0,32,14347.59,7098,250,448.3621875,558,57.39036,0.789865871833085,0.1475377706347928,0.026785714285714284,284,21.773928571428574,2.588852584993065,-8.501475748194014,0.03125,0,0
12683.0,20,7303.61,5051,188,365.1805,545,38.848989361702124,1.605421686746988,0.1417392267990465,0.021021021021021023,212,178.38607142857146,2.51959796093109,20.95450000000001,0.2,0,0
12684.0,2,815.1,882,30,407.55,32,27.17,0.4,0.11332015763960766,0.04878048780487805,30,0.0,1.0098057045667794,0.0,0.0,0,0
12686.0,1,71.14,106,6,71.14,191,11.856666666666667,0.0,0.0,0.16666666666666666,6,0.0,0.4605829639344758,0.0,0.0,0,1
12687.0,1,1858.91,1402,125,1858.91,300,14.87128,0.0,0.0,0.008,125,0.0,2.153196162946849,0.0,0.0,0,1
12690.0,1,335.01,103,15,335.01,25,22.334,0.0,0.0,0.06666666666666667,15,0.0,3.423569287551614,0.0,0.0,0,0
12691.0,3,468.8,198,16,156.26666666666668,240,29.3,5.611111111111111,0.31374737656189616,0.10526315789473684,16,-88.40000000000003,2.2149973928409934,36.8,0.0,0,1
12692.0,1,110.95,36,13,110.95,456,8.534615384615385,0.0,0.0,0.07692307692307693,13,0.0,2.0879231491899017,0.0,0.0,0,1
12693.0,9,1173.23,477,58,130.35888888888888,341,20.228103448275863,4.5,0.27553848600845926,0.043478260869565216,60,-91.92699999999999,2.638912415802752,-30.263714285714286,0.3333333333333333,0,0
12694.0,3,1283.28,1160,61,427.76,240,21.03737704918033,3.703125,0.12345061002734291,0.03076923076923077,61,-512.28,2.4932776639627177,-512.28,0.3333333333333333,0,0
12695.0,4,878.27,265,30,219.5675,484,29.275666666666666,12.61111111111111,0.22693395662066876,0.10810810810810811,32,-202.205,7.286687963092112,-134.52700000000002,0.0,0,0
12696.0,2,731.91,561,42,365.955,328,17.42642857142857,1.608695652173913,0.13506301140040824,0.0425531914893617,42,177.61,1.403496130241929,177.61,0.0,0,1
12698.0,1,285.75,108,15,285.75,409,19.05,0.0,0.0,0.06666666666666667,15,0.0,3.8483855613193736,0.0,0.0,0,1
12699.0,1,566.11,369,40,566.11,237,14.152750000000001,0.0,0.0,0.025,40,0.0,3.379046140630935,0.0,0.0,0,1
12700.0,1,984.43,773,61,984.43,34,16.138196721311473,0.0,0.0,0.01639344262295082,61,0.0,2.36045751330778,0.0,0.0,0,0
12701.0,5,1823.78,1286,91,364.756,452,20.04153846153846,3.5596330275229358,0.12130325337704641,0.02727272727272727,91,-105.12,2.591673986707783,-105.12,0.0,0,0
12703.0,5,545.48,374,43,109.096,504,12.685581395348837,0.8771929824561403,0.12579193917935044,0.06896551724137931,43,0.0,2.3172051453033773,-434.58000000000004,0.4,0,1
12705.0,12,7470.61,4833,253,622.5508333333333,556,29.52810276679842,1.2459016393442623,0.09347609041139306,0.016355140186915886,269,571.997,2.115660033222185,44.84416666666667,0.3333333333333333,0,0
12707.0,1,603.42,256,33,603.42,111,18.285454545454545,0.0,0.0,0.030303030303030304,33,0.0,3.211154063053759,0.0,0.0,0,1
12708.0,21,3197.82,1817,99,152.27714285714288,541,32.301212121212124,2.3169642857142856,0.22300909970112676,0.057777777777777775,115,20.590357142857137,3.0730589098636014,-4.7608235294117645,0.38095238095238093,0,0
12709.0,38,24470.41,11734,175,643.9581578947368,549,139.83091428571427,1.2106481481481481,0.19107443413101252,0.03233256351039261,208,-320.1478571428571,3.5657807076130923,-123.45136222910214,0.34210526315789475,0,0
12710.0,2,628.51,380,43,314.255,20,14.616511627906977,0.22727272727272727,0.09063512908728893,0.044444444444444446,43,0.0,2.609834102084659,-665.4100000000001,0.5,0,0
12711.0,2,1213.05,763,55,606.525,496,22.055454545454545,1.1403508771929824,0.11866960673224111,0.034482758620689655,55,258.45,1.4551159721609792,258.45,0.0,0,1
12712.0,23,4469.53,1781,118,194.32739130434783,550,37.87737288135593,2.5497630331753554,0.2314551070219474,0.04245283018867924,120,166.44964285714286,2.9331751015476537,26.047357142857134,0.2608695652173913,0,0
12714.0,9,10138.77,6881,364,1126.53,555,27.853763736263737,0.9980952380952381,0.10681030197964597,0.009505703422053232,403,-139.35821428571427,2.26510600626704,-11.098666666666675,0.0,0,0
12717.0,2,737.6700000000001,353,42,368.83500000000004,409,17.56357142857143,7.818181818181818,0.1479036894800757,0.044444444444444446,43,281.81,5.815339885148416,281.81,0.0,0,0
12720.0,22,3657.0299999999997,3161,188,166.22863636363635,326,19.45228723404255,1.0551724137931036,0.17009276783168048,0.01718213058419244,211,-148.07100000000005,2.519263988541604,-13.336181818181817,0.36363636363636365,0,0
12721.0,8,2670.61,1793,145,333.82625,291,18.418,1.545945945945946,0.14952590149653616,0.026881720430107527,147,20.168999999999972,3.5240761038794735,2.815714285714297,0.25,0,0
12724.0,4,1297.01,1041,68,324.2525,354,19.073676470588236,2.4634146341463414,0.15555897964475177,0.04819277108433735,70,-123.11099999999999,2.095590861282349,-123.11099999999999,0.0,0,1
12725.0,3,1906.76,1136,91,635.5866666666667,403,20.953406593406594,2.0784313725490198,0.11403818113212102,0.019417475728155338,96,-111.13999999999987,2.815890825013837,-318.57499999999993,0.0,0,1
12726.0,9,2638.82,3404,51,293.20222222222225,443,51.74156862745098,3.8839285714285716,0.23096899080454394,0.07079646017699115,55,92.22399999999999,0.9116195334845532,-3.035000000000004,0.0,0,0
12727.0,9,3890.23,2297,112,432.2477777777778,474,34.73419642857143,2.812121212121212,0.16278635169313668,0.03614457831325301,114,132.74099999999999,2.320605068961501,23.04714285714285,0.1111111111111111,0,0
12728.0,4,725.15,373,38,181.2875,203,19.082894736842103,2.9069767441860463,0.23933974568242447,0.06818181818181818,38,329.4699999999999,3.7836042402068992,-24.318999999999996,0.0,0,0
12730.0,1,703.25,227,46,703.25,341,15.28804347826087,0.0,0.0,0.021739130434782608,46,0.0,3.225167673430194,0.0,0.0,0,1
12731.0,12,14890.89,7223,105,1240.9075,467,141.81799999999998,1.7736625514403292,0.16317777628570623,0.036885245901639344,119,242.26485714285715,3.201017233951035,23.14975757575759,0.08333333333333333,0,0
12733.0,6,2325.97,884,116,387.66166666666663,508,20.05146551724138,2.83125,0.13308705642627852,0.031055900621118012,120,-224.54100000000003,3.067826034195381,-157.33400000000003,0.3333333333333333,0,0
12734.0,3,603.65,263,16,201.21666666666667,211,37.728125,2.2941176470588234,0.304417138278466,0.1111111111111111,16,0.0,2.0210116052355396,-382.85,0.0,0,1
12735.0,2,689.5699999999999,363,37,344.78499999999997,156,18.637027027027024,0.525,0.12151676410651562,0.04878048780487805,37,0.0,4.574277418613678,0.0,0.0,0,1
12736.0,1,144.0,168,3,144.0,152,48.0,0.0,0.0,0.3333333333333333,3,0.0,0.8833459118601275,0.0,0.0,0,1
12738.0,1,137.35,147,10,137.35,191,13.735,0.0,0.0,0.1,10,0.0,3.5584367666465875,0.0,0.0,0,1
12739.0,1,1445.69,463,49,1445.69,213,29.50387755102041,0.0,0.0,0.02040816326530612,49,0.0,10.161235776223284,0.0,0.0,0,1
12741.0,1,236.07,213,15,236.07,352,15.738,0.0,0.0,0.06666666666666667,15,0.0,1.2619723791407977,0.0,0.0,0,1
12742.0,2,1185.02,1349,67,592.51,445,17.68686567164179,0.373134328358209,0.09203566796181141,0.029411764705882353,67,-1218.02,1.0677145987774512,-1218.02,0.5,0,1
12744.0,6,8209.58,4228,172,1368.2633333333333,410,47.73011627906977,1.5223214285714286,0.10422410428943264,0.013333333333333334,179,186.56199999999995,8.54522448737788,186.56199999999995,0.0,0,0
12745.0,2,723.85,467,20,361.925,393,36.1925,4.142857142857143,0.2072987826174121,0.09090909090909091,20,-189.98999999999995,3.3212648193120646,-189.98999999999995,0.0,1,1
12746.0,3,230.85000000000002,91,18,76.95,550,12.825000000000001,10.631578947368421,0.23878883214521232,0.1,18,254.65,1.977270513665373,254.65,0.6666666666666666,1,1
12747.0,27,6681.92,2048,79,247.4785185185185,551,84.58126582278481,2.5336538461538463,0.25067181093730273,0.05263157894736842,83,25.743214285714267,3.46689891330607,8.853791208791202,0.2222222222222222,1,0
12748.0,221,26016.99,17092,1664,117.72393665158371,554,15.635210336538462,0.1322337154039698,0.06200866030682363,0.006987143655673561,1728,379.9021428571429,2.8656224810083315,21.588298245614038,0.06334841628959276,1,0
12749.0,10,3242.39,1097,158,324.239,340,20.52145569620253,1.45,0.10322829803167141,0.02262443438914027,158,8.775000000000034,5.1746226303485985,-28.314999999999976,0.5,1,0
12751.0,1,268.27,189,61,268.27,264,4.397868852459016,0.0,0.0,0.03225806451612903,60,0.0,1.3157612764659385,0.0,0.0,0,1
12753.0,7,12701.85,6908,87,1814.55,182,145.99827586206897,0.9103448275862069,0.1530808291151159,0.03424657534246575,87,-38.340000000000146,1.5696616016498288,-7.165000000000055,0.42857142857142855,0,0
12754.0,3,3010.74,6481,49,1003.5799999999999,128,61.443673469387754,1.1612903225806452,0.15533226130832017,0.031746031746031744,49,2887.5,0.9210265538812815,1451.7749999999999,0.0,0,0
12755.0,21,2629.5,1034,37,125.21428571428571,557,71.06756756756756,4.228070175438597,0.22248951130689582,0.08695652173913043,37,-105.22,1.087825716848274,35.144999999999996,0.47619047619047616,0,0
12757.0,2,846.03,457,78,423.015,30,10.846538461538461,0.2808988764044944,0.07695870802312967,0.022222222222222223,78,0.0,1.593921901698483,-359.63000000000005,0.0,0,0
12758.0,7,8557.6,5065,168,1222.5142857142857,557,50.938095238095244,1.6727272727272726,0.10954233344785845,0.018115942028985508,183,-255.83999999999997,1.9844816778303263,-147.48285714285714,0.14285714285714285,0,1
12759.0,6,3622.1,2558,160,603.6833333333333,555,22.638125,2.013215859030837,0.1252604474572857,0.021929824561403508,167,-56.65500000000001,2.489404836546175,-44.664571428571435,0.0,0,1
12760.0,1,317.8,196,20,317.8,275,15.89,0.0,0.0,0.05,20,0.0,1.465417490359874,0.0,0.0,0,1
12761.0,1,712.95,277,25,712.95,284,28.518,0.0,0.0,0.04,25,0.0,3.0285420034509456,0.0,0.0,0,1
12763.0,1,320.08,196,16,320.08,188,20.005,0.0,0.0,0.0625,16,0.0,1.4169649195845793,0.0,0.0,0,1
12764.0,1,1693.88,386,45,1693.88,136,37.64177777777778,0.0,0.0,0.022222222222222223,45,0.0,4.068740678277581,0.0,0.0,0,1
12765.0,6,1299.58,1002,48,216.59666666666666,461,27.074583333333333,2.737704918032787,0.24742857221696454,0.08064516129032258,48,349.64,1.1740675947665489,97.366,0.0,0,1
12766.0,8,5231.22,3203,200,653.9025,227,26.156100000000002,0.5992779783393501,0.10516721610085761,0.017985611510791366,201,-705.2550000000001,2.3409089123693336,45.20971428571427,0.25,0,0
12767.0,1,949.82,598,43,949.82,195,22.088837209302326,0.0,0.0,0.023255813953488372,43,0.0,1.309509853947585,0.0,0.0,0,1
12768.0,2,3.552713678800501e-15,0,10,1.7763568394002505e-15,270,3.552713678800501e-16,1.0,0.18660549686337075,0.1,10,-337.38000000000005,1.6881556426124373,-337.38000000000005,0.5,0,1
12769.0,1,1143.6,356,32,1143.6,58,35.7375,0.0,0.0,0.03125,32,0.0,2.83172664755121,0.0,0.0,0,0
12770.0,7,2981.45,1773,23,425.9214285714285,431,129.6282608695652,11.342857142857143,0.3089267620956997,0.05555555555555555,24,213.185,2.2144432637243088,234.92142857142858,0.7142857142857143,0,0
12771.0,2,206.5,98,14,103.25,305,14.75,1.5,0.22684357771283173,0.13333333333333333,14,0.0,3.21012905837578,-246.10000000000002,0.5,0,1
12773.0,2,1.7763568394002505e-15,0,6,8.881784197001252e-16,383,2.9605947323337506e-16,0.0,0.0,0.16666666666666666,6,0.0,2.8041684339676545,0.0,0.5,0,1
12774.0,1,83.7,52,5,83.7,355,16.740000000000002,0.0,0.0,0.2,5,0.0,0.8111719916269301,0.0,0.0,0,1
12775.0,7,1309.96,914,44,187.13714285714286,228,29.771818181818183,3.540983606557377,0.24130552586813167,0.08064516129032258,44,199.71999999999997,3.0399478176447654,50.42114285714286,0.14285714285714285,0,0
12776.0,1,27.5,45,3,27.5,487,9.166666666666666,0.0,0.0,0.3333333333333333,3,0.0,0.24826061575153907,0.0,0.0,0,1
12777.0,1,519.45,458,26,519.45,277,19.978846153846156,0.0,0.0,0.038461538461538464,26,0.0,3.724957428770676,0.0,0.0,1,1
12778.0,7,1280.51,1357,65,182.93,422,19.700153846153846,4.793103448275862,0.21670907496528097,0.056818181818181816,66,-35.85500000000001,2.9460573847805582,-39.212857142857146,0.0,0,0
12779.0,19,5196.01,2701,123,273.4742105263158,556,42.2439837398374,2.264705882352941,0.17418853840463708,0.03765690376569038,126,185.4903571428571,2.829389217191206,7.4033186813186775,0.3157894736842105,0,0
12780.0,1,322.4,284,19,322.4,418,16.968421052631577,0.0,0.0,0.05263157894736842,19,0.0,2.6137645097216966,0.0,0.0,0,1
12781.0,2,491.75,307,15,245.875,104,32.78333333333333,2.0,0.2222222222222222,0.11764705882352941,15,-606.77,1.195321763228236,-606.77,0.5,0,0
12782.0,12,3142.07,1481,121,261.8391666666667,338,25.967520661157025,1.3197969543147208,0.1557330811998368,0.025252525252525252,125,74.49000000000001,2.2250174685778523,10.87321428571429,0.25,0,0
12784.0,1,1034.33,575,71,1034.33,348,14.568028169014083,0.0,0.0,0.014084507042253521,71,0.0,2.940035785927649,0.0,0.0,0,1
12785.0,4,889.55,443,41,222.3875,550,21.696341463414633,6.90566037735849,0.224415684331693,0.05555555555555555,42,18.755000000000003,4.861842472685674,18.755000000000003,0.25,0,1
12786.0,1,668.5,320,17,668.5,429,39.3235294117647,0.0,0.0,0.058823529411764705,17,0.0,1.1787175234126284,0.0,0.0,0,1
12787.0,2,523.62,312,27,261.81,232,19.393333333333334,7.586206896551724,0.181258488924548,0.06666666666666667,27,-237.42,0.9361592481682989,-237.42,0.0,0,0
12788.0,4,384.9,190,19,96.225,347,20.257894736842104,3.0476190476190474,0.30604412126603414,0.09090909090909091,19,92.70000000000002,0.5630775053722863,-15.449999999999996,0.0,0,1
12789.0,2,148.5,30,1,74.25,513,148.5,181.0,181.0,1.0,1,0.0,0.0,0.0,0.0,0,1
12790.0,3,518.45,297,35,172.8166666666667,229,14.812857142857144,5.864864864864865,0.1621421124414731,0.05263157894736842,35,71.39000000000001,4.123361125359749,71.39000000000001,0.3333333333333333,0,0
12791.0,5,656.83,347,15,131.366,443,43.78866666666667,11.857142857142858,0.2568764908268918,0.09090909090909091,15,7.520000000000038,2.314432975914403,-27.15499999999998,0.0,0,1
12792.0,2,715.01,390,38,357.505,354,18.81605263157895,6.318181818181818,0.14724237930054304,0.044444444444444446,38,-25.930000000000064,2.9690767023851814,-25.930000000000064,0.0,0,0
12793.0,3,745.53,456,33,248.51,220,22.59181818181818,1.65,0.19842651348345597,0.07317073170731707,33,-30.170000000000016,1.5694023641143797,36.815,0.0,0,1
12796.0,1,351.0,180,6,351.0,447,58.5,0.0,0.0,0.16666666666666666,6,0.0,0.0,0.0,0.0,0,1
12797.0,6,387.43,169,26,64.57166666666667,243,14.901153846153846,1.878787878787879,0.24481298514611974,0.058823529411764705,26,0.0,2.8458682092689447,-30.510000000000005,0.6666666666666666,0,1
12798.0,1,1533.8899999999999,3199,25,1533.8899999999999,241,61.355599999999995,0.0,0.0,0.04,25,0.0,0.8836141691937721,0.0,0.0,0,1
12799.0,1,219.35,137,15,219.35,348,14.623333333333333,0.0,0.0,0.06666666666666667,15,0.0,4.094136341275456,0.0,0.0,0,1
12800.0,2,500.25,281,30,250.125,496,16.675,6.645161290322581,0.17487868404217005,0.0625,30,-194.41,1.297589421370109,-194.41,0.0,0,1
12801.0,2,831.87,499,49,415.935,320,16.976938775510206,0.46938775510204084,0.10952380952380954,0.04,49,0.0,7.8056995816636245,-911.77,0.5,0,1
12802.0,7,2120.42,1938,106,302.9171428571429,383,20.003962264150942,2.871212121212121,0.11845735101465958,0.03007518796992481,106,-309.18000000000006,1.841253881958266,-66.662,0.2857142857142857,0,0
12803.0,1,1017.81,867,54,1017.81,212,18.848333333333333,0.0,0.0,0.018518518518518517,54,0.0,1.108280140902911,0.0,0.0,0,1
12804.0,2,325.37,270,60,162.685,319,5.422833333333333,0.5230769230769231,0.10026045204869385,0.030303030303030304,60,0.0,2.0160775054938997,-31.189999999999998,0.0,0,1
12805.0,4,1230.95,581,43,307.7375,494,28.626744186046512,5.509433962264151,0.22634559374587862,0.05555555555555555,48,74.87500000000001,2.0036403365332536,74.87500000000001,0.0,0,1
12806.0,2,2558.96,2084,56,1279.48,408,45.69571428571429,0.25396825396825395,0.08421227131323346,0.03125,56,0.0,2.083617117576722,419.96000000000004,0.0,0,1
12807.0,2,229.95,119,16,114.975,205,14.371875,0.2,0.11270166537925831,0.0625,16,0.0,4.730300157847632,0.0,0.5,0,1
12808.0,4,546.4,241,34,136.6,282,16.070588235294117,8.393939393939394,0.2410201750492062,0.029411764705882353,34,-70.55,1.717920254260948,-70.55,0.0,0,0
12809.0,6,933.38,282,51,155.56333333333333,466,18.30156862745098,1.5166666666666666,0.16775078160310306,0.04918032786885246,53,-47.98000000000002,3.067981038121524,-256.46500000000003,0.6666666666666666,0,1
12810.0,2,534.99,389,32,267.495,496,16.7184375,4.580645161290323,0.1728287542873834,0.03125,32,215.67,1.3883713117151149,215.67,0.0,0,1
12811.0,4,893.9,429,46,223.475,247,19.432608695652174,3.28,0.20446973802537075,0.058823529411764705,46,23.80000000000001,1.4521188035446144,6.310000000000002,0.0,0,0
12813.0,3,1621.8,1134,36,540.6,512,45.05,4.634146341463414,0.2092242868544171,0.07142857142857142,36,196.4,1.2042299866002248,196.4,0.0,0,1
12815.0,1,495.36,236,30,495.36,17,16.512,0.0,0.0,0.03333333333333333,30,0.0,3.4976768151800814,0.0,0.0,0,0
12817.0,3,570.98,216,15,190.32666666666668,254,38.065333333333335,7.238095238095238,0.2637940931860536,0.13636363636363635,15,-318.9,1.7755835575091843,-14.780000000000014,0.0,0,1
12818.0,1,1182.0800000000002,920,13,1182.0800000000002,81,90.92923076923078,0.0,0.0,0.07692307692307693,13,0.0,4.940425342427772,0.0,0.0,0,0
12819.0,1,540.52,344,19,540.52,277,28.448421052631577,0.0,0.0,0.05263157894736842,19,0.0,3.4389086055987037,0.0,0.0,1,1
12820.0,10,1876.06,1350,91,187.606,553,20.616043956043956,3.575221238938053,0.22121820503441053,0.03508771929824561,92,-17.67828571428571,2.7912378704720817,-10.563095238095238,0.2,1,1
12821.0,2,220.8,162,13,110.4,430,16.984615384615385,33.083333333333336,0.28617803186833424,0.07692307692307693,13,-35.359999999999985,2.5799016081417343,-35.359999999999985,0.0,1,0
12823.0,16,5736.5,830,1,358.53125,498,5736.5,27.933333333333334,0.9937336122613735,1.0,2,103.65,0.6771262806892084,53.742424242424235,0.0,1,0
12825.0,2,518.63,139,20,259.315,461,25.9315,5.217391304347826,0.20050132589704922,0.08333333333333333,20,88.97000000000003,4.897802450138195,88.97000000000003,0.0,1,1
12826.0,9,2013.18,1469,82,223.68666666666667,541,24.550975609756097,3.4956521739130433,0.15854037502995802,0.04310344827586207,84,6.74199999999999,1.6501432289840536,-2.0028571428571516,0.1111111111111111,1,1
12829.0,4,345.35,549,17,86.3375,369,20.314705882352943,11.894736842105264,0.26846623937435193,0.1,17,37.5,12.734271733355913,37.5,0.25,1,1
12831.0,3,451.11,303,16,150.37,282,28.194375,9.523809523809524,0.21332988842741674,0.09090909090909091,16,-21.00999999999999,3.3296038335381115,-21.00999999999999,0.0,1,0
12834.0,1,312.38,110,18,312.38,102,17.354444444444443,0.0,0.0,0.05555555555555555,18,0.0,2.871753182268504,0.0,0.0,1,1
12835.0,49,5972.19,2335,140,121.88142857142856,556,42.6585,0.4775641025641026,0.14707608563733365,0.0432,161,-336.045,2.6590237632133586,-78.98163636363635,0.16326530612244897,1,1
12836.0,15,5571.62,1868,243,371.4413333333333,557,22.928477366255144,1.5043988269794721,0.14978738192147428,0.017543859649122806,249,47.87321428571428,4.696100439955275,41.78000000000001,0.13333333333333333,1,0
12837.0,1,528.5600000000001,170,73,528.5600000000001,388,7.24054794520548,0.0,0.0,0.02631578947368421,73,0.0,3.511112933969473,0.0,0.0,1,1
12838.0,11,2672.3,1472,177,242.93636363636367,412,15.097740112994352,0.714765100671141,0.10480136782018545,0.020066889632107024,177,313.78499999999997,2.3352475242046973,38.0875,0.18181818181818182,1,1
12839.0,21,5638.67,3791,125,268.5080952380952,552,45.10936,1.5545977011494252,0.16597257541856691,0.03724928366762178,130,2.872499999999998,3.0065203053377934,-11.589604395604395,0.19047619047619047,1,0
12840.0,10,3437.87,1892,102,343.787,493,33.704607843137254,3.1019108280254777,0.14635146248219583,0.03164556962025317,108,619.3430000000001,1.345484463195258,110.30999999999997,0.4,1,0
12841.0,29,5101.83,3593,226,175.9251724137931,338,22.574469026548673,0.7136563876651982,0.15581024875925994,0.024175824175824177,228,-305.059,2.2675192795239956,-34.16115384615385,0.034482758620689655,1,0
12842.0,3,1109.73,497,27,369.91,557,41.10111111111111,15.88888888888889,0.2371139125351041,0.07142857142857142,27,-43.235000000000014,12.129245359436752,-43.235000000000014,0.0,1,1
12843.0,27,5609.82,2639,113,207.7711111111111,546,49.644424778761056,2.834224598930481,0.21418689276396471,0.03723404255319149,119,-10.549285714285718,3.6705037065630455,-7.8551748251748235,0.1111111111111111,1,0
12844.0,2,322.64,98,43,161.32,413,7.503255813953488,3.02,0.13509508784523291,0.0392156862745098,47,76.57999999999998,2.932961081549217,76.57999999999998,0.0,1,1
12845.0,4,354.09,204,26,88.5225,109,13.618846153846153,0.8461538461538461,0.178979747623771,0.07407407407407407,26,0.0,2.2905835357988877,223.91,0.0,1,0
12847.0,1,765.36,624,34,765.36,207,22.51058823529412,0.0,0.0,0.05714285714285714,34,0.0,0.3448536408586191,0.0,0.0,1,1
12848.0,1,208.0,58,16,208.0,495,13.0,0.0,0.0,0.0625,16,0.0,2.814898976872882,0.0,0.0,1,1
12849.0,5,2674.54,1726,109,534.908,410,24.537064220183485,2.568,0.13717470101966306,0.023809523809523808,109,97.62999999999997,3.6212719645546976,105.18200000000002,0.0,1,0
12850.0,1,330.0,200,2,330.0,265,165.0,0.0,0.0,0.5,2,0.0,0.0,0.0,0.0,1,1
12851.0,1,148.95,51,30,148.95,296,4.965,0.0,0.0,0.03333333333333333,30,0.0,3.0998702234607913,0.0,0.0,1,1
12852.0,2,299.75,145,17,149.875,114,17.63235294117647,0.21052631578947367,0.10978275269033723,0.1,17,0.0,3.11168849070049,0.0,0.5,1,1
12853.0,12,2709.4,1177,81,225.78333333333333,492,33.449382716049385,3.830508474576271,0.20605785287951686,0.04201680672268908,87,-1.0365714285714263,3.4251147294837825,-32.78785714285714,0.3333333333333333,1,0
12854.0,10,2393.44,1405,166,239.344,547,14.418313253012048,2.042194092827004,0.10717393453349452,0.02100840336134454,167,-54.93400000000002,3.057269240634435,-54.93400000000002,0.4,1,0
12855.0,4,612.84,240,65,153.21,221,9.428307692307692,0.42424242424242425,0.11428509286289691,0.029850746268656716,65,0.0,20.15712778280388,-536.64,0.0,1,1
12857.0,7,3684.25,1419,71,526.3214285714286,502,51.890845070422536,3.87603305785124,0.1906977459775388,0.03278688524590164,76,56.94499999999999,2.943811321777463,53.79,0.14285714285714285,1,0
12858.0,1,147.27,51,36,147.27,202,4.090833333333333,0.0,0.0,0.05405405405405406,36,0.0,3.6153460452669015,0.0,0.0,1,1
12859.0,1,575.1,292,21,575.1,278,27.385714285714286,0.0,0.0,0.047619047619047616,21,0.0,1.711623428767193,0.0,0.0,1,1
12860.0,1,54.22,26,16,54.22,512,3.38875,0.0,0.0,0.0625,16,0.0,3.2796392077991343,0.0,0.0,1,1
12861.0,1,68.25,27,4,68.25,439,17.0625,0.0,0.0,0.25,4,0.0,5.391660226683429,0.0,0.0,1,1
12862.0,2,984.62,611,119,492.31,314,8.274117647058823,0.5307692307692308,0.07526826236062979,0.015267175572519083,119,3.159999999999968,2.7066876637726462,3.159999999999968,0.0,1,1
12863.0,6,2254.35,705,23,375.72499999999997,408,98.01521739130435,9.0,0.2538928223668807,0.13636363636363635,23,-388.32499999999993,3.628889631514949,-72.17571428571429,0.16666666666666666,1,0
12864.0,1,152.45,231,4,152.45,327,38.1125,0.0,0.0,0.25,4,0.0,0.33025242870668897,0.0,0.0,1,1
12865.0,3,1735.08,1000,93,578.36,296,18.656774193548387,1.16,0.10597443470462144,0.019801980198019802,95,-351.22000000000014,3.159163023634739,-531.655,0.3333333333333333,0,1
12866.0,3,1092.35,544,57,364.1166666666666,322,19.164035087719295,3.694915254237288,0.14243647006304044,0.03333333333333333,57,-94.11000000000001,2.6074704227756285,93.14500000000001,0.0,0,1
12867.0,11,5541.06,5589,302,503.7327272727273,542,18.34788079470199,0.6432225063938619,0.08930083933706578,0.01277139208173691,320,56.35785714285712,1.1745439336321795,-8.903757575757576,0.09090909090909091,1,0
12868.0,8,2043.76,1170,86,255.47,212,23.7646511627907,1.5338345864661653,0.17888478020478402,0.03731343283582089,86,22.79000000000002,2.1133175096621417,-13.205142857142853,0.0,1,0
12869.0,1,337.66999999999996,144,35,337.66999999999996,501,9.647714285714285,0.0,0.0,0.05405405405405406,35,0.0,2.0793059089665147,0.0,0.0,1,1
12870.0,4,1662.05,904,85,415.5125,443,19.553529411764707,2.734042553191489,0.14156635340894946,0.021052631578947368,85,480.375,12.934761745427487,22.964999999999993,0.25,1,1
12871.0,2,495.38,364,9,247.69,259,55.04222222222222,23.2,0.3119753833220033,0.18181818181818182,9,-231.38,3.9400198430510933,-231.38,0.0,1,0
12872.0,13,3276.81,1639,218,252.06230769230768,555,15.031238532110091,1.0227848101265822,0.13646977158907148,0.030303030303030304,219,-22.808857142857146,2.07154533156625,-5.3363986013985985,0.07692307692307693,1,1
12873.0,3,2027.3,786,33,675.7666666666667,501,61.43333333333333,11.735294117647058,0.22146129108012436,0.05714285714285714,33,-59.19999999999998,2.5576595459406195,-59.19999999999998,0.0,1,1
12874.0,3,858.42,606,43,286.14,373,19.963255813953488,3.6739130434782608,0.16530705690749897,0.0425531914893617,43,-30.100000000000023,2.3950334635233914,-30.100000000000023,0.3333333333333333,0,1
12875.0,4,1307.52,4896,2,326.88,517,653.76,55.666666666666664,0.8827545609632182,0.5714285714285714,2,-3.4559999999999773,0.29398736610366677,-3.4559999999999773,0.0,1,1
12876.0,4,2352.0,1734,91,588.0,409,25.846153846153847,3.3879310344827585,0.12880251810951238,0.02564102564102564,95,-57.95500000000004,2.9465143978885187,52.90999999999997,0.25,0,0
12877.0,15,2088.41,1447,80,139.22733333333332,510,26.105124999999997,3.1233766233766236,0.24325227656592607,0.06451612903225806,83,2.9157142857142877,2.0408865488606867,-9.511263736263738,0.0,1,0
12878.0,2,854.99,547,38,427.495,85,22.499736842105264,0.6304347826086957,0.11949520141668996,0.0425531914893617,38,224.62999999999994,1.3599831649934788,224.62999999999994,0.0,1,0
12880.0,2,640.13,279,32,320.065,394,20.0040625,5.485714285714286,0.1639782043841105,0.05555555555555555,34,-34.23000000000002,2.6409745074889215,-34.23000000000002,0.0,1,1
12881.0,1,298.0,21,7,298.0,95,42.57142857142857,0.0,0.0,0.14285714285714285,7,0.0,71.47627145390547,0.0,0.0,1,1
12886.0,2,747.69,407,47,373.845,39,15.908297872340427,0.12,0.0649165125326327,0.0392156862745098,47,0.0,3.0969365635142374,0.0,0.5,1,0
12887.0,1,222.4,100,13,222.4,203,17.107692307692307,0.0,0.0,0.07692307692307693,13,0.0,4.517090054902887,0.0,0.0,1,1
12888.0,4,313.77,68,4,78.4425,74,78.4425,6.5,0.4914183514757148,0.2857142857142857,4,-231.75,4.017464848573514,-100.95,0.5,1,0
12889.0,6,365.66,120,25,60.943333333333335,321,14.6264,4.576923076923077,0.35196515592888916,0.1111111111111111,25,63.24000000000001,2.956537206042273,-0.7119999999999962,0.3333333333333333,1,1
12890.0,1,329.3,201,56,329.3,206,5.880357142857143,0.0,0.0,0.017857142857142856,56,0.0,2.320434121664955,0.0,0.0,1,1
12891.0,12,819.5,2275,2,68.29166666666667,478,409.75,42.63636363636363,0.8944939446474165,0.5,4,33.65,0.041194292043554945,10.700000000000001,0.08333333333333333,1,0
12892.0,1,263.38,140,18,263.38,216,14.632222222222222,0.0,0.0,0.05555555555555555,18,0.0,2.7149953959445305,0.0,0.0,1,1
12894.0,1,157.35,33,21,157.35,394,7.492857142857143,0.0,0.0,0.047619047619047616,21,0.0,4.487519730690143,0.0,0.0,1,1
12897.0,4,514.25,249,10,128.5625,363,51.425,26.0,0.485757974033503,0.2857142857142857,10,-11.415000000000003,2.7232439648896114,-11.415000000000003,0.0,1,0
12898.0,2,296.21000000000004,235,27,148.10500000000002,479,10.970740740740743,7.5,0.19111860940102235,0.037037037037037035,27,9.070000000000022,1.9729387888090864,9.070000000000022,0.0,1,1
12899.0,1,366.4,108,17,366.4,233,21.552941176470586,0.0,0.0,0.058823529411764705,17,0.0,4.273608734740121,0.0,0.0,1,1
12900.0,1,340.33,139,13,340.33,241,26.179230769230767,0.0,0.0,0.07692307692307693,13,0.0,3.3876451619952377,0.0,0.0,1,1
12901.0,14,7849.64,7135,22,560.6885714285714,90,356.8018181818182,1.528301886792453,0.31569359585587187,0.09259259259259259,22,1467.8000000000002,1.8984289451592093,-725.668,0.14285714285714285,1,0
12902.0,1,138.68,66,10,138.68,84,13.868,0.0,0.0,0.1,10,0.0,6.4241617697910165,0.0,0.0,1,0
12903.0,1,833.53,493,41,833.53,248,20.33,0.0,0.0,0.024390243902439025,41,0.0,1.2633685614068522,0.0,0.0,1,1
12905.0,3,1011.82,528,52,337.27333333333337,501,19.458076923076923,1.9444444444444444,0.13068607297210674,0.03636363636363636,52,-162.29999999999995,3.627522347806886,-162.29999999999995,0.3333333333333333,1,1
12907.0,3,440.36,164,27,146.78666666666666,473,16.30962962962963,9.178571428571429,0.2570426090040207,0.06896551724137931,27,124.51499999999999,5.081683688827995,124.51499999999999,0.3333333333333333,1,1
12908.0,5,954.0,1800,1,190.8,449,954.0,79.0,1.3185925965599883,1.0,1,-109.8,0.06572670690061992,-109.8,0.2,1,1
12909.0,10,2391.86,1441,99,239.186,473,24.16020202020202,3.2949640287769784,0.15592048931416358,0.03571428571428571,111,122.71700000000001,18.466496999392483,33.15035714285713,0.4,1,0
12910.0,9,3814.48,2564,53,423.8311111111111,440,71.97132075471698,4.565217391304348,0.2049915848802684,0.06451612903225806,54,-28.00400000000001,1.1251909401103461,-57.57828571428572,0.1111111111111111,1,0
12911.0,1,1651.72,807,220,1651.72,371,7.507818181818182,0.0,0.0,0.00847457627118644,220,0.0,3.7536434345230085,0.0,0.0,1,1
12913.0,11,4666.0,2012,31,424.1818181818182,558,150.51612903225808,8.071428571428571,0.29875725583735147,0.14035087719298245,32,94.74699999999997,2.54862645448706,-29.633499999999998,0.0,1,1
12914.0,1,223.98,336,9,223.98,220,24.886666666666667,0.0,0.0,0.1111111111111111,9,0.0,1.1936300841457448,0.0,0.0,1,1
12915.0,7,721.2,341,40,103.02857142857144,408,18.03,3.6724137931034484,0.18953805242159752,0.0847457627118644,42,19.10000000000001,4.027463079218861,-1.350000000000003,0.5714285714285714,1,1
12916.0,7,3762.56,1410,75,537.5085714285714,504,50.16746666666666,3.2653061224489797,0.1627343495608971,0.05405405405405406,77,160.067,3.4393644329588993,65.14971428571428,0.14285714285714285,1,0
12917.0,7,3735.5,978,44,533.6428571428571,549,84.89772727272727,6.56,0.23187836033263703,0.09803921568627451,44,-221.63000000000005,2.179252435233373,-221.63000000000005,0.2857142857142857,1,1
12920.0,3,323.86,292,32,107.95333333333333,544,10.120625,4.935483870967742,0.1732988499933602,0.03125,32,46.06,2.2068652961800526,46.06,0.0,1,1
12921.0,77,23502.93,15233,239,305.23285714285714,557,98.33861924686192,0.4573170731707317,0.11666639428240241,0.017406440382941687,284,-22.848214285714292,2.065104959444953,-20.530288957688338,0.3246753246753247,1,0
12923.0,2,597.6,162,28,298.8,394,21.342857142857145,5.935483870967742,0.1743301435452621,0.0625,28,-254.79999999999998,4.055044337194466,-254.79999999999998,0.0,1,1
12924.0,13,2136.77,1215,44,164.3669230769231,550,48.562954545454545,8.932203389830509,0.3553548425575208,0.1,45,1.2603571428571456,1.380917119307122,-12.6285,0.15384615384615385,1,0
12925.0,1,35.28,108,5,35.28,412,7.056,0.0,0.0,0.2,5,0.0,0.09391485505499117,0.0,0.0,1,1
12926.0,4,1523.59,752,201,380.8975,544,7.580049751243781,1.2038461538461538,0.07995113877832308,0.011494252873563218,204,280.15500000000003,2.190149735752377,280.15500000000003,0.0,1,1
12927.0,1,197.31,145,11,197.31,214,17.937272727272727,0.0,0.0,0.09090909090909091,11,0.0,4.728512354949397,0.0,0.0,1,1
12928.0,9,3022.23,1913,76,335.80333333333334,369,39.76618421052632,2.2954545454545454,0.1659774979709608,0.045112781954887216,79,-84.58099999999999,0.9900064727723941,-43.07171428571428,0.0,1,0
12929.0,1,117.85,37,8,117.85,131,14.73125,0.0,0.0,0.125,8,0.0,5.484975419921484,0.0,0.0,1,1
12931.0,56,41922.86,28932,23,748.6225000000001,558,1822.733043478261,2.7379679144385025,0.2884794515257113,0.0851063829787234,24,710.1185714285715,1.7159412735964121,86.33723529411768,0.125,1,0
12932.0,8,1698.56,1609,69,212.32,487,24.616811594202897,1.3297872340425532,0.18016190162187107,0.042105263157894736,69,626.52,1.947523957046454,86.08000000000003,0.0,1,1
12933.0,9,1080.1,460,161,120.0111111111111,548,6.708695652173913,2.283505154639175,0.10224818810191622,0.020512820512820513,161,32.40199999999999,2.588938278827463,32.40199999999999,0.3333333333333333,1,1
12934.0,1,181.65,31,2,181.65,556,90.825,0.0,0.0,0.5,2,0.0,54.13609516764208,0.0,0.0,1,1
12935.0,14,2887.54,1945,78,206.25285714285715,426,37.01974358974359,2.2076502732240435,0.16815761735608475,0.03260869565217391,87,-129.048,2.8413715357561524,-0.25023809523809504,0.2857142857142857,1,0
12937.0,7,2021.57,1244,81,288.79571428571427,555,24.957654320987654,4.32258064516129,0.16821747123612638,0.04,86,-57.798,2.423387916440203,-45.582,0.0,1,0
12939.0,15,20911.32,8276,24,1394.088,516,871.305,6.53125,0.39716448882335553,0.1076923076923077,25,1726.0020000000002,0.997326787544507,257.45127272727274,0.0,1,1
12941.0,1,377.49,381,27,377.49,543,13.981111111111112,0.0,0.0,0.037037037037037035,27,0.0,1.6348047619476185,0.0,0.0,1,1
12942.0,2,396.52000000000004,104,23,198.26000000000002,185,17.240000000000002,7.304347826086956,0.20272723741522916,0.08333333333333333,23,-120.97999999999999,3.511655102365694,-120.97999999999999,0.0,1,0
12943.0,4,489.0,220,23,122.25,425,21.26086956521739,11.653846153846153,0.30685968463767804,0.07407407407407407,23,-250.125,5.40802532277151,-114.32000000000001,0.5,1,1
12944.0,1,286.95,145,14,286.95,174,20.49642857142857,0.0,0.0,0.07142857142857142,14,0.0,3.0986792649148422,0.0,0.0,1,1
12945.0,2,900.11,446,47,450.055,475,19.15127659574468,7.34,0.13874806742657758,0.0392156862745098,48,25.789999999999964,3.1704114905809693,25.789999999999964,0.0,1,1
12946.0,1,324.45,149,20,324.45,256,16.2225,0.0,0.0,0.05,20,0.0,2.907127131360914,0.0,0.0,1,1
12947.0,9,1199.94,1074,73,133.32666666666668,192,16.437534246575343,2.160919540229885,0.19672040340631597,0.03409090909090909,73,239.95000000000002,9.934993077388295,-6.604999999999993,0.4444444444444444,1,0
12948.0,5,1138.74,612,53,227.748,557,21.485660377358492,8.524590163934427,0.14040325306247614,0.03225806451612903,53,52.41,2.1559740523079767,52.41,0.0,1,0
12949.0,23,13474.48,7095,311,585.8469565217391,555,43.326302250803856,0.8381410256410257,0.10322787765644917,0.0144,315,185.65714285714287,2.8676033156448657,34.047972027972044,0.2608695652173913,1,0
12951.0,17,2738.73,1422,101,161.10176470588235,518,27.116138613861388,2.793103448275862,0.24637737552242284,0.04,105,-28.42371428571429,2.3553087672665254,2.8238111888111908,0.23529411764705882,1,0
12953.0,1,498.96000000000004,280,31,498.96000000000004,341,16.095483870967744,0.0,0.0,0.03225806451612903,31,0.0,3.587911993502388,0.0,0.0,1,1
12954.0,1,162.45,83,10,162.45,458,16.244999999999997,0.0,0.0,0.1,10,0.0,3.53930705710093,0.0,0.0,1,1
12955.0,3,697.42,548,27,232.47333333333333,87,25.830370370370368,1.9090909090909092,0.1973019571374146,0.058823529411764705,27,-250.22,2.552348958310968,-250.22,0.0,1,0
12956.0,4,521.89,340,42,130.4725,543,12.425952380952381,10.146341463414634,0.16859029045905238,0.023809523809523808,42,-84.315,2.854921225402206,-84.315,0.0,1,1
12957.0,15,6348.82,3367,296,423.25466666666665,548,21.448716216216216,1.4632152588555858,0.10595652030065197,0.010869565217391304,305,-110.067,3.321716380980396,-133.27850000000004,0.4,1,0
12958.0,2,467.34,118,45,233.67,402,10.385333333333334,3.7916666666666665,0.1390445513108989,0.04081632653061224,45,133.56,3.105757874141047,133.56,0.0,1,1
12959.0,1,150.95,109,8,150.95,303,18.86875,0.0,0.0,0.125,8,0.0,5.0790887821678075,0.0,0.0,1,1
12960.0,4,1322.07,1379,49,330.5175,480,26.981020408163264,3.550724637681159,0.19832790789921656,0.05714285714285714,52,-62.00100000000001,1.6815422035127807,-62.00100000000001,0.0,1,1
12961.0,1,211.99,180,37,211.99,198,5.72945945945946,0.0,0.0,0.05,37,0.0,0.9736362915407004,0.0,0.0,1,1
12963.0,6,1671.76,904,74,278.62666666666667,338,22.591351351351353,1.51,0.16539561533581892,0.039603960396039604,75,-940.1600000000001,2.5114523233135895,-28.935999999999986,0.16666666666666666,1,1
12964.0,1,132.24,56,26,132.24,256,5.086153846153847,0.0,0.0,0.038461538461538464,26,0.0,2.707008709599242,0.0,0.0,1,1
12967.0,4,2908.57,911,47,727.1425,203,61.884468085106384,1.2153846153846153,0.15019560167141577,0.045454545454545456,47,-2968.4700000000003,7.543492808567776,-653.7850000000001,0.25,1,1
12969.0,1,122.45,55,5,122.45,422,24.490000000000002,0.0,0.0,0.2,5,0.0,5.08163359560683,0.0,0.0,1,1
12970.0,8,1070.87,692,180,133.85875,554,5.949277777777777,1.8642533936651584,0.07582876519876008,0.018018018018018018,185,-106.56499999999998,1.937844993487455,-106.56499999999998,0.0,1,1
12971.0,73,9107.630000000001,7061,77,124.76205479452057,543,118.2809090909091,2.061224489795918,0.2975560046261697,0.052845528455284556,80,350.63964285714286,3.120284131489389,32.565438596491234,0.0273972602739726,1,0
12972.0,6,1115.95,829,69,185.99166666666667,480,16.173188405797102,2.9166666666666665,0.14472411879591338,0.03529411764705882,69,-223.1,3.7900386648730233,-71.54699999999998,0.3333333333333333,1,1
12973.0,1,385.55,31,6,385.55,233,64.25833333333334,0.0,0.0,0.16666666666666666,6,0.0,57.27363922434124,0.0,0.0,1,1
12974.0,2,408.95,104,27,204.475,385,15.146296296296295,11.838709677419354,0.17692122654936418,0.0625,30,-119.34999999999997,3.7198653721736723,-119.34999999999997,0.0,1,0
12975.0,8,1993.99,903,92,249.24875,553,21.67380434782609,2.5641025641025643,0.11827958958094932,0.03389830508474576,99,-250.515,4.807578016141132,-141.105,0.25,1,1
12976.0,8,3156.38,2684,106,394.5475,484,29.777169811320757,2.947712418300654,0.1565504219105624,0.032467532467532464,119,-42.03799999999999,1.5696985938101486,41.47,0.0,1,0
12977.0,3,474.64,116,45,158.21333333333334,330,10.547555555555554,0.1875,0.0815558470027249,0.04081632653061224,45,0.0,17.61159325335924,0.0,0.0,1,1
12978.0,6,2496.07,1393,126,416.0116666666667,549,19.810079365079368,2.104294478527607,0.09685248844010823,0.024390243902439025,127,-191.235,2.212383711715653,-115.10300000000002,0.16666666666666666,1,1
12979.0,2,479.53999999999996,484,56,239.76999999999998,548,8.563214285714285,0.0,0.0,0.03508771929824561,56,0.0,2.672188190287274,0.0,0.5,0,1
12980.0,23,14133.27,1527,7,614.49,557,2019.0385714285715,10.264150943396226,0.5962712329146779,0.37037037037037035,7,241.4732142857143,15.204640604498014,20.411838235294123,0.17391304347826086,1,0
12982.0,17,2562.12,1665,140,150.7129411764706,425,18.300857142857144,1.6854460093896713,0.1292479839777747,0.02336448598130841,141,-319.032,3.037469288178358,-76.55142857142857,0.5294117647058824,1,0
12983.0,1,490.08000000000004,638,30,490.08000000000004,417,16.336000000000002,0.0,0.0,0.03333333333333333,30,0.0,0.696213816410533,0.0,0.0,1,1
12986.0,12,1998.3400000000001,882,63,166.52833333333334,507,31.71968253968254,2.0,0.1790885585093776,0.0425531914893617,67,-300.322,2.9511717539611135,-107.07642857142856,0.16666666666666666,1,1
12987.0,5,1044.1100000000001,472,48,208.82200000000003,508,21.752291666666668,9.339622641509434,0.22351080667484746,0.037037037037037035,49,13.929000000000011,7.2024121401041015,-46.61099999999999,0.2,1,0
12988.0,1,505.82,126,75,505.82,111,6.744266666666666,0.0,0.0,0.03614457831325301,75,0.0,3.2139930883781056,0.0,0.0,1,1
12989.0,29,9313.93,5316,24,321.17,548,388.0804166666667,8.796610169491526,0.5516629208511222,0.2,26,142.88178571428568,2.550578199652458,17.00075,0.13793103448275862,1,0
12990.0,6,809.9,410,6,134.98333333333332,439,134.98333333333332,21.55,0.4951472245784954,0.23809523809523808,7,-17.419999999999998,0.05230860805059222,-2.4142857142857137,0.0,1,0
12991.0,1,261.06,78,14,261.06,208,18.647142857142857,0.0,0.0,0.07142857142857142,14,0.0,9.94016032881952,0.0,0.0,1,1
12992.0,1,93.35000000000001,21,6,93.35000000000001,544,15.558333333333335,0.0,0.0,0.16666666666666666,6,0.0,0.885437744847146,0.0,0.0,1,1
12993.0,8,951.8,500,54,118.975,479,17.625925925925927,6.787878787878788,0.22426508238668763,0.029850746268656716,56,-100.557,1.6904590862269178,-39.95542857142857,0.25,1,0
12994.0,2,316.40000000000003,159,22,158.20000000000002,88,14.381818181818183,0.18518518518518517,0.0943738783765593,0.07142857142857142,22,0.0,3.4745272602959503,0.0,0.5,1,0
12996.0,1,355.5,122,22,355.5,195,16.15909090909091,0.0,0.0,0.045454545454545456,22,0.0,4.59869405516251,0.0,0.0,1,1
12997.0,13,1450.44,802,53,111.5723076923077,541,27.36679245283019,5.239130434782608,0.2501353397013169,0.06451612903225806,54,44.27885714285714,2.1530417831654125,39.546190476190475,0.5384615384615384,1,0
12998.0,4,897.38,1102,58,224.345,473,15.472068965517241,2.6666666666666665,0.1732058953742479,0.03278688524590164,58,7.890000000000015,1.6502853205867958,7.890000000000015,0.25,1,1
12999.0,3,455.88,342,25,151.96,65,18.2352,1.7777777777777777,0.20220006191426843,0.10714285714285714,25,0.0,3.6552478039028364,-184.68000000000004,0.0,1,0
13000.0,4,888.6800000000001,466,57,222.17000000000002,544,15.590877192982457,7.365079365079365,0.20780239523382776,0.03125,59,-45.33600000000002,2.6467805391120396,-45.33600000000002,0.25,1,0
13001.0,34,22033.13,12406,295,648.0332352941177,555,74.68857627118645,0.5596234309623431,0.11138513528303386,0.01671891327063741,330,250.36071428571435,1.7184585592528696,13.77514705882353,0.11764705882352941,1,0
13002.0,3,414.13,201,19,138.04333333333332,254,21.796315789473685,5.2727272727272725,0.23898855364419072,0.08695652173913043,19,-172.23000000000002,2.3526966278984847,-172.23000000000002,0.0,1,1
13003.0,1,59.050000000000004,31,4,59.050000000000004,34,14.762500000000001,0.0,0.0,0.25,4,0.0,2.3194827009486403,0.0,0.0,1,0
13004.0,34,8259.98,6112,322,242.94058823529411,544,25.652111801242235,0.8114374034003091,0.15852148863456733,0.020061728395061727,340,51.63321428571428,2.545813583869483,-6.37838235294118,0.23529411764705882,1,0
13005.0,5,742.98,418,38,148.596,276,19.552105263157895,4.098039215686274,0.15539916539669293,0.09615384615384616,39,23.584999999999994,3.6241615455155927,23.584999999999994,0.4,1,0
13007.0,1,175.25,59,11,175.25,399,15.931818181818182,0.0,0.0,0.09090909090909091,11,0.0,4.674048274539671,0.0,0.0,1,1
13008.0,7,543.28,312,31,77.61142857142856,542,17.52516129032258,10.447368421052632,0.2521533906608407,0.10256410256410256,31,30.107999999999986,1.4338233478056321,8.711428571428561,0.5714285714285714,1,1
13009.0,1,234.0,120,4,234.0,492,58.5,0.0,0.0,0.25,4,0.0,0.0,0.0,0.0,1,1
13010.0,2,330.12,323,10,165.06,468,33.012,24.90909090909091,0.29790535809658536,0.16666666666666666,10,-24.120000000000005,2.18298152381859,-24.120000000000005,0.0,1,1
13011.0,1,50.550000000000004,13,3,50.550000000000004,191,16.85,0.0,0.0,0.3333333333333333,3,0.0,1.5534906930308057,0.0,0.0,1,1
13012.0,7,1986.95,1035,67,283.85,411,29.655970149253733,3.6862745098039214,0.19015819691707614,0.02912621359223301,67,-10.045999999999992,3.1405074336475836,-10.045999999999992,0.14285714285714285,1,0
13013.0,20,8658.78,4671,246,432.939,545,35.198292682926834,1.3475935828877006,0.13320251667959845,0.016,260,168.02857142857144,2.6976778862378317,-19.770489510489508,0.0,1,0
13014.0,8,3148.38,1444,124,393.5475,252,25.39016129032258,1.3885350318471337,0.10608659506266156,0.02531645569620253,125,-686.475,3.5147469034586387,-686.475,0.5,1,0
13015.0,13,4882.4800000000005,2551,202,375.5753846153847,422,24.17069306930693,1.4777777777777779,0.11058429960418578,0.014760147601476014,209,-39.23200000000001,25.23602342474707,-2.9192857142857105,0.23076923076923078,1,0
13018.0,20,6139.07,3968,285,306.95349999999996,468,21.54059649122807,1.1675392670157068,0.10945549100677189,0.013054830287206266,294,281.87114285714284,6.846906304420984,57.988333333333344,0.1,1,0
13019.0,8,1212.95,395,46,151.61875,552,26.368478260869566,6.267857142857143,0.2266611592089934,0.05263157894736842,47,-0.2249999999999943,2.649352701480516,-41.25300000000001,0.25,1,1
13020.0,5,606.96,271,38,121.39200000000001,479,15.97263157894737,2.658536585365854,0.16467990007393266,0.07142857142857142,37,-289.05999999999995,2.0754427203567913,-230.00499999999997,0.6,1,1
13021.0,17,2960.23,1525,106,174.13117647058823,554,27.926698113207546,2.9883040935672516,0.21611537939612074,0.03488372093023256,113,32.599999999999994,3.0920540842314392,-5.6794545454545435,0.35294117647058826,1,0
13022.0,1,50.3,34,4,50.3,249,12.575,0.0,0.0,0.25,4,0.0,2.794488623463453,0.0,0.0,0,1
13023.0,1,651.13,293,35,651.13,348,18.603714285714286,0.0,0.0,0.02857142857142857,35,0.0,4.961941592738461,0.0,0.0,1,1
13024.0,3,535.42,174,26,178.47333333333333,401,20.59307692307692,3.5454545454545454,0.17449641466470078,0.058823529411764705,27,39.75999999999996,4.05961736340445,-134.14,0.3333333333333333,1,1
13025.0,1,323.39,241,13,323.39,551,24.876153846153844,0.0,0.0,0.07692307692307693,13,0.0,1.5771115272011582,0.0,0.0,1,1
13026.0,7,997.69,1193,25,142.52714285714288,546,39.9076,10.458333333333334,0.2810553286005742,0.08163265306122448,26,-40.324857142857155,1.1192445368789312,-40.324857142857155,0.14285714285714285,1,0
13027.0,17,14071.2,34920,7,827.7176470588236,508,2010.1714285714286,6.027027027027027,0.38076630867366673,0.18666666666666668,8,-203.86285714285717,0.007381496222750929,60.43516483516485,0.058823529411764705,1,0
13029.0,3,1062.3,90,6,354.09999999999997,342,177.04999999999998,24.142857142857142,0.42978894035392606,0.375,6,366.8999999999999,10.24973867262687,17.400000000000006,0.0,1,1
13030.0,1,402.36,174,50,402.36,187,8.0472,0.0,0.0,0.03508771929824561,50,0.0,3.0547958514826465,0.0,0.0,1,1
13031.0,5,3292.84,2309,275,658.568,373,11.973963636363637,0.35714285714285715,0.0735400444801157,0.014742014742014743,274,-308.08500000000004,2.6735771330445695,-97.91700000000002,0.0,1,1
13032.0,8,1793.48,895,111,224.185,279,16.157477477477478,0.4782608695652174,0.09610182165440569,0.03597122302158273,115,324.8800000000001,3.1750536279897674,-87.185,0.125,1,1
13033.0,2,220.55,98,12,110.275,249,18.379166666666666,6.0,0.27542380080036927,0.15384615384615385,12,0.0,1.2157750508868712,160.55,0.0,1,1
13034.0,2,279.91,153,16,139.955,220,17.494375,1.8235294117647058,0.21406433862279234,0.1111111111111111,16,0.0,2.412782476943529,51.81,0.0,1,1
13035.0,2,775.32,494,22,387.66,250,35.24181818181818,6.538461538461538,0.19040508088569363,0.07407407407407407,23,-109.32,1.2268346921339328,-109.32,0.0,1,0
13036.0,1,307.1,38,6,307.1,504,51.18333333333334,0.0,0.0,0.16666666666666666,6,0.0,4.490035263410151,0.0,0.0,1,1
13037.0,15,3538.8,1968,174,235.92000000000002,555,20.33793103448276,2.2666666666666666,0.16711189788669256,0.017699115044247787,182,-74.55321428571429,3.3654949063401927,-18.61769696969697,0.26666666666666666,1,0
13038.0,2,591.76,280,22,295.88,110,26.89818181818182,5.0476190476190474,0.20917487424802586,0.045454545454545456,22,-198.44000000000003,1.3786799634282214,-198.44000000000003,0.0,1,0
13039.0,4,1010.73,290,37,252.6825,541,27.317027027027027,2.5185185185185186,0.16451323812504307,0.05454545454545454,42,192.39,3.469665777284694,50.51899999999999,0.0,1,1
13041.0,4,799.13,335,23,199.7825,409,34.74478260869565,4.0588235294117645,0.2667329026332945,0.11428571428571428,26,286.81,2.425081407279511,-32.05500000000001,0.0,1,1
13042.0,4,1454.84,807,164,363.71,551,8.870975609756098,0.7934782608695652,0.09865143222550395,0.016216216216216217,164,-91.505,2.7744225248961274,-188.836,0.25,1,1
13043.0,2,471.57,251,13,235.785,92,36.27461538461539,1.4615384615384615,0.23311317649038463,0.14285714285714285,13,0.0,5.393089850157156,0.0,0.5,1,0
13044.0,13,4818.35,2546,356,370.6423076923077,519,13.534691011235957,0.9664268585131894,0.08364717894267742,0.009569377990430622,360,-399.121,3.4105984314212807,-8.029404761904752,0.15384615384615385,1,1
13045.0,2,503.64,184,25,251.82,305,20.145599999999998,3.230769230769231,0.18489266707468371,0.07407407407407407,25,-147.24,2.559701393731547,-147.24,0.0,1,1
13046.0,2,517.66,317,31,258.83,275,16.698709677419355,5.588235294117647,0.16639214006667133,0.05714285714285714,30,-122.22,2.8983779294372125,-122.22,0.0,1,0
13047.0,32,6674.67,2578,148,208.5834375,543,45.09912162162162,1.5819935691318328,0.19046095321295695,0.041666666666666664,153,-18.9182142857143,3.7787017811188437,-13.635582417582421,0.375,1,0
13048.0,10,3134.09,2081,116,313.409,500,27.01801724137931,2.110047846889952,0.1498056409454939,0.03333333333333333,128,6.888,1.3293496672087095,19.227857142857136,0.3,1,0
13049.0,4,881.24,416,12,220.31,220,73.43666666666667,4.1,0.24321388886596132,0.14285714285714285,12,-573.6800000000001,1.499468636042845,-573.6800000000001,0.25,1,1
13050.0,42,9204.26,5225,482,219.14904761904762,543,19.09597510373444,0.5967741935483871,0.12560136732036772,0.01380897583429229,496,137.59571428571428,3.2296780757078842,14.58660474716202,0.35714285714285715,1,0
13051.0,2,155.8,72,4,77.9,439,38.95,13.333333333333334,0.5533878714485919,0.25,4,5.799999999999997,3.101175852264213,5.799999999999997,0.0,1,1
13052.0,7,3118.48,1423,160,445.4971428571429,474,19.4905,1.7845528455284554,0.10509395510507034,0.020242914979757085,166,-142.192,3.1342364260521083,-35.47257142857143,0.0,1,0
13053.0,1,127.65,47,17,127.65,441,7.508823529411765,0.0,0.0,0.058823529411764705,17,0.0,2.1064981744173266,0.0,0.0,1,1
13055.0,3,1435.41,1166,99,478.47,249,14.49909090909091,2.128712871287129,0.10391464126443582,0.0196078431372549,99,-745.6899999999999,2.3584652279419713,-745.6899999999999,0.3333333333333333,1,0
13056.0,1,209.48,158,18,209.48,370,11.637777777777778,0.0,0.0,0.10526315789473684,18,0.0,4.502145557385172,0.0,0.0,1,1
13057.0,4,528.24,443,36,132.06,451,14.673333333333334,2.4634146341463414,0.1511252243316562,0.047619047619047616,36,183.95999999999998,7.741580417688031,183.95999999999998,0.25,1,1
13059.0,12,2261.2200000000003,855,155,188.43500000000003,438,14.588516129032259,1.82,0.12853179161986544,0.03482587064676617,155,-101.97700000000002,3.3057892126401467,-61.75942857142858,0.16666666666666666,1,0
13060.0,1,307.53,123,15,307.53,73,20.502,0.0,0.0,0.06666666666666667,15,0.0,2.777384346741338,0.0,0.0,1,0
13062.0,1,331.98,342,10,331.98,10,33.198,0.0,0.0,0.1,10,0.0,4.276669134839506,0.0,0.0,1,0
13063.0,1,188.4,116,12,188.4,300,15.700000000000001,0.0,0.0,0.08333333333333333,12,0.0,1.5859945737229963,0.0,0.0,1,1
13064.0,3,764.55,214,21,254.85,411,36.40714285714286,7.96969696969697,0.1988505173957376,0.08823529411764706,21,-357.95,20.98515624271581,-18.174999999999997,0.0,1,1
13065.0,6,1050.1000000000001,380,49,175.01666666666668,367,21.43061224489796,2.774193548387097,0.20917222617599715,0.06349206349206349,49,232.24500000000003,3.0129060926952067,4.6510000000000025,0.16666666666666666,1,1
13067.0,2,393.05,99,13,196.525,265,30.234615384615385,2.25,0.225,0.11764705882352941,13,-109.74999999999997,2.8949245646983823,-109.74999999999997,0.0,1,1
13068.0,1,165.0,100,1,165.0,139,165.0,0.0,0.0,1.0,1,0.0,0.0,0.0,0.0,1,1
13069.0,33,7136.56,11641,528,216.25939393939396,362,13.516212121212122,0.37782561894510225,0.09862877046264792,0.011827956989247311,541,-88.334,1.9204872355518083,-53.096153846153854,0.09090909090909091,1,0
13070.0,5,743.9,368,12,148.78,557,61.99166666666667,16.0,0.2859267575751011,0.11428571428571428,15,30.75,0.23420633006393496,30.75,0.2,1,0
13071.0,1,129.22,30,12,129.22,431,10.768333333333333,0.0,0.0,0.08333333333333333,12,0.0,4.363948292197067,0.0,0.0,1,1
13072.0,1,177.15,69,7,177.15,86,25.307142857142857,0.0,0.0,0.14285714285714285,7,0.0,1.6340134638368193,0.0,0.0,1,0
13073.0,2,418.08,261,25,209.04,257,16.7232,1.0,0.1639607805437114,0.07407407407407407,25,-187.68,4.461115219633876,-187.68,0.0,1,1
13074.0,5,1362.8400000000001,824,26,272.56800000000004,543,52.416923076923084,7.275862068965517,0.3068795207935944,0.1,26,13.303999999999997,3.129686940386783,11.394,0.2,1,1
13076.0,1,135.4,44,9,135.4,277,15.044444444444444,0.0,0.0,0.1111111111111111,9,0.0,1.823458252881047,0.0,0.0,1,1
13077.0,13,2564.32,2151,177,197.25538461538463,548,14.48768361581921,1.5121951219512195,0.1260234252847606,0.020833333333333332,182,-49.39699999999999,1.8298928756918915,-28.98857142857143,0.23076923076923078,1,1
13078.0,70,20281.27,7737,132,289.73242857142856,558,153.64598484848486,0.7984251968503937,0.19462367520195464,0.02830188679245283,142,-93.05928571428574,2.8303537818760236,-31.64991744066048,0.4142857142857143,1,0
13079.0,1,199.08,96,11,199.08,236,18.098181818181818,0.0,0.0,0.09090909090909091,11,0.0,1.414843389984142,0.0,0.0,1,1
13080.0,4,202.75,71,11,50.6875,428,18.431818181818183,15.923076923076923,0.3520951466412865,0.14285714285714285,11,-78.94999999999999,2.6426057944035817,5.75,0.25,1,1
13081.0,34,42195.95,30277,629,1241.0573529411763,550,67.08418124006359,0.27239003709591947,0.06973463371264049,0.007415254237288136,682,433.4378571428572,2.1864438305404805,55.776178571428574,0.29411764705882354,1,0
13082.0,21,5615.47,6926,87,267.40333333333336,536,64.54563218390805,4.3577981651376145,0.26749200739405016,0.045454545454545456,88,79.42178571428572,2.1102421033566228,17.516636363636362,0.19047619047619047,1,0
13083.0,1,91.67999999999999,120,4,91.67999999999999,244,22.919999999999998,0.0,0.0,0.25,4,0.0,0.2482606157515391,0.0,0.0,1,1
13084.0,2,116.44999999999999,137,2,58.224999999999994,311,58.224999999999994,1.3333333333333333,0.4028926390026163,0.5,2,0.0,0.0,0.0,0.5,1,1
13085.0,8,2151.6,792,46,268.95,558,46.77391304347826,6.320987654320987,0.14164296045743344,0.04878048780487805,47,-436.37999999999994,2.1437279403141876,-436.37999999999994,0.125,1,0
13086.0,1,439.33000000000004,155,47,439.33000000000004,202,9.34744680851064,0.0,0.0,0.02127659574468085,47,0.0,2.2369873481827507,0.0,0.0,1,1
13087.0,1,313.64,86,15,313.64,545,20.909333333333333,0.0,0.0,0.06666666666666667,15,0.0,3.6528466394619645,0.0,0.0,1,1
13088.0,1,236.11,76,19,236.11,236,12.426842105263159,0.0,0.0,0.1,19,0.0,3.3633057046836963,0.0,0.0,1,1
13089.0,196,80789.23,42568,701,412.1899489795918,556,115.24854493580598,0.19256891729924092,0.08953592593990489,0.016773162939297124,755,1048.425357142857,2.9763936923266523,31.848087719298224,0.1836734693877551,1,0
13090.0,20,6993.11,1672,111,349.65549999999996,313,63.000990990990985,1.521472392638037,0.21226623610029507,0.06097560975609756,111,-375.611,7.10707375973442,-110.76369047619048,0.2,1,0
13092.0,14,1969.25,417,48,140.66071428571428,487,41.026041666666664,4.081818181818182,0.2883418485797221,0.07207207207207207,48,-84.82714285714285,2.7197101877449192,-14.53618881118881,0.21428571428571427,1,0
13093.0,87,53283.3,25800,203,612.451724137931,555,262.4793103448276,0.39416058394160586,0.1277893820851323,0.02643573381950775,224,1722.2611428571429,3.111673734737528,90.21544117647065,0.367816091954023,1,0
13094.0,13,1156.74,954,5,88.98,208,231.348,8.04,0.4898755183148338,0.4230769230769231,6,-76.88999999999999,0.749898557242142,-26.13642857142857,0.3076923076923077,1,0
13096.0,1,419.70000000000005,6,1,419.70000000000005,213,419.70000000000005,0.0,0.0,1.0,1,0.0,0.0,0.0,0.0,1,1
13097.0,30,9903.75,4221,337,330.125,557,29.387982195845698,0.6294416243654822,0.1107203649486862,0.017743979721166033,347,-67.05749999999999,3.4347345880165587,-22.722571428571435,0.26666666666666666,1,0
13098.0,17,7559.88,4320,102,444.69882352941175,136,74.1164705882353,0.5980861244019139,0.14213943219398095,0.023809523809523808,103,5252.780000000001,3.359110226026331,349.332,0.47058823529411764,1,0
13101.0,4,695.4,478,48,173.85,500,14.487499999999999,8.9,0.2105572929316006,0.0392156862745098,48,-33.794,2.6621946423440734,-33.794,0.0,1,0
13102.0,33,8468.37,4595,168,256.61727272727273,401,50.40696428571429,0.9761273209549072,0.1889628037020114,0.047619047619047616,171,7.456999999999994,3.5043354652939613,1.2410439560439523,0.15151515151515152,1,0
13103.0,2,465.70000000000005,344,21,232.85000000000002,396,22.176190476190477,5.791666666666667,0.19717482562191788,0.08,21,219.02,1.4477324798916869,219.02,0.0,1,1
13104.0,5,824.34,462,5,164.868,472,164.868,32.0,0.6335107513281935,0.3076923076923077,5,29.85,1.0273378591890192,-4.920000000000001,0.0,1,0
13105.0,1,72.0,100,1,72.0,255,72.0,0.0,0.0,1.0,1,0.0,0.0,0.0,0.0,1,1
13106.0,1,526.96,213,15,526.96,232,35.13066666666667,0.0,0.0,0.06666666666666667,15,0.0,42.14016370569598,0.0,0.0,1,1
13107.0,12,4144.84,3430,115,345.40333333333336,550,36.04208695652174,2.6357615894039736,0.20076685502572744,0.019736842105263157,118,30.783428571428573,2.194042949465436,28.37928571428572,0.5,1,1
13108.0,2,748.46,745,27,374.23,254,27.72074074074074,1.8235294117647058,0.15675605283144461,0.05714285714285714,27,-48.339999999999975,1.8929143419294898,-48.339999999999975,0.0,1,1
13109.0,2,340.74,236,23,170.37,370,14.814782608695653,0.08695652173913043,0.061365386514300055,0.08333333333333333,23,0.0,2.950370156094149,0.0,0.5,1,1
13110.0,10,2139.9900000000002,574,128,213.99900000000002,557,16.718671875000002,2.556149732620321,0.15831905992621872,0.03723404255319149,134,87.14000000000001,3.503580384692727,28.777142857142856,0.2,1,0
13111.0,1,321.88000000000005,180,12,321.88000000000005,538,26.823333333333338,0.0,0.0,0.08333333333333333,12,0.0,1.5989191424967133,0.0,0.0,1,1
13113.0,48,13572.8,3267,156,282.76666666666665,440,87.0051282051282,1.0928381962864722,0.18608522201262157,0.07407407407407407,165,698.3628571428571,3.3013237035444947,93.37675824175824,0.3958333333333333,1,0
13114.0,1,234.38,74,16,234.38,550,14.64875,0.0,0.0,0.0625,16,0.0,4.357134953154423,0.0,0.0,1,1
13115.0,14,4027.87,2972,163,287.705,479,24.71085889570552,1.83984375,0.15242781122991275,0.019455252918287938,172,40.20657142857144,3.9932322550050174,9.212424242424241,0.5,1,0
13117.0,17,2020.4199999999998,1516,113,118.84823529411764,442,17.879823008849556,2.7517241379310344,0.2762505289655445,0.0410958904109589,113,4.236571428571422,3.6123829125714595,-0.17775824175824229,0.058823529411764705,1,0
13118.0,9,1995.39,687,85,221.71,258,23.475176470588238,1.8991596638655461,0.17376059318912088,0.03333333333333333,84,-49.511,3.233094353191483,-15.446,0.2222222222222222,1,0
13119.0,1,134.9,110,11,134.9,488,12.263636363636364,0.0,0.0,0.09090909090909091,11,0.0,0.833393937190243,0.0,0.0,1,1
13120.0,1,30.599999999999998,12,1,30.599999999999998,58,30.599999999999998,0.0,0.0,1.0,1,0.0,0.0,0.0,0.0,1,0
13121.0,2,254.73,227,50,127.365,88,5.0946,0.0,0.0,0.03773584905660377,50,0.0,1.359285595253253,0.0,0.5,1,0
13122.0,1,903.67,537,54,903.67,59,16.73462962962963,0.0,0.0,0.018518518518518517,54,0.0,2.26565420105763,0.0,0.0,1,0
13123.0,2,506.75,268,36,253.375,349,14.07638888888889,1.2727272727272727,0.13478971160993963,0.044444444444444446,38,-204.13,2.816015578325826,-204.13,0.0,1,1
13124.0,3,3401.8,2220,163,1133.9333333333334,204,20.86993865030675,0.645320197044335,0.0747296305220886,0.014705882352941176,163,-881.5,3.576273688509058,187.41000000000003,0.0,1,0
13125.0,1,148.62,53,20,148.62,343,7.431,0.0,0.0,0.05,20,0.0,3.8760374163095452,0.0,0.0,1,1
13126.0,15,2676.76,2181,123,178.45066666666668,467,21.76227642276423,2.2748538011695905,0.20551209964358733,0.046511627906976744,123,98.79700000000001,2.0987707759281014,5.6295757575757595,0.3333333333333333,1,0
13128.0,1,263.5,31,1,263.5,450,263.5,0.0,0.0,1.0,1,0.0,0.0,0.0,0.0,1,1
13129.0,2,233.25,296,10,116.625,349,23.325,7.7,0.3037530705716898,0.18181818181818182,10,15.75,2.243234272206093,15.75,0.0,1,1
13131.0,5,2565.37,1204,98,513.074,488,26.177244897959184,4.059322033898305,0.14756210565352496,0.025210084033613446,104,-87.481,2.901145710255204,-87.481,0.0,1,0
13132.0,1,77.3,20,3,77.3,81,25.766666666666666,0.0,0.0,0.3333333333333333,3,0.0,3.14655896708346,0.0,0.0,1,0
13133.0,3,200.45000000000002,55,12,66.81666666666668,278,16.70416666666667,16.818181818181817,0.352544950546263,0.08333333333333333,12,19.14999999999999,3.638772166375339,-16.6,0.0,1,1
13134.0,7,1531.44,624,61,218.77714285714288,235,25.105573770491805,3.2083333333333335,0.15404401918342076,0.0547945205479452,61,168.1400000000001,4.465373488088971,34.05200000000001,0.2857142857142857,1,0
13135.0,2,3371.45,4423,18,1685.725,310,187.30277777777778,17.294117647058822,0.23918130602807805,0.05555555555555555,18,2820.55,4.774587139527477,2820.55,0.0,1,0
13136.0,15,4127.08,2002,162,275.13866666666667,550,25.4758024691358,2.1829787234042555,0.1402114665457022,0.0211864406779661,174,92.43257142857145,2.304000946314968,-21.44690476190476,0.4,1,0
13137.0,10,4831.09,2560,482,483.10900000000004,321,10.023008298755187,0.2785388127853881,0.059818623263998415,0.009122006841505131,501,-463.49899999999997,2.0733881654837374,-15.052285714285706,0.0,1,0
13138.0,4,685.72,316,31,171.43,216,22.12,3.2083333333333335,0.1595927198351949,0.061224489795918366,31,-298.48,2.66780824842044,-52.62499999999999,0.25,1,0
13139.0,3,4308.06,2647,123,1436.0200000000002,257,35.024878048780494,1.734375,0.10097125846520755,0.015503875968992248,124,-1188.76,2.997719144658475,-1188.76,0.0,1,0
13140.0,3,790.71,461,68,263.57,310,11.628088235294118,1.662162162162162,0.14921820959421112,0.04,68,286.11,4.110887903038875,-47.019999999999996,0.0,1,1
13141.0,20,6536.41,4518,259,326.8205,549,25.237104247104245,1.3237597911227155,0.1422869976548876,0.015625,268,-47.81035714285716,2.4445813547295185,-18.761153846153853,0.2,1,0
13143.0,2,399.2,196,23,199.6,404,17.356521739130436,0.08695652173913043,0.061365386514300055,0.08333333333333333,23,0.0,1.9639849685070754,0.0,0.5,1,1
13144.0,2,135.35,29,6,67.675,250,22.558333333333334,19.6,0.4372371467008642,0.16666666666666666,6,86.55000000000001,3.987480407475377,86.55000000000001,0.0,1,1
13145.0,4,805.0,121,2,201.25,419,402.5,75.66666666666667,2.929856975926293,0.75,2,249.49999999999997,145.375,78.3,0.0,1,1
13148.0,27,6243.51,3192,381,231.2411111111111,551,16.38716535433071,0.765625,0.1190601092754033,0.0218408736349454,386,-20.75285714285715,3.5755992903566405,3.882692307692308,0.25925925925925924,1,0
13149.0,1,376.74,276,18,376.74,108,20.93,0.0,0.0,0.05555555555555555,18,0.0,3.7218519618791652,0.0,0.0,1,1
13150.0,4,435.02,170,7,108.755,450,62.145714285714284,19.875,0.38100386836399647,0.3333333333333333,7,81.98000000000002,5.893439384415332,81.98000000000002,0.25,1,1
13151.0,5,2385.66,781,134,477.13199999999995,447,17.803432835820896,2.611111111111111,0.09368157178349537,0.024539877300613498,137,-571.395,4.565595438239457,-571.395,0.4,1,0
13152.0,9,2114.98,969,114,234.99777777777777,514,18.552456140350877,2.0072992700729926,0.1873146308433137,0.028985507246376812,115,-226.17600000000002,4.412412806694841,-33.75738095238095,0.2222222222222222,1,1
13154.0,4,1609.29,973,78,402.3225,555,20.631923076923076,3.536842105263158,0.1377043893362749,0.03125,81,137.38,3.141875292063196,13.284999999999997,0.25,1,1
13155.0,4,967.92,506,68,241.98,311,14.234117647058824,1.8314606741573034,0.16155223587934986,0.044444444444444446,69,-23.10000000000001,2.1048018372360993,7.807999999999993,0.0,1,1
13156.0,3,1586.54,914,94,528.8466666666667,495,16.87808510638298,2.8155339805825244,0.09779644196903818,0.028846153846153848,96,-892.6599999999999,3.5095463962446165,-892.6599999999999,0.0,1,1
13157.0,8,4424.43,3788,128,553.05375,461,34.565859375,2.1210526315789475,0.14901522348996837,0.031413612565445025,131,-118.5065714285714,1.6236498115014015,-118.5065714285714,0.125,1,0
13158.0,2,563.53,343,37,281.765,207,15.23054054054054,1.7692307692307692,0.14683823385557385,0.05,37,-50.710000000000036,1.405897012677817,-50.710000000000036,0.0,1,1
13161.0,2,472.13,105,30,236.065,320,15.737666666666666,5.84375,0.17158611952451827,0.06060606060606061,30,-246.63,2.764213303888457,-246.63,0.0,1,1
13162.0,18,8734.09,5351,172,485.2272222222222,554,50.77959302325581,2.4349775784753365,0.19563601265084182,0.022321428571428572,178,-365.3078571428571,2.2194147971842217,-111.91213286713285,0.16666666666666666,1,0
13163.0,2,0.0,0,2,0.0,475,0.0,15.0,0.5559516790845659,0.5,2,35.3,1.8475208614068026,35.3,0.5,1,1
13164.0,3,308.45,115,7,102.81666666666666,487,44.06428571428571,9.7,0.3062439674914808,0.18181818181818182,7,-243.15,4.786743056704537,-243.15,0.3333333333333333,1,1
13165.0,2,784.32,856,20,392.16,232,39.216,3.210526315789474,0.21411559852305792,0.05,20,0.0,0.5839664734428366,-75.04000000000002,0.0,1,1
13166.0,3,873.43,520,55,291.1433333333333,233,15.880545454545453,1.9264705882352942,0.11408628857568916,0.043478260869565216,64,-44.03000000000003,2.64263082896755,-44.03000000000003,0.3333333333333333,1,1
13167.0,1,333.82,222,16,333.82,209,20.86375,0.0,0.0,0.0625,16,0.0,1.9344567497534462,0.0,0.0,1,1
13168.0,5,1485.15,771,119,297.03000000000003,361,12.480252100840337,2.2,0.10770242757254354,0.02564102564102564,123,-209.37999999999997,2.513505811415572,-167.93099999999998,0.2,1,0
13169.0,2,632.4000000000001,120,11,316.20000000000005,381,57.4909090909091,30.9,0.31302430399863523,0.09090909090909091,11,378.0,4.2595774438317235,378.0,0.0,1,0
13171.0,1,140.35,53,23,140.35,118,6.102173913043478,0.0,0.0,0.043478260869565216,23,0.0,3.1443216904891638,0.0,0.0,1,1
13172.0,1,69.6,48,1,69.6,219,69.6,0.0,0.0,1.0,1,0.0,0.0,0.0,0.0,1,1
13173.0,12,2183.26,1313,146,181.93833333333336,548,14.953835616438358,1.8214285714285714,0.15387020522804587,0.030456852791878174,148,-61.09,3.083121662326905,-5.387857142857147,0.16666666666666666,1,1
13174.0,10,7263.7,3365,562,726.37,554,12.92473309608541,0.4814385150812065,0.07189442747917676,0.009269988412514484,573,6.630857142857154,3.291668629931912,17.231666666666666,0.0,1,1
13175.0,4,793.1,392,40,198.275,555,19.8275,3.6,0.16407547049230997,0.058823529411764705,40,176.3,6.052684058640885,-168.0,0.5,1,1
13177.0,1,229.75,89,13,229.75,250,17.673076923076923,0.0,0.0,0.07692307692307693,13,0.0,1.3400153079875714,0.0,0.0,1,1
13178.0,19,10991.62,6782,180,578.5063157894738,542,61.06455555555556,0.9125,0.1331453202777124,0.026737967914438502,210,-56.90999999999998,1.1617159636234282,0.0748214285714336,0.21052631578947367,1,0
13179.0,1,572.3100000000001,368,34,572.3100000000001,438,16.832647058823532,0.0,0.0,0.029411764705882353,34,0.0,1.3194417606377309,0.0,0.0,1,1
13180.0,1,86.10000000000001,42,4,86.10000000000001,426,21.525000000000002,0.0,0.0,0.25,4,0.0,2.978359447749717,0.0,0.0,1,1
13181.0,1,359.69,171,19,359.69,200,18.931052631578947,0.0,0.0,0.05263157894736842,19,0.0,1.6924014910822858,0.0,0.0,1,1
13183.0,12,4580.18,2709,43,381.6816666666667,455,106.51581395348838,4.077669902912621,0.27416303014516985,0.07692307692307693,43,-4.039999999999983,0.522823156906863,28.447878787878796,0.25,1,0
13184.0,6,896.47,935,75,149.41166666666666,109,11.952933333333334,1.0957446808510638,0.15589513896654802,0.031578947368421054,75,471.43000000000006,2.1631574533475653,-19.430000000000007,0.16666666666666666,1,0
13185.0,1,71.4,12,1,71.4,87,71.4,0.0,0.0,1.0,1,0.0,0.0,0.0,0.0,1,0
13187.0,5,309.65999999999997,261,50,61.931999999999995,443,6.193199999999999,5.296296296296297,0.13267384847765798,0.05454545454545454,50,162.38,2.9640618231714555,162.38,0.2,1,1
13190.0,4,518.76,306,16,129.69,552,32.4225,11.0,0.31385742827293833,0.1111111111111111,16,30.755000000000006,7.857158947865705,30.755000000000006,0.25,1,1
13191.0,1,159.21,111,57,159.21,477,2.7931578947368423,0.0,0.0,0.017543859649122806,57,0.0,1.5290235347844756,0.0,0.0,1,1
13192.0,7,2096.91,1321,113,299.5585714285714,506,18.55672566371681,3.574626865671642,0.1220449792229286,0.022222222222222223,116,-169.19699999999997,3.4940453460200285,-47.6322857142857,0.2857142857142857,1,0
13194.0,1,412.08,300,7,412.08,241,58.86857142857143,0.0,0.0,0.14285714285714285,7,0.0,2.7285003730463893,0.0,0.0,1,1
13195.0,1,136.73,70,43,136.73,233,3.1797674418604647,0.0,0.0,0.043478260869565216,43,0.0,1.9047361895262087,0.0,0.0,1,1
13196.0,5,1773.99,1100,89,354.798,436,19.93247191011236,3.1327433628318584,0.14457004676160148,0.02631578947368421,90,160.68,4.740811245650265,118.73499999999999,0.2,1,0
13197.0,1,373.01000000000005,204,19,373.01000000000005,429,19.632105263157897,0.0,0.0,0.05263157894736842,19,0.0,8.84195044768394,0.0,0.0,1,1
13198.0,8,3604.9900000000002,2472,207,450.62375000000003,253,17.415410628019323,0.7669491525423728,0.10945232709809026,0.016877637130801686,207,-499.38999999999993,3.65174859193939,29.767999999999997,0.375,1,0
13199.0,45,9857.5,8261,40,219.05555555555554,554,246.4375,3.946969696969697,0.4370116914293708,0.12781954887218044,42,153.20142857142855,1.825344906655301,16.770505675954592,0.022222222222222223,1,0
13201.0,4,1233.06,1036,65,308.265,462,18.970153846153845,1.6352941176470588,0.15129421142977786,0.03488372093023256,65,135.39,2.7016677754323988,135.39,0.0,1,1
13202.0,8,1571.35,571,55,196.41875,550,28.569999999999997,5.057971014492754,0.2748134462038164,0.04285714285714286,55,-30.713,6.004662655177598,-20.19107142857143,0.125,1,1
13203.0,8,1926.8,1752,115,240.85,541,16.754782608695653,3.901639344262295,0.1954184111414559,0.016260162601626018,115,32.96571428571429,1.7478039151812663,-3.0823809523809533,0.125,1,0
13204.0,1,966.6600000000001,428,57,966.6600000000001,550,16.958947368421054,0.0,0.0,0.017543859649122806,57,0.0,4.252538604935429,0.0,0.0,1,1
13205.0,1,2803.2,256,1,2803.2,262,2803.2,0.0,0.0,1.0,1,0.0,0.0,0.0,0.0,1,1
13206.0,13,8308.19,7086,393,639.0915384615384,551,21.140432569974557,0.5769911504424778,0.08644481294819363,0.01060070671378092,397,-696.811,1.9427687194781214,-276.19571428571425,0.0,1,1
13207.0,2,285.6,48,4,142.8,431,71.4,40.0,0.49382716049382713,0.4,4,-142.8,0.0,-142.8,0.0,1,1
13208.0,6,1452.61,1024,162,242.10166666666666,555,8.966728395061727,2.688775510204082,0.13311014914302088,0.015228426395939087,164,80.306,2.620331154049783,22.68485714285714,0.0,1,0
13209.0,10,4925.04,3375,170,492.504,503,28.970823529411764,2.383419689119171,0.15037130760396045,0.015463917525773196,172,2.6497142857142664,2.939893636745074,-6.005476190476183,0.2,1,0
13211.0,10,1611.6,1052,77,161.16,552,20.929870129870128,2.466666666666667,0.16296896009268128,0.033112582781456956,87,97.136,1.4441010005464474,15.786285714285714,0.2,1,1
13213.0,11,2867.7200000000003,1920,136,260.7018181818182,387,21.08617647058824,2.5503355704697985,0.14461145097067085,0.02,136,214.97799999999998,2.9565747277559837,-47.62457142857143,0.18181818181818182,1,0
13214.0,7,3264.23,2966,207,466.31857142857143,465,15.769227053140098,0.9912280701754386,0.13442546864889088,0.013100436681222707,208,-438.66900000000004,2.015008915246328,-187.42085714285713,0.0,1,1
13215.0,1,81.6,96,1,81.6,221,81.6,0.0,0.0,1.0,1,0.0,0.0,0.0,0.0,1,1
13216.0,1,333.74,297,5,333.74,87,66.748,0.0,0.0,0.2,5,0.0,0.6723615099037126,0.0,0.0,1,0
13217.0,1,132.5,250,1,132.5,475,132.5,0.0,0.0,1.0,1,0.0,0.0,0.0,0.0,1,1
13219.0,1,76.23,11,11,76.23,437,6.930000000000001,0.0,0.0,0.09090909090909091,11,0.0,0.7769684678286504,0.0,0.0,1,1
13220.0,4,1243.29,332,43,310.8225,395,28.913720930232557,8.104166666666666,0.16187297526442418,0.08163265306122448,43,209.69000000000005,3.099004613071225,-65.71099999999998,0.0,1,0
13221.0,2,844.86,243,61,422.43,178,13.850163934426229,1.859375,0.11712598425196849,0.03076923076923077,61,-151.46000000000004,3.343264109197201,-151.46000000000004,0.0,1,0
13222.0,1,88.5,30,1,88.5,396,88.5,0.0,0.0,1.0,1,0.0,0.0,0.0,0.0,1,1
13223.0,6,969.1200000000001,568,8,161.52,484,121.14000000000001,38.5,0.6205055431693488,0.38461538461538464,9,-34.632000000000005,0.8721466296384708,-29.341714285714286,0.0,1,0
13225.0,14,13157.31,5789,54,939.8078571428571,542,243.65388888888887,4.619469026548672,0.28600331387225164,0.07894736842105263,61,-174.38357142857137,1.9481433105214438,-87.4561818181818,0.07142857142857142,1,0
13226.0,2,312.46,179,28,156.23,212,11.159285714285714,4.444444444444445,0.1844626238161973,0.03571428571428571,28,-96.03999999999999,2.710976780760047,-96.03999999999999,0.0,1,1
13227.0,1,257.7,99,9,257.7,21,28.633333333333333,0.0,0.0,0.1111111111111111,9,0.0,1.5678408720275152,0.0,0.0,1,0
13229.0,1,160.95,63,10,160.95,45,16.095,0.0,0.0,0.1,10,0.0,3.2401817507321677,0.0,0.0,1,0
13230.0,25,5117.51,2753,541,204.7004,450,9.459353049907579,0.41188118811881186,0.09367574036969825,0.012858555885262116,559,79.64142857142859,3.0588519817617867,4.674535714285715,0.0,1,0
13232.0,4,860.85,545,104,215.2125,62,8.277403846153847,0.4765625,0.10752640308932543,0.031007751937984496,104,0.0,3.047469606560002,34.56,0.0,1,0
13233.0,3,875.58,1004,49,291.86,513,17.868979591836734,7.285714285714286,0.175285837182915,0.04,49,6.805000000000006,2.3344686149712346,6.805000000000006,0.0,1,1
13234.0,2,346.5,159,56,173.25,552,6.1875,0.9833333333333333,0.11411726618092191,0.04918032786885246,56,-110.3,2.513905393579649,-110.3,0.0,1,1
13235.0,1,1031.07,441,53,1031.07,31,19.454150943396225,0.0,0.0,0.034482758620689655,53,0.0,2.464513839157711,0.0,0.0,1,0
13237.0,1,643.0,128,24,643.0,207,26.791666666666668,0.0,0.0,0.041666666666666664,24,0.0,1.8997699612840235,0.0,0.0,1,1
13238.0,3,397.05,177,13,132.35,409,30.542307692307695,11.45,0.2929508834306056,0.14285714285714285,14,163.05,3.2614523495785477,-12.924999999999995,0.0,1,1
13239.0,6,1579.84,1148,86,263.3066666666667,321,18.370232558139534,2.5591397849462365,0.12838940873200905,0.05319148936170213,86,-920.72,3.051404650090723,-14.866000000000009,0.16666666666666666,1,0
13240.0,7,1156.8,601,146,165.25714285714284,471,7.923287671232877,2.2329545454545454,0.12341129649401918,0.01694915254237288,146,102.344,1.8859811838087182,36.07800000000001,0.14285714285714285,1,0
13241.0,1,112.53,46,40,112.53,231,2.81325,0.0,0.0,0.025,40,0.0,1.953040873572838,0.0,0.0,1,1
13242.0,6,533.0,270,15,88.83333333333333,487,35.53333333333333,17.384615384615383,0.32605802448968296,0.1111111111111111,15,7.8,0.05146016078626408,-8.450000000000001,0.0,1,0
13243.0,5,1220.38,554,165,244.07600000000002,450,7.396242424242425,2.088235294117647,0.09374140366195371,0.02926829268292683,168,166.75,2.6702470183801092,166.75,0.0,1,0
13245.0,1,558.72,246,29,558.72,251,19.266206896551726,0.0,0.0,0.034482758620689655,29,0.0,2.061828723422259,0.0,0.0,1,1
13246.0,11,2971.72,2512,207,270.1563636363636,344,14.356135265700482,0.9432835820895522,0.11206361465067934,0.017857142857142856,210,-18.588,1.6306345939861804,40.94964285714286,0.18181818181818182,1,0
13248.0,1,387.46999999999997,251,21,387.46999999999997,8,18.45095238095238,0.0,0.0,0.047619047619047616,21,0.0,2.685287694084192,0.0,0.0,1,0
13249.0,7,1189.3600000000001,940,2,169.90857142857143,504,594.6800000000001,32.38461538461539,0.72061295822856,0.5,2,18.664000000000005,0.19493588689617922,35.5,0.0,1,0
13250.0,3,245.59,105,17,81.86333333333333,321,14.446470588235295,2.526315789473684,0.24166490901026624,0.15,18,0.0,1.31234733447963,-20.590000000000003,0.3333333333333333,1,1
13251.0,1,252.68,215,25,252.68,221,10.1072,0.0,0.0,0.04,25,0.0,0.9449544962589469,0.0,0.0,1,1
13252.0,3,341.3,128,19,113.76666666666667,445,17.96315789473684,11.0,0.2158895623111239,0.09090909090909091,19,-236.49999999999997,5.338514799056031,-236.49999999999997,0.3333333333333333,1,1
13253.0,3,2397.19,2067,55,799.0633333333334,523,43.58527272727273,6.7407407407407405,0.1687806656343055,0.01818181818181818,55,-248.95499999999996,2.3300673101937783,-248.95499999999996,0.0,1,1
13254.0,1,51.410000000000004,43,4,51.410000000000004,195,12.852500000000001,0.0,0.0,0.25,4,0.0,2.720727537504138,0.0,0.0,1,1
13255.0,2,504.95,340,19,252.475,331,26.576315789473682,7.666666666666667,0.22867201970840975,0.05263157894736842,19,-53.55000000000001,3.857102130110799,-53.55000000000001,0.0,1,1
13257.0,3,117.95,29,7,39.31666666666667,255,16.85,1.0,0.31866518188383064,0.2222222222222222,7,-181.55,6.701637445016288,-181.55,0.6666666666666666,1,1
13258.0,3,535.4699999999999,241,14,178.48999999999998,220,38.247857142857136,9.7,0.24292986121326873,0.14285714285714285,14,-137.72999999999996,1.9980051956651068,-137.72999999999996,0.0,1,0
13259.0,8,1115.61,376,180,139.45125,518,6.197833333333333,1.3,0.09534769961029038,0.017316017316017316,181,-78.63999999999999,2.7885718307514846,-1.2759999999999936,0.0,1,1
13261.0,2,944.1,210,8,472.05,105,118.0125,2.125,0.3031207469090965,0.2222222222222222,8,0.0,2.2627110091903275,-746.1,0.0,1,0
13262.0,3,573.45,247,48,191.15,420,11.946875,6.877551020408164,0.19219178080149552,0.04,48,-16.060000000000002,2.884103093348299,-16.060000000000002,0.0,1,0
13263.0,19,4673.77,2622,374,245.98789473684212,232,12.496711229946525,0.20502901353965183,0.055596934164181086,0.017391304347826087,374,429.5899999999999,2.2335194012170843,4.599642857142864,0.0,1,0
13264.0,1,722.5600000000001,375,38,722.5600000000001,262,19.014736842105265,0.0,0.0,0.02631578947368421,38,0.0,3.5647813002132303,0.0,0.0,1,1
13265.0,3,1450.66,1126,44,483.55333333333334,93,32.969545454545454,1.4833333333333334,0.1543659203828304,0.03278688524590164,44,835.78,2.6809459121001598,9.170000000000016,0.0,1,0
13266.0,21,4002.3,4652,120,190.5857142857143,542,33.3525,2.447004608294931,0.1943647593196868,0.027522935779816515,120,121.31285714285714,2.834901832402205,10.676428571428575,0.38095238095238093,1,0
13267.0,39,6932.31,2884,126,177.75153846153847,551,55.01833333333334,1.6572327044025157,0.19017021267193412,0.04075235109717868,134,37.550000000000004,2.9662302453879086,-19.274392857142853,0.28205128205128205,1,0
13268.0,8,1771.49,2172,199,221.43625,86,8.901959798994975,0.25882352941176473,0.08307158449996317,0.015625,199,-391.31000000000006,1.4535484930016447,-271.94500000000005,0.375,1,0
13269.0,19,5210.67,4187,185,274.2457894736842,557,28.165783783783784,1.5602409638554218,0.1421688977246544,0.021021021021021023,200,190.458,2.7346400682152354,24.426727272727273,0.05263157894736842,1,0
13270.0,1,590.0,200,1,590.0,185,590.0,0.0,0.0,1.0,1,0.0,0.0,0.0,0.0,1,1
13274.0,1,360.85,199,19,360.85,228,18.992105263157896,0.0,0.0,0.05263157894736842,19,0.0,3.5630658984210815,0.0,0.0,1,1
13275.0,2,238.86,138,48,119.43,451,4.97625,5.276595744680851,0.14194120176849678,0.020833333333333332,48,-115.86000000000001,2.2850137343038983,-115.86000000000001,0.0,1,1
13276.0,5,1280.28,677,185,256.056,461,6.920432432432432,1.161904761904762,0.08932731032932441,0.014218009478672985,183,156.38500000000002,3.3790573234847727,156.38500000000002,0.4,1,1
13277.0,3,264.9,206,7,88.3,359,37.84285714285714,11.357142857142858,0.37654264875681515,0.2,8,52.24999999999999,0.4015446366695678,52.24999999999999,0.0,1,1
13278.0,3,882.62,796,47,294.20666666666665,430,18.779148936170213,3.5,0.17026224943151602,0.04918032786885246,48,-14.340000000000003,1.3885496423569512,-14.340000000000003,0.0,1,1
13280.0,7,2152.33,1417,157,307.4757142857143,464,13.709108280254776,1.6464646464646464,0.1010496792852072,0.02512562814070352,165,114.98,3.16726561221215,-6.810999999999984,0.14285714285714285,1,1
13281.0,3,306.45,175,24,102.14999999999999,411,12.768749999999999,6.16,0.19626609069962847,0.07692307692307693,24,383.35,1.6791456160797968,383.35,0.6666666666666666,1,1
13282.0,3,523.2,186,27,174.4,225,19.37777777777778,6.892857142857143,0.1917964386514166,0.10344827586206896,27,161.10000000000002,2.3469309694512654,161.10000000000002,0.3333333333333333,1,0
13283.0,3,305.2,144,14,101.73333333333333,459,21.8,32.357142857142854,0.31364769046244717,0.13333333333333333,15,-51.150000000000006,2.5504061301234806,-51.150000000000006,0.0,1,0
13284.0,2,196.15,79,13,98.075,150,15.088461538461539,0.6153846153846154,0.1911844368472026,0.14285714285714285,13,0.0,3.860945693525312,0.0,0.5,1,1
13285.0,4,1828.74,1320,112,457.185,443,16.328035714285715,3.168,0.10810546120939792,0.015873015873015872,116,84.996,3.417942301239618,84.996,0.0,1,0
13286.0,1,734.91,274,46,734.91,419,15.976304347826087,0.0,0.0,0.04081632653061224,46,0.0,3.7744796798686693,0.0,0.0,1,1
13287.0,7,519.67,237,46,74.23857142857142,524,11.297173913043478,1.6164383561643836,0.2035949721044715,0.06756756756756757,46,-375.37,2.472740854663227,-88.849,0.5714285714285714,1,1
13288.0,6,892.16,376,7,148.69333333333333,485,127.45142857142856,20.0,0.48170564704871116,0.25,7,-205.12,5.052072182118278,-236.82,0.16666666666666666,1,1
13289.0,1,307.95,119,16,307.95,543,19.246875,0.0,0.0,0.0625,16,0.0,4.147176499338636,0.0,0.0,1,1
13291.0,10,2909.68,1367,134,290.96799999999996,485,21.714029850746268,0.8945454545454545,0.13775294148975425,0.025362318840579712,138,23.21999999999997,3.195682181435301,-8.097619047619052,0.0,1,1
13292.0,5,658.42,300,41,131.684,345,16.059024390243902,5.714285714285714,0.2386994746106331,0.046511627906976744,41,-47.390000000000015,4.452011279150003,4.795999999999992,0.2,1,1
13293.0,7,1180.34,549,52,168.61999999999998,558,22.69884615384615,4.777777777777778,0.23114586430354978,0.0410958904109589,55,57.570000000000014,2.9368176949746103,29.180571428571433,0.14285714285714285,1,1
13294.0,3,1689.53,996,93,563.1766666666666,465,18.16698924731183,4.5049504950495045,0.1104687853550409,0.0196078431372549,94,57.950000000000045,5.534826821157622,-212.84999999999997,0.0,1,0
13295.0,9,1061.27,699,56,117.91888888888889,396,18.951249999999998,2.8783783783783785,0.18671963574639408,0.04,56,512.97,1.8545670143758113,15.210000000000006,0.5555555555555556,1,1
13296.0,5,705.11,575,46,141.022,396,15.328478260869565,3.234042553191489,0.2578103872717617,0.041666666666666664,46,-86.05499999999999,1.9994429077844063,-2.4840000000000004,0.0,1,1
13297.0,4,2262.82,1730,58,565.705,362,39.01413793103448,2.421875,0.14999199477259725,0.03076923076923077,58,981.58,3.2877364787717025,-167.31,0.25,1,1
13299.0,5,1173.3,408,56,234.66,348,20.951785714285712,3.9692307692307693,0.17599596405749124,0.030303030303030304,56,11.298000000000002,3.729802537628094,11.298000000000002,0.4,1,0
13300.0,3,901.9200000000001,246,29,300.64000000000004,393,31.100689655172417,5.285714285714286,0.1861402604869705,0.05555555555555555,30,295.35999999999996,3.760847253411399,141.82999999999998,0.3333333333333333,1,1
13301.0,2,327.77,189,40,163.885,111,8.19425,1.725,0.14483799978883344,0.04878048780487805,40,-20.049999999999983,1.9281052559569412,-20.049999999999983,0.0,1,0
13302.0,1,95.45,7,2,95.45,346,47.725,0.0,0.0,0.5,2,0.0,4.384062043356594,0.0,0.0,1,1
13303.0,1,61.72,26,4,61.72,219,15.43,0.0,0.0,0.25,4,0.0,4.005442131234287,0.0,0.0,1,1
13304.0,7,1120.79,688,59,160.11285714285714,489,18.996440677966103,3.6744186046511627,0.1998425474690624,0.04597701149425287,61,14.422999999999998,4.881292745980247,9.495999999999999,0.42857142857142855,1,1
13305.0,10,2255.8,1483,123,225.58,458,18.339837398373984,2.7202797202797204,0.17694048262687861,0.027777777777777776,123,-98.363,3.459283411356385,-38.236999999999995,0.0,1,0
13306.0,1,53.65,74,4,53.65,249,13.4125,0.0,0.0,0.25,4,0.0,0.805910458218943,0.0,0.0,1,1
13307.0,2,258.34,136,14,129.17,411,18.45285714285714,8.0,0.26805689726798476,0.07142857142857142,14,-197.14000000000001,3.069203014278649,-197.14000000000001,0.0,1,1
13308.0,3,1081.91,746,42,360.6366666666667,416,25.759761904761906,9.022222222222222,0.1514482064973798,0.043478260869565216,42,512.19,2.789229526707511,-151.38,0.3333333333333333,1,0
13309.0,3,796.22,986,59,265.4066666666667,212,13.495254237288137,2.6956521739130435,0.1605307073776364,0.04285714285714286,60,-46.825,1.4265138339415084,-46.825,0.0,1,0
13310.0,6,1195.02,616,65,199.17,221,18.384923076923076,2.5641025641025643,0.16797048940312198,0.02531645569620253,65,-6.125,2.8781852907687173,-6.125,0.3333333333333333,1,0
13312.0,1,124.75,41,5,124.75,270,24.95,0.0,0.0,0.2,5,0.0,2.5694357357209774,0.0,0.0,1,1
13313.0,12,2477.69,1779,90,206.47416666666666,556,27.52988888888889,3.6153846153846154,0.1914184875103639,0.034722222222222224,100,-47.324857142857134,1.6528510941734855,-8.146547619047618,0.25,1,0
13315.0,1,310.26,232,22,310.26,508,14.102727272727272,0.0,0.0,0.045454545454545456,22,0.0,1.4909812568322607,0.0,0.0,1,1
13316.0,8,8707.97,16423,71,1088.49625,459,122.64746478873238,3.8979591836734695,0.17364513193168007,0.04040404040404041,72,-125.46100000000006,2.3108491578071715,-51.647714285714294,0.125,1,0
13317.0,29,5121.33,2517,180,176.59758620689655,546,28.451833333333333,1.6490683229813665,0.15909303177885656,0.02476780185758514,193,171.94314285714287,3.481758264037817,-0.7760659340659343,0.3793103448275862,1,0
13319.0,60,15229.32,6324,269,253.822,552,56.614572490706315,0.7369165487977369,0.14907901536940812,0.02401129943502825,286,58.32214285714288,2.958188420714528,-18.698431372549017,0.25,1,0
13320.0,6,1135.86,824,62,189.30999999999997,298,18.32032258064516,3.2048192771084336,0.128601840576232,0.047619047619047616,64,80.005,0.9133979796293891,80.005,0.3333333333333333,1,0
13324.0,19,7114.71,5700,30,374.4584210526316,383,237.157,3.495049504950495,0.25729507764998627,0.09803921568627451,30,132.769,3.4628080812837894,71.10116666666667,0.21052631578947367,1,0
13326.0,1,281.76,140,13,281.76,251,21.673846153846153,0.0,0.0,0.07692307692307693,13,0.0,3.0461905592193217,0.0,0.0,1,1
13327.0,17,7169.2,3451,157,421.7176470588235,540,45.66369426751592,1.896057347670251,0.18979553841952485,0.039285714285714285,164,-45.82714285714284,2.0992066745116804,-8.181892857142856,0.058823529411764705,1,0
13328.0,1,1308.48,680,17,1308.48,135,76.96941176470588,0.0,0.0,0.058823529411764705,17,0.0,0.7349279676587761,0.0,0.0,1,1
13329.0,13,4188.02,2978,60,322.15538461538466,554,69.80033333333334,3.280701754385965,0.13795816895383642,0.0782608695652174,65,1443.1100000000001,3.469945950159046,52.20057142857144,0.46153846153846156,1,1
13330.0,5,2383.39,1600,66,476.678,474,36.111969696969695,5.2,0.2032171877950806,0.054945054945054944,68,-72.694,4.423944438575647,-72.694,0.0,1,0
13331.0,1,262.4,54,12,262.4,221,21.866666666666664,0.0,0.0,0.08333333333333333,12,0.0,21.87425280109153,0.0,0.0,1,1
13333.0,3,1015.74,685,54,338.58,478,18.81,4.555555555555555,0.15811416667400763,0.03636363636363636,54,-5.159999999999997,2.2078474670389796,-5.159999999999997,0.0,1,1
13334.0,5,5401.32,2776,280,1080.264,472,19.29042857142857,1.0900473933649288,0.07422598477212317,0.009456264775413711,307,-18.047999999999956,2.3853516852018677,-18.047999999999956,0.2,1,0
13337.0,2,1550.06,956,87,775.03,365,17.816781609195402,0.3068181818181818,0.07911335586836193,0.02247191011235955,87,-1600.46,3.672630805388205,-1600.46,0.5,1,1
13338.0,6,1791.8,879,100,298.6333333333333,523,17.918,1.411764705882353,0.10631694198183947,0.03333333333333333,100,402.0000000000001,5.679766266840421,-174.825,0.5,1,1
13339.0,1,860.12,326,54,860.12,20,15.928148148148148,0.0,0.0,0.018518518518518517,54,0.0,4.234420352689425,0.0,0.0,1,0
13340.0,6,15042.11,5471,116,2507.0183333333334,474,129.67336206896553,2.877862595419847,0.15313968562859226,0.022727272727272728,122,-1251.7069999999999,27.23085994819829,-478.30199999999996,0.0,1,1
13341.0,1,775.85,301,42,775.85,80,18.472619047619048,0.0,0.0,0.023809523809523808,42,0.0,3.539736476145857,0.0,0.0,1,0
13344.0,1,1656.15,599,68,1656.15,97,24.35514705882353,0.0,0.0,0.014705882352941176,68,0.0,17.831010926430178,0.0,0.0,1,1
13345.0,2,327.6,138,19,163.8,107,17.242105263157896,0.5,0.15450849718747373,0.09523809523809523,19,0.0,2.838393240986208,-351.4,0.5,1,1
13346.0,6,299.4,180,4,49.9,416,74.85,26.4,1.5311518881740918,0.5,4,-103.20000000000002,0.752606581599355,-0.059999999999999436,0.0,1,1
13357.0,5,3795.0099999999998,2087,283,759.002,446,13.409929328621907,0.9387755102040817,0.0680266737883163,0.01272264631043257,291,-259.50100000000003,3.047445952023298,-259.50100000000003,0.0,1,0
13358.0,1,389.03,284,28,389.03,88,13.893928571428571,0.0,0.0,0.03571428571428571,28,0.0,2.7602958539001214,0.0,0.0,1,0
13359.0,2,520.7,214,32,260.35,222,16.271875,0.2857142857142857,0.10620130914723586,0.05555555555555555,33,0.0,2.5991432501731477,0.0,0.5,1,1
13360.0,6,1464.1,932,57,244.01666666666665,520,25.6859649122807,3.857142857142857,0.14134726788588162,0.04225352112676056,57,-113.92999999999998,3.26109822757601,-113.92999999999998,0.3333333333333333,1,1
13361.0,2,1450.5,324,29,725.25,437,50.01724137931034,4.393939393939394,0.16744391751469825,0.058823529411764705,30,-184.0,1.8526826914180996,-184.0,0.0,1,1
13362.0,7,3853.61,1817,161,550.5157142857144,244,23.935465838509316,0.7797356828193832,0.09998802537662564,0.017543859649122806,161,-751.625,2.44674223124918,-228.00099999999998,0.2857142857142857,1,0
13363.0,1,731.36,436,42,731.36,229,17.413333333333334,0.0,0.0,0.023809523809523808,42,0.0,2.829546447939192,0.0,0.0,1,1
13365.0,2,673.7,402,41,336.85,212,16.431707317073172,4.375,0.15259891015637833,0.024390243902439025,41,727.5,4.773671747326109,727.5,0.5,1,0
13367.0,1,460.20000000000005,252,19,460.20000000000005,251,24.22105263157895,0.0,0.0,0.05263157894736842,19,0.0,1.432297667451544,0.0,0.0,1,1
13368.0,5,986.1,592,44,197.22,243,22.411363636363635,3.3,0.19958438611732976,0.0784313725490196,44,160.7,2.8587193485414915,62.65,0.2,1,0
13369.0,2,213.75,126,13,106.875,185,16.442307692307693,0.6470588235294118,0.17641164066727202,0.1111111111111111,13,0.0,2.418114373676937,0.0,0.5,1,1
13370.0,2,721.32,336,39,360.66,191,18.495384615384616,0.11627906976744186,0.0659742078713824,0.045454545454545456,39,0.0,3.0037453980806177,0.0,0.5,1,1
13371.0,4,2271.46,1016,75,567.865,451,30.286133333333336,1.4148936170212767,0.11028958292242012,0.031578947368421054,78,-71.15999999999985,5.06183840298336,-71.15999999999985,0.5,1,1
13373.0,4,5262.64,3070,222,1315.66,553,23.705585585585588,1.8313253012048192,0.100826001917578,0.016,223,143.15,3.7250459384245853,143.15,0.0,1,1
13374.0,2,372.8,134,16,186.4,269,23.3,2.2666666666666666,0.23179484360010363,0.0625,16,-126.40000000000002,2.090172939415939,-126.40000000000002,0.0,1,1
13375.0,1,1013.58,682,34,1013.58,264,29.811176470588236,0.0,0.0,0.029411764705882353,34,0.0,2.7203976326738335,0.0,0.0,1,1
13376.0,2,670.0,354,33,335.0,53,20.303030303030305,0.8333333333333334,0.13888888888888892,0.05405405405405406,33,0.0,2.520205703268443,18.0,0.0,1,0
13377.0,3,1445.43,743,70,481.81,465,20.649,3.2337662337662336,0.11270672946402797,0.038461538461538464,72,-70.31000000000006,5.822875943130186,-70.31000000000006,0.3333333333333333,1,1
13380.0,1,62.4,48,3,62.4,252,20.8,0.0,0.0,0.3333333333333333,3,0.0,0.11547005383792519,0.0,0.0,1,1
13381.0,10,5629.56,3678,126,562.956,557,44.67904761904762,2.2100840336134455,0.15921194374954975,0.029288702928870293,135,12.104285714285709,3.067414932707393,12.38666666666667,0.2,1,0
13382.0,5,1387.58,863,74,277.51599999999996,551,18.75108108108108,5.2823529411764705,0.1836792437512766,0.046511627906976744,74,1.2180000000000006,2.1701707523582665,1.2180000000000006,0.0,1,1
13383.0,1,305.28000000000003,288,1,305.28000000000003,363,305.28000000000003,0.0,0.0,1.0,1,0.0,0.0,0.0,0.0,1,1
13384.0,6,2512.81,1715,81,418.8016666666667,320,31.022345679012346,0.9391304347826087,0.1283800297791032,0.034482758620689655,81,-1336.5900000000001,4.740588457200196,-21.651,0.3333333333333333,1,1
13385.0,1,534.57,281,35,534.57,149,15.273428571428573,0.0,0.0,0.02857142857142857,35,0.0,5.180573311124239,0.0,0.0,1,1
13386.0,2,835.46,514,24,417.73,256,34.810833333333335,0.7333333333333333,0.14618040956864933,0.06451612903225806,25,208.06,1.8988046607760756,208.06,0.0,1,1
13387.0,1,181.84,117,70,181.84,236,2.597714285714286,0.0,0.0,0.014285714285714285,70,0.0,1.5329961191892416,0.0,0.0,1,1
13388.0,1,508.55,419,34,508.55,423,14.95735294117647,0.0,0.0,0.029411764705882353,34,0.0,3.609131714007575,0.0,0.0,1,1
13389.0,1,257.89,115,18,257.89,52,14.327222222222222,0.0,0.0,0.05555555555555555,18,0.0,3.4555011081602522,0.0,0.0,1,0
13391.0,1,59.8,4,1,59.8,23,59.8,0.0,0.0,1.0,1,0.0,0.0,0.0,0.0,1,0
13392.0,1,91.14,82,8,91.14,496,11.3925,0.0,0.0,0.125,8,0.0,1.2165987423961937,0.0,0.0,1,1
13393.0,6,1105.85,658,54,184.3083333333333,551,20.4787037037037,2.013888888888889,0.17059742811744322,0.0410958904109589,54,-76.68499999999999,3.0841290100092302,-97.763,0.3333333333333333,1,1
13394.0,17,4946.41,3661,199,290.96529411764703,558,24.856331658291456,1.6369426751592357,0.16714060355071567,0.022222222222222223,215,-60.22499999999999,2.496786332810567,-16.838021978021978,0.17647058823529413,1,0
13395.0,3,1180.23,1660,77,393.41,240,15.327662337662337,2.95,0.11742450346688643,0.024691358024691357,77,-564.79,2.4267040404631133,-102.57999999999998,0.0,1,0
13396.0,2,370.92,136,15,185.46,138,24.728,0.4,0.15691238242370478,0.125,15,0.0,2.4779477395619143,0.0,0.5,1,1
13397.0,10,2544.36,1199,61,254.436,508,41.71081967213115,6.341772151898734,0.2587894397177202,0.0375,67,-57.96100000000003,3.880595900263159,11.151166666666665,0.2,1,0
13398.0,2,670.34,341,37,335.17,268,18.1172972972973,6.7368421052631575,0.1584070209048468,0.05128205128205128,38,244.33999999999997,3.0686013597391972,244.33999999999997,0.0,1,0
13399.0,3,275.4,120,10,91.8,338,27.54,3.857142857142857,0.31518549070599294,0.13333333333333333,10,0.0,3.738181376016953,-80.4,0.0,1,1
13400.0,2,300.93,282,23,150.465,402,13.083913043478262,0.34782608695652173,0.1303639634061655,0.08333333333333333,23,0.0,1.6377312315995327,0.0,0.5,1,1
13402.0,3,913.9000000000001,628,43,304.6333333333334,384,21.253488372093024,3.4107142857142856,0.16834941446066132,0.05263157894736842,44,8.840000000000003,2.6127867448253097,8.840000000000003,0.0,1,1
13403.0,2,154.5,70,6,77.25,542,25.75,67.0,0.4442483136248689,0.16666666666666666,6,-2.6999999999999886,4.392313361620123,-2.6999999999999886,0.0,1,1
13404.0,1,217.81,99,9,217.81,32,24.20111111111111,0.0,0.0,0.1111111111111111,9,0.0,2.30013043108429,0.0,0.0,1,0
13405.0,8,1181.56,846,32,147.695,543,36.92375,12.0,0.30621516662551507,0.09090909090909091,32,28.448000000000015,3.343152732119016,28.448000000000015,0.375,1,0
13406.0,3,557.22,286,7,185.74,451,79.60285714285715,22.555555555555557,0.3357486252870622,0.3,8,300.29999999999995,1.0215369683852746,300.29999999999995,0.3333333333333333,1,1
13407.0,6,2111.89,1623,86,351.9816666666666,481,24.556860465116277,0.9010989010989011,0.12409971072517943,0.03260869565217391,86,-656.15,2.7507261083699395,-682.935,0.5,1,1
13408.0,83,33281.94,19182,234,400.9872289156627,555,142.23051282051284,0.9210053859964094,0.21900757093566156,0.025089605734767026,249,85.64500000000004,2.6210001481999248,-43.319877192982446,0.1566265060240964,1,0
13410.0,9,1722.79,1017,21,191.42111111111112,550,82.03761904761905,14.210526315789474,0.3080943172582691,0.10256410256410256,21,-10.020285714285714,1.9831961417298594,-26.70714285714286,0.2222222222222222,1,0
13412.0,1,487.34999999999997,176,33,487.34999999999997,439,14.768181818181818,0.0,0.0,0.058823529411764705,33,0.0,4.216705857511292,0.0,0.0,1,1
13413.0,7,353.12,383,38,50.44571428571429,506,9.292631578947368,1.069767441860465,0.1578961571809455,0.06818181818181818,38,0.0,1.5208281932008862,71.44999999999999,0.14285714285714285,1,1
13414.0,5,1481.74,1726,29,296.348,550,51.09448275862069,13.090909090909092,0.33049741745368577,0.058823529411764705,29,72.68999999999998,1.8416046682202716,89.63600000000001,0.2,1,1
13415.0,5,665.42,404,85,133.084,547,7.828470588235294,2.2767857142857144,0.12362351118102959,0.035398230088495575,85,-207.95999999999998,1.6643131634226314,-207.95999999999998,0.2,1,1
13416.0,1,228.3,66,7,228.3,555,32.614285714285714,0.0,0.0,0.14285714285714285,7,0.0,0.5033222956847164,0.0,0.0,1,1
13417.0,6,1189.06,418,42,198.17666666666665,489,28.31095238095238,7.349206349206349,0.1641588187888492,0.0625,44,-239.19999999999996,2.3388687529767025,-53.224000000000004,0.16666666666666666,1,0
13418.0,25,8489.43,5121,250,339.5772,547,33.95772,1.2997481108312343,0.13643150135724227,0.020100502512562814,258,331.36028571428574,6.776335747879795,41.64427272727272,0.12,1,0
13421.0,10,3025.28,1690,158,302.528,482,19.1473417721519,1.631578947368421,0.11756481557035847,0.017467248908296942,166,38.90100000000001,2.290242540441371,38.90100000000001,0.3,1,1
13423.0,1,217.03,141,12,217.03,248,18.085833333333333,0.0,0.0,0.08333333333333333,12,0.0,2.446020268009885,0.0,0.0,1,1
13424.0,2,557.92,526,40,278.96,269,13.947999999999999,0.125,0.06981019498596838,0.04878048780487805,40,0.0,1.6414356818227682,0.0,0.5,1,1
13425.0,6,2140.09,1511,96,356.6816666666667,398,22.292604166666667,2.203125,0.10884766855851867,0.023255813953488372,102,-205.94500000000002,2.4429662619399273,-205.94500000000002,0.5,1,1
13426.0,17,6084.74,3822,127,357.9258823529412,549,47.91133858267716,2.014925373134328,0.18587381299251704,0.03345724907063197,136,-13.98071428571427,2.3903999482421714,-23.165274725274728,0.0,1,0
13427.0,4,638.4300000000001,465,23,159.60750000000002,541,27.757826086956523,16.322580645161292,0.2815902671084653,0.125,23,38.017,1.753252162457326,38.017,0.0,1,0
13428.0,2,276.76,205,66,138.38,333,4.193333333333333,0.0,0.0,0.029850746268656716,66,0.0,1.2453574029403547,0.0,0.0,1,1
13431.0,7,2020.14,894,74,288.5914285714286,479,27.29918918918919,3.0120481927710845,0.20736293303987297,0.03571428571428571,76,101.334,3.267462523944464,98.812,0.14285714285714285,1,1
13432.0,2,436.55,214,97,218.275,431,4.500515463917526,0.3669724770642202,0.07595721370582444,0.01818181818181818,97,0.0,1.8406835519126856,181.05,0.0,1,1
13433.0,5,656.87,189,22,131.374,516,29.857727272727274,10.75,0.3561905748623395,0.08,24,75.465,3.060640891490974,-35.79099999999999,0.2,1,1
13434.0,3,1132.6200000000001,564,14,377.54,475,80.90142857142858,11.25,0.2615004558863178,0.12,14,38.670000000000016,0.3253039604226586,38.670000000000016,0.0,1,1
13435.0,3,1081.16,1035,56,360.3866666666667,319,19.306428571428572,4.5588235294117645,0.16307004559174307,0.057971014492753624,56,59.934999999999995,2.718025515419657,59.934999999999995,0.0,1,0
13437.0,1,1440.9,398,80,1440.9,9,18.01125,0.0,0.0,0.0125,80,0.0,5.942955573564982,0.0,0.0,1,0
13438.0,1,46.5,10,1,46.5,366,46.5,0.0,0.0,1.0,1,0.0,0.0,0.0,0.0,1,1
13439.0,3,986.61,952,132,328.87,345,7.474318181818182,1.6265060240963856,0.10309417802277514,0.017964071856287425,133,-0.285000000000025,1.937745548229138,-0.285000000000025,0.0,1,0
13440.0,10,1213.95,551,49,121.39500000000001,271,24.774489795918367,0.391304347826087,0.11056273008086082,0.14285714285714285,49,-1204.05,2.36319431503218,-1204.05,0.3,1,1
13441.0,1,424.26,316,25,424.26,251,16.970399999999998,0.0,0.0,0.04,25,0.0,2.910461704495239,0.0,0.0,1,1
13442.0,3,419.87,115,33,139.95666666666668,557,12.723333333333333,1.8918918918918919,0.2096622874140359,0.05263157894736842,33,23.870000000000005,9.782203366455981,-47.115,0.0,1,1
13443.0,7,1236.92,791,175,176.70285714285714,496,7.0681142857142865,1.1464646464646464,0.10924410126053494,0.01507537688442211,176,-16.764999999999986,5.064760775256129,-28.04199999999999,0.14285714285714285,1,1
13444.0,2,619.08,331,51,309.54,325,12.138823529411766,2.3392857142857144,0.1264095344185652,0.03508771929824561,51,348.5,1.6911368542046274,348.5,0.0,1,1
13445.0,1,241.89999999999998,198,7,241.89999999999998,445,34.55714285714286,0.0,0.0,0.14285714285714285,7,0.0,1.9821200770891758,0.0,0.0,1,1
13446.0,18,3613.27,2338,114,200.73722222222221,483,31.695350877192983,1.1132075471698113,0.1831195842434675,0.03286384976525822,117,-356.639,2.6030477990077054,-44.297738095238095,0.3888888888888889,1,1
13448.0,13,6230.84,3249,270,479.29538461538465,553,23.077185185185186,1.2554744525547445,0.10151756929967669,0.01699029126213592,273,28.17085714285717,2.6626523286318635,-44.397142857142846,0.23076923076923078,1,0
13450.0,10,2752.36,2912,47,275.236,422,58.56085106382979,4.061855670103093,0.20323872466050663,0.061224489795918366,47,-100.09200000000001,1.0216800775870862,49.34499999999999,0.1,1,0
13451.0,11,5709.19,4184,490,519.0172727272727,447,11.651408163265305,0.4946107784431138,0.08017765139572705,0.01076555023923445,519,-126.84714285714287,1.865181716386666,-60.7995,0.18181818181818182,1,0
13452.0,3,729.8,6,2,243.26666666666665,292,364.9,106.5,0.7827578930072729,0.6666666666666666,2,450.2,150.13993750276217,450.2,0.0,1,0
13453.0,4,587.01,281,28,146.7525,221,20.964642857142856,3.5,0.18204346596637722,0.06060606060606061,28,-217.01,3.470616348850603,-217.01,0.5,1,1
13454.0,1,219.87,198,23,219.87,460,9.559565217391304,0.0,0.0,0.043478260869565216,23,0.0,1.184059307082102,0.0,0.0,1,1
13455.0,10,1715.48,603,70,171.548,550,24.506857142857143,4.495726495726496,0.23160906338084097,0.0423728813559322,75,-41.70857142857143,3.2731332946485936,-23.095333333333333,0.5,1,0
13456.0,2,178.76,91,13,89.38,26,13.75076923076923,1.7142857142857142,0.23121436893515382,0.13333333333333333,13,0.0,3.562094488198922,-236.56,0.5,1,0
13457.0,4,143.27,93,9,35.8175,557,15.91888888888889,4.7,0.3470247804702241,0.18181818181818182,9,-78.42999999999999,0.4663104701220578,-78.42999999999999,0.5,1,1
13458.0,15,8504.83,4930,232,566.9886666666666,207,36.65875,0.5769230769230769,0.13329976930477982,0.017699115044247787,232,-710.4749999999999,2.25143315482222,-219.32892857142855,0.4,1,0
13459.0,2,1160.4099999999999,986,57,580.2049999999999,501,20.358070175438595,0.7916666666666666,0.10258052313897242,0.0273972602739726,57,0.0,2.1718631572501055,-101.16999999999996,0.0,1,1
13461.0,5,2693.5,1958,25,538.7,416,107.74,5.131578947368421,0.23572633245710636,0.07692307692307693,27,47.549999999999955,2.4963624008078917,-254.07000000000002,0.4,1,1
13462.0,6,1145.6,696,64,190.9333333333333,545,17.9,7.619718309859155,0.21802220959613303,0.041666666666666664,65,3.554000000000002,2.121699051750079,-21.028571428571425,0.16666666666666666,1,0
13464.0,6,2409.21,1026,95,401.535,449,25.360105263157894,2.1363636363636362,0.1343056472635039,0.036036036036036036,95,711.605,3.4385962961831513,267.949,0.16666666666666666,1,1
13465.0,2,931.12,584,34,465.56,405,27.385882352941177,4.212121212121212,0.16716893357113427,0.029411764705882353,34,-291.88,2.557125743434645,-291.88,0.0,1,1
13466.0,6,962.2,649,49,160.36666666666667,447,19.636734693877553,7.771929824561403,0.2195945486455709,0.034482758620689655,53,-0.41200000000000614,2.9269144747340574,-22.64100000000001,0.16666666666666666,1,0
13468.0,67,10443.88,4459,254,155.87880597014924,555,41.117637795275584,0.853781512605042,0.20929722736092513,0.028523489932885907,261,72.86357142857145,3.7536875377964365,2.45327141382869,0.16417910447761194,1,0
13469.0,1,82.4,52,6,82.4,472,13.733333333333334,0.0,0.0,0.16666666666666666,6,0.0,3.560758346195372,0.0,0.0,1,1
13472.0,2,592.24,310,24,296.12,375,24.676666666666666,3.3703703703703702,0.18205466356349614,0.07142857142857142,24,67.88,1.9463071463508808,67.88,0.0,1,1
13473.0,9,2229.6,888,56,247.73333333333332,543,39.81428571428571,6.290322580645161,0.18893013254363336,0.06349206349206349,56,-102.04400000000001,3.5012771205167947,-100.546,0.2222222222222222,1,1
13474.0,3,646.59,318,116,215.53,314,5.574051724137932,2.064,0.10303233558728318,0.023809523809523808,116,-192.91,2.993797647730313,-61.88000000000001,0.0,1,0
13475.0,4,1431.78,1012,64,357.945,118,22.3715625,1.2470588235294118,0.16186137954067228,0.03488372093023256,64,-381.26,3.762947894088512,-70.89,0.0,1,0
13476.0,6,1404.9,457,61,234.15,464,23.031147540983607,5.7974683544303796,0.2158739516201527,0.05,64,-32.830000000000005,23.262024512379764,-32.830000000000005,0.3333333333333333,1,0
13477.0,9,1867.57,1334,84,207.50777777777776,503,22.23297619047619,4.433962264150943,0.20229365753550693,0.028037383177570093,84,-56.37700000000001,2.6398361128816825,-37.17964285714286,0.2222222222222222,1,0
13478.0,7,2068.03,1168,114,295.4328571428572,496,18.140614035087722,1.5692307692307692,0.15353375992324814,0.022900763358778626,114,-627.995,4.633101419244994,-23.79057142857143,0.2857142857142857,1,1
13479.0,7,808.5,708,45,115.5,296,17.966666666666665,4.807017543859649,0.1621956048127829,0.05172413793103448,45,-226.5,2.9841420409404384,-69.60799999999999,0.42857142857142855,1,0
13480.0,2,627.82,362,40,313.91,499,15.695500000000001,6.55,0.15438705301775274,0.04878048780487805,40,-360.06,3.0219434870666246,-360.06,0.0,1,1
13481.0,10,2992.52,1546,128,299.252,555,23.3790625,3.0568181818181817,0.17073055849285565,0.02824858757062147,132,17.37392857142857,2.5181885362515812,-20.435,0.2,1,0
13482.0,2,336.09,187,20,168.045,447,16.804499999999997,20.789473684210527,0.2269117205566094,0.05,20,33.19,1.8896669157900765,33.19,0.0,1,0
13484.0,4,767.32,212,38,191.83,459,20.19263157894737,10.179487179487179,0.2767895430091843,0.05,38,77.86,3.070519614841795,77.86,0.25,1,0
13485.0,15,2953.92,1787,131,196.928,555,22.549007633587788,3.1125,0.1747790405675602,0.018633540372670808,134,37.37299999999999,4.1489964138615525,12.830952380952377,0.26666666666666666,1,0
13487.0,4,680.27,310,26,170.0675,554,26.16423076923077,13.710526315789474,0.2754825727155464,0.10256410256410256,29,36.073,2.9909291566289244,36.073,0.0,1,0
13488.0,20,10743.73,5376,306,537.1865,503,35.11022875816993,0.9467455621301775,0.11529765656143037,0.01968503937007874,317,225.4505714285714,3.8380208393662874,35.785419580419585,0.2,1,0
13489.0,2,235.68,352,6,117.84,114,39.28,0.8333333333333334,0.2740109085050829,0.2857142857142857,6,0.0,1.1052429166305047,0.0,0.0,1,1
13490.0,1,154.25,25,8,154.25,473,19.28125,0.0,0.0,0.125,8,0.0,4.201142489167168,0.0,0.0,1,1
13491.0,25,4283.47,2204,133,171.33880000000002,552,32.20654135338346,1.9268292682926829,0.2545632987837916,0.048582995951417005,145,-96.68571428571428,2.708414534740151,-18.58919117647059,0.0,1,0
13492.0,1,315.3,114,15,315.3,34,21.02,0.0,0.0,0.06666666666666667,15,0.0,2.6896273418626673,0.0,0.0,0,0
13493.0,2,498.63,377,5,249.315,106,99.726,2.2,0.3716624573749562,0.3333333333333333,5,0.0,4.596870312143542,219.92999999999998,0.0,0,1
13494.0,1,316.26000000000005,162,18,316.26000000000005,131,17.570000000000004,0.0,0.0,0.05555555555555555,18,0.0,2.0936718378738064,0.0,0.0,1,1
13495.0,11,3817.97,2099,50,347.0881818181818,552,76.3594,4.125,0.16804468039342646,0.09090909090909091,52,17.773000000000025,1.385581547905181,-62.32428571428571,0.2727272727272727,1,0
13496.0,2,465.61,217,26,232.805,179,17.908076923076923,0.038461538461538464,0.032155354594472635,0.07407407407407407,26,0.0,3.5006339271248987,0.0,0.5,1,1
13497.0,7,1139.83,521,52,162.83285714285714,489,21.919807692307693,6.620689655172414,0.24464995152507465,0.03389830508474576,52,-127.309,2.247492687005107,-28.358,0.14285714285714285,1,1
13498.0,1,327.38,362,17,327.38,549,19.25764705882353,0.0,0.0,0.058823529411764705,17,0.0,3.019712564233264,0.0,0.0,1,1
13499.0,3,454.59000000000003,259,18,151.53,89,25.255000000000003,2.3636363636363638,0.22609055729492156,0.13043478260869565,18,138.13,2.2508939813805133,-83.715,0.3333333333333333,1,0
13500.0,1,299.53,229,20,299.53,220,14.976499999999998,0.0,0.0,0.05,20,0.0,3.6521043321120463,0.0,0.0,1,1
13501.0,5,2840.26,1238,90,568.052,389,31.558444444444447,2.8347826086956522,0.13462204380704743,0.02586206896551724,93,-143.936,2.8107392719483184,-143.936,0.4,0,0
13502.0,5,671.76,334,20,134.352,368,33.588,11.291666666666666,0.3384515632643656,0.12,20,-59.36999999999999,2.558500341997241,-76.01199999999999,0.2,1,1
13503.0,8,1489.94,832,148,186.2425,480,10.067162162162163,0.9944444444444445,0.10324572625304704,0.027624309392265192,148,-294.725,2.8108944461642413,-205.99,0.5,1,1
13505.0,3,1553.29,841,89,517.7633333333333,52,17.452696629213484,0.4105263157894737,0.10073578170239703,0.03125,89,0.0,3.1025786388948013,-146.09000000000003,0.3333333333333333,0,0
13506.0,8,1308.53,936,55,163.56625,280,23.791454545454545,1.7176470588235293,0.19111494598230017,0.046511627906976744,57,-137.81,2.383513279601263,-48.06100000000001,0.375,1,1
13508.0,2,287.05,180,27,143.525,462,10.631481481481481,14.777777777777779,0.18997604341843438,0.07142857142857142,28,-65.10999999999999,3.1877223752703028,-65.10999999999999,0.0,1,0
13509.0,4,785.02,874,23,196.255,327,34.13130434782609,7.875,0.19479484426040045,0.09090909090909091,27,515.02,0.5717179056461007,152.85,0.0,1,0
13510.0,13,3288.55,2061,143,252.96538461538464,544,22.996853146853148,2.4054054054054053,0.13978302873220294,0.02242152466367713,162,122.91799999999999,3.803519853127969,31.74059523809523,0.38461538461538464,1,0
13511.0,2,244.61,53,5,122.305,496,48.922000000000004,38.4,0.44206522109960794,0.3333333333333333,6,-320.90999999999997,16.83747605788944,-320.90999999999997,0.5,1,1
13512.0,4,713.39,419,31,178.3475,402,23.01258064516129,8.447368421052632,0.27688745253228636,0.07692307692307693,31,36.129,3.0404513923701724,36.129,0.0,1,0
13513.0,3,591.89,243,24,197.29666666666665,474,24.66208333333333,6.870967741935484,0.18091901933778257,0.09375,24,47.81,1.026880209035931,10.105000000000018,0.3333333333333333,1,1
13514.0,3,663.7,248,13,221.23333333333335,501,51.05384615384616,15.8125,0.3504201872229477,0.17647058823529413,13,-135.65,4.6266868942740285,-135.65,0.0,1,1
13515.0,3,578.1,318,28,192.70000000000002,464,20.646428571428572,13.655172413793103,0.26226318653010616,0.06666666666666667,28,7.650000000000005,2.6503473856020863,7.650000000000005,0.0,1,0
13516.0,2,441.85,185,22,220.925,237,20.08409090909091,7.782608695652174,0.20307359425331792,0.08333333333333333,22,-149.85000000000002,4.173006227920212,-149.85000000000002,0.0,1,0
13519.0,1,220.46,110,11,220.46,262,20.041818181818183,0.0,0.0,0.09090909090909091,11,0.0,2.1672290645388226,0.0,0.0,1,1
13520.0,11,4101.48,2352,69,372.86181818181814,542,59.441739130434776,3.31055900621118,0.20858339723905664,0.04938271604938271,85,47.735,2.142904101420399,-1.490999999999995,0.18181818181818182,0,0
13523.0,4,2938.93,1065,117,734.7325,221,25.11905982905983,1.5461538461538462,0.09751250117786779,0.022900763358778626,117,665.6499999999999,20.105069972875256,616.3,0.0,1,0
13524.0,1,159.20000000000002,100,9,159.20000000000002,39,17.68888888888889,0.0,0.0,0.1111111111111111,9,0.0,1.2738829529347575,0.0,0.0,1,0
13525.0,1,282.88,208,2,282.88,67,141.44,0.0,0.0,0.5,2,0.0,0.2757716446627534,0.0,0.0,1,0
13526.0,4,942.5999999999999,1647,29,235.64999999999998,557,32.50344827586206,0.0,0.0,0.12962962962962962,29,0.0,0.7472078003175194,0.0,0.5,1,1
13527.0,8,2874.62,1282,175,359.3275,507,16.4264,1.775735294117647,0.1259827134868762,0.02564102564102564,176,-73.91657142857144,2.534232325335647,-73.91657142857144,0.125,1,0
13529.0,1,181.1,30,7,181.1,24,25.87142857142857,0.0,0.0,0.14285714285714285,7,0.0,6.429804114619741,0.0,0.0,1,0
13530.0,1,402.97999999999996,272,18,402.97999999999996,453,22.387777777777774,0.0,0.0,0.05555555555555555,18,0.0,1.6417128987219616,0.0,0.0,1,1
13531.0,6,1433.07,497,44,238.845,555,32.56977272727273,7.162162162162162,0.2263242673757067,0.06666666666666667,51,-25.686000000000003,3.1973439878399974,-25.686000000000003,0.0,1,0
13533.0,3,269.09,202,61,89.69666666666666,87,4.4113114754098355,1.135135135135135,0.10544877384365352,0.04,61,-20.790000000000006,1.6859591650767545,-20.790000000000006,0.0,1,0
13534.0,46,4506.62,2308,133,97.97,339,33.88436090225564,1.0357142857142858,0.2103845445131419,0.042071197411003236,134,77.8,2.457102402208171,8.095104895104894,0.41304347826086957,1,0
13535.0,1,89.5,10,1,89.5,222,89.5,0.0,0.0,1.0,1,0.0,0.0,0.0,0.0,1,1
13537.0,2,717.85,337,38,358.925,271,18.89078947368421,0.6341463414634146,0.125312540215272,0.047619047619047616,39,-113.85000000000002,2.8872351128684097,-113.85000000000002,0.0,1,1
13538.0,8,2441.78,874,102,305.2225,495,23.93901960784314,3.873015873015873,0.16504319066377474,0.05511811023622047,108,-103.13799999999999,2.9560203366132636,-60.17928571428571,0.0,1,0
13539.0,8,1215.57,609,59,151.94625,410,20.6028813559322,4.887323943661972,0.22369536123444372,0.041666666666666664,65,-203.721,3.0625432448800725,-26.858,0.25,1,0
13540.0,3,632.39,189,26,210.79666666666665,475,24.322692307692307,6.064516129032258,0.17443915257367915,0.0625,27,-106.11000000000001,2.9609861042695593,-106.11000000000001,0.0,1,1
13541.0,3,717.9,266,10,239.29999999999998,389,71.78999999999999,13.272727272727273,0.30141257886548295,0.16666666666666666,10,97.19999999999999,2.3232200746273515,97.19999999999999,0.3333333333333333,1,1
13542.0,18,3924.09,801,98,218.005,548,40.04173469387755,1.0360360360360361,0.16551667828960112,0.05089820359281437,120,24.199000000000012,2.8822784809100175,-5.188146853146851,0.05555555555555555,1,1
13543.0,2,1439.6100000000001,329,37,719.8050000000001,506,38.90837837837838,1.1304347826086956,0.13043004117488408,0.0425531914893617,38,0.0,2.6923325020458777,262.7099999999999,0.0,1,1
13544.0,6,618.65,281,186,103.10833333333333,464,3.3260752688172044,1.995049504950495,0.11190772475048424,0.014778325123152709,186,-18.634999999999998,2.0588062519209616,-18.634999999999998,0.16666666666666666,1,0
13545.0,3,337.64,245,56,112.54666666666667,558,6.029285714285714,6.290909090909091,0.18552448280039066,0.017857142857142856,56,137.01999999999998,1.6127632172160908,137.01999999999998,0.3333333333333333,1,1
13546.0,3,647.41,337,58,215.8033333333333,243,11.162241379310345,2.7875,0.12836098497370965,0.037037037037037035,58,-282.89,2.350569756253225,-5.075000000000003,0.0,1,0
13547.0,1,164.53,78,43,164.53,227,3.826279069767442,0.0,0.0,0.023255813953488372,43,0.0,2.0488615805615606,0.0,0.0,1,1
13548.0,2,504.29,286,117,252.145,290,4.3101709401709405,1.8760330578512396,0.086707410236822,0.02459016393442623,118,57.72999999999999,2.2597432706170486,57.72999999999999,0.0,1,0
13549.0,5,598.0699999999999,402,35,119.61399999999999,207,17.087714285714284,5.361111111111111,0.20731463397774436,0.05405405405405406,35,422.87,2.2274426481395095,119.68500000000002,0.2,1,0
13550.0,1,342.55,430,40,342.55,202,8.56375,0.0,0.0,0.047619047619047616,40,0.0,1.2982062135201407,0.0,0.0,1,1
13551.0,2,244.2,36,5,122.1,485,48.839999999999996,86.5,0.49712643678160917,0.2,5,-60.599999999999966,3.0013330371686506,-60.599999999999966,0.0,1,1
13552.0,23,4758.6,1749,125,206.89565217391305,477,38.0688,2.9182389937106916,0.2328426615052714,0.05625,128,-0.7811428571428612,3.46027132427193,-17.958363636363636,0.34782608695652173,1,0
13553.0,1,499.6,201,85,499.6,494,5.87764705882353,0.0,0.0,0.02247191011235955,85,0.0,2.9601596232116862,0.0,0.0,1,1
13554.0,10,1547.46,563,156,154.746,266,9.919615384615385,0.3106796116504854,0.09962219993072279,0.01932367149758454,156,464.0,3.234884627981791,-26.140000000000015,0.3,1,1
13555.0,14,6290.16,2975,204,449.29714285714283,508,30.83411764705882,1.5,0.1149419623164576,0.018575851393188854,209,136.19299999999996,2.877388047057208,99.89066666666666,0.21428571428571427,1,0
13556.0,2,200.82,134,8,100.41,255,25.1025,0.75,0.24028293076278057,0.2222222222222222,8,-13.620000000000005,1.254014664099977,-13.620000000000005,0.0,1,1
13557.0,15,2636.7,2038,116,175.78,550,22.730172413793102,2.701219512195122,0.18512409033530755,0.03636363636363636,119,-102.06400000000001,1.6928925987999628,-51.473333333333336,0.2,1,1
13559.0,2,990.0,360,1,495.0,363,990.0,30.0,30.0,1.0,1,330.0,0.0,330.0,0.0,1,1
13561.0,11,1803.4,1125,131,163.94545454545457,468,13.766412213740459,1.8859649122807018,0.12885148737830823,0.026200873362445413,132,-62.252,2.344466390807639,-1.2910000000000021,0.0,1,0
13562.0,6,3642.12,1079,72,607.02,513,50.585,3.2554744525547443,0.14777627058338094,0.036231884057971016,82,-290.644,2.5548721105195775,-57.156,0.0,1,0
13564.0,49,15613.1,8746,489,318.634693877551,557,31.928629856850716,0.29854368932038833,0.08933589829452618,0.0137429264349232,505,973.823,3.6260743618038025,68.0887362637363,0.2653061224489796,1,1
13565.0,2,284.76,166,28,142.38,230,10.17,2.235294117647059,0.15927827025132898,0.05714285714285714,28,-64.39999999999999,1.4941652907113012,-64.39999999999999,0.0,1,1
13566.0,3,827.91,683,158,275.96999999999997,459,5.23993670886076,1.0461538461538462,0.08970806182432305,0.015306122448979591,161,-12.299999999999983,1.3192461762590202,-12.299999999999983,0.0,1,1
13567.0,5,1074.19,641,180,214.83800000000002,361,5.967722222222222,0.5572139303482587,0.08289765066852445,0.01485148514851485,180,-12.344999999999999,2.2791550509819283,-12.344999999999999,0.2,1,1
13569.0,3,497.74,232,103,165.91333333333333,247,4.832427184466019,0.48360655737704916,0.09093101242032092,0.024390243902439025,103,0.0,1.5811094871795413,-63.07,0.0,1,1
13570.0,1,239.49,161,27,239.49,62,8.870000000000001,0.0,0.0,0.037037037037037035,27,0.0,2.2525397505117035,0.0,0.0,1,0
13571.0,18,2955.63,1791,183,164.20166666666668,550,16.15098360655738,1.3121951219512196,0.13590388129587944,0.038929440389294405,192,-6.352499999999996,1.996868773114235,-8.288945054945055,0.0,1,0
13572.0,1,1384.25,534,32,1384.25,25,43.2578125,0.0,0.0,0.06060606060606061,32,0.0,3.5794945787630326,0.0,0.0,1,0
13573.0,5,644.59,354,53,128.918,456,12.162075471698113,6.0476190476190474,0.1999103913204649,0.046875,53,27.30899999999999,2.621054626701014,27.30899999999999,0.0,1,0
13574.0,1,404.45,304,84,404.45,230,4.814880952380952,0.0,0.0,0.03296703296703297,84,0.0,2.3029008356532112,0.0,0.0,1,1
13576.0,21,7589.06,3062,110,361.38380952380953,550,68.99145454545454,2.6305418719211824,0.2582370187337305,0.08333333333333333,110,99.77499999999999,3.1635309221336927,-5.460058823529411,0.14285714285714285,1,0
13577.0,10,2045.07,972,65,204.507,544,31.462615384615383,4.537735849056604,0.19745580914365743,0.037383177570093455,73,53.427,2.6638825853434036,17.832285714285717,0.2,1,0
13578.0,1,147.66,127,9,147.66,228,16.406666666666666,0.0,0.0,0.1111111111111111,9,0.0,1.5193172808863857,0.0,0.0,1,1
13579.0,5,1068.8,584,62,213.76,478,17.238709677419354,4.235294117647059,0.16101575950128713,0.043478260869565216,62,-9.900000000000006,2.7586227830194607,-77.9,0.2,1,1
13580.0,1,107.75,45,5,107.75,225,21.55,0.0,0.0,0.2,5,0.0,17.17329321941485,0.0,0.0,1,1
13581.0,2,280.53000000000003,119,32,140.26500000000001,233,8.766562500000001,3.25,0.1676573383093866,0.06060606060606061,32,-44.53,2.303042741942086,-44.53,0.0,1,1
13582.0,2,241.68,106,10,120.84,437,24.168,22.7,0.3118830053976522,0.18181818181818182,10,86.68,2.019128975123139,86.68,0.0,1,1
13583.0,1,664.0,371,42,664.0,498,15.80952380952381,0.0,0.0,0.023809523809523808,42,0.0,2.2089095275300448,0.0,0.0,1,1
13584.0,5,340.4,273,74,68.08,495,4.6,4.380952380952381,0.14982135185258474,0.023529411764705882,76,71.2,2.370206753855538,71.2,0.4,1,1
13585.0,4,674.46,1338,29,168.615,557,23.257241379310347,5.282051282051282,0.19396693964437342,0.075,29,648.96,2.597423464482862,152.81,0.25,1,1
13586.0,1,127.28,38,20,127.28,360,6.364,0.0,0.0,0.05,20,0.0,2.65458783598271,0.0,0.0,1,1
13587.0,3,961.1,484,20,320.3666666666667,482,48.055,10.19047619047619,0.21364296015832893,0.09090909090909091,21,-175.49999999999994,2.179424643086284,-175.49999999999994,0.0,1,1
13588.0,1,113.30000000000001,48,8,113.30000000000001,74,14.162500000000001,0.0,0.0,0.125,8,0.0,2.593389604910366,0.0,0.0,1,0
13589.0,4,741.09,179,29,185.2725,553,25.554827586206898,9.433333333333334,0.28593624944154233,0.06451612903225806,29,-90.32499999999999,5.105352451683818,-47.730999999999995,0.0,1,1
13590.0,17,5220.65,4226,241,307.0970588235294,557,21.66244813278008,1.4805555555555556,0.14297235129522395,0.013850415512465374,252,57.27857142857141,2.4487354850066874,6.64854545454546,0.11764705882352941,1,0
13591.0,7,1740.29,627,71,248.61285714285714,544,24.51112676056338,6.407407407407407,0.2249405322742567,0.036585365853658534,72,39.599999999999994,4.103586523728186,41.010571428571424,0.14285714285714285,1,0
13592.0,3,205.51,71,12,68.50333333333333,83,17.125833333333333,4.833333333333333,0.3083006452336553,0.15384615384615385,12,52.06999999999999,5.7396770212000865,52.06999999999999,0.0,1,0
13593.0,14,4430.68,1781,190,316.4771428571429,466,23.319368421052634,1.1017441860465116,0.13107165708350396,0.02318840579710145,193,-32.84299999999999,3.17902758405491,-34.22433333333333,0.14285714285714285,1,0
13594.0,2,111.45000000000002,35,9,55.72500000000001,520,12.383333333333335,26.875,0.3489626215499509,0.1111111111111111,9,161.25,5.305186141880414,161.25,0.5,1,1
13595.0,3,784.48,341,114,261.49333333333334,465,6.88140350877193,0.9084507042253521,0.10527097641974428,0.027972027972027972,116,-229.54999999999995,2.3347296003407716,-229.54999999999995,0.0,1,1
13597.0,3,377.21,221,17,125.73666666666666,222,22.188823529411764,0.7647058823529411,0.2077081208296689,0.1111111111111111,17,0.0,1.5918698669183404,0.0,0.3333333333333333,1,1
13598.0,4,601.92,341,46,150.48,471,13.085217391304347,2.7857142857142856,0.1779925069309802,0.07017543859649122,46,-25.165000000000006,2.0274681885640273,-25.165000000000006,0.0,1,1
13599.0,34,6341.9400000000005,3989,139,186.52764705882353,558,45.62546762589928,2.2583333333333333,0.20107649891438148,0.029045643153526972,145,-46.81464285714285,3.291263764056594,-34.89767857142858,0.4411764705882353,1,0
13600.0,2,518.42,599,35,259.21,453,14.812,8.025,0.1550588112646528,0.04878048780487805,34,-79.37999999999997,3.6058656651519825,-79.37999999999997,0.0,1,1
13601.0,3,839.87,684,114,279.95666666666665,365,7.367280701754386,2.6377952755905514,0.11987164056085886,0.0234375,114,95.38499999999999,1.9219937907401523,95.38499999999999,0.0,1,0
13602.0,3,596.28,271,29,198.76,380,20.561379310344826,5.264705882352941,0.21851505404158184,0.05714285714285714,30,-15.839999999999987,2.1268893923744505,-15.839999999999987,0.0,1,1
13604.0,2,713.39,239,21,356.695,478,33.97095238095238,0.2727272727272727,0.11965898491442682,0.08695652173913043,21,0.0,4.88903023111849,0.0,0.5,1,1
13605.0,2,522.67,425,50,261.335,390,10.453399999999998,3.5384615384615383,0.13344522721720325,0.03773584905660377,50,182.89000000000004,1.969568535925273,182.89000000000004,0.0,1,1
13606.0,2,246.63,240,37,123.315,131,6.665675675675676,1.8888888888888888,0.15315315315315317,0.02702702702702703,37,106.58999999999999,2.9911296790270985,106.58999999999999,0.0,1,0
13607.0,2,382.6,172,24,191.3,222,15.941666666666668,0.4166666666666667,0.13700545425254146,0.08,24,0.0,2.6711571774544955,0.0,0.5,1,1
13608.0,1,232.05,110,31,232.05,360,7.485483870967743,0.0,0.0,0.058823529411764705,31,0.0,1.732694546697964,0.0,0.0,1,1
13609.0,1,167.35,19,7,167.35,412,23.907142857142855,0.0,0.0,0.14285714285714285,7,0.0,7.484563479334682,0.0,0.0,1,1
13610.0,12,1461.25,591,227,121.77083333333333,522,6.437224669603524,1.8888888888888888,0.15774171633894374,0.01845018450184502,227,-42.97171428571429,3.011585485101052,-18.81433333333333,0.16666666666666666,1,0
13611.0,11,2421.78,1408,131,220.1618181818182,556,18.486870229007636,2.1560693641618496,0.16583052074631613,0.017241379310344827,132,135.80700000000002,2.499770590763231,32.02321428571429,0.2727272727272727,1,1
13612.0,2,777.79,438,51,388.895,452,15.25078431372549,2.235294117647059,0.13177319406742385,0.038461538461538464,51,-858.79,2.919180911586354,-858.79,0.5,1,1
13613.0,5,1039.8500000000001,445,50,207.97000000000003,480,20.797000000000004,3.5689655172413794,0.14825240573579535,0.05084745762711865,50,-215.14999999999998,2.7118398002609534,-27.824999999999985,0.0,1,1
13614.0,3,953.03,282,73,317.6766666666667,370,13.055205479452054,2.857142857142857,0.14150805008320283,0.02564102564102564,73,-48.82499999999999,4.765245321110233,-48.82499999999999,0.0,1,1
13615.0,12,6212.2300000000005,2891,259,517.6858333333333,499,23.985444015444017,0.9653333333333334,0.12256625684850804,0.015957446808510637,286,24.246999999999982,15.390290050008938,6.007666666666679,0.3333333333333333,1,1
13616.0,2,283.85,172,31,141.925,510,9.156451612903227,3.588235294117647,0.16367575362027617,0.05714285714285714,31,-72.15,4.196601265890523,-72.15,0.0,1,1
13617.0,6,719.62,292,31,119.93666666666667,314,23.213548387096775,1.3492063492063493,0.20095290586911743,0.078125,31,30.620000000000005,3.999143952916773,131.46,0.16666666666666666,1,1
13619.0,2,223.44,78,38,111.72,493,5.88,3.0,0.14512162362362177,0.045454545454545456,38,25.960000000000008,3.0422420917855493,25.960000000000008,0.0,1,1
13620.0,1,112.34,74,5,112.34,347,22.468,0.0,0.0,0.2,5,0.0,1.7533054497149092,0.0,0.0,1,1
13622.0,2,651.45,377,32,325.725,515,20.3578125,0.21212121212121213,0.09561282136432463,0.058823529411764705,32,0.0,3.5256396873462674,0.0,0.5,1,1
13623.0,13,2279.8,865,200,175.3692307692308,557,11.399000000000001,1.891304347826087,0.13508272435216023,0.021660649819494584,202,-62.084571428571444,3.224683437261531,-54.16633333333335,0.3076923076923077,1,0
13624.0,2,427.18,814,22,213.59,207,19.417272727272728,0.30434782608695654,0.12373870341525628,0.08333333333333333,22,0.0,2.8763273873344866,0.0,0.5,1,1
13625.0,1,301.26,144,21,301.26,416,14.345714285714285,0.0,0.0,0.047619047619047616,21,0.0,4.484768242671654,0.0,0.0,1,1
13626.0,3,689.49,395,44,229.83,198,15.670227272727272,2.7777777777777777,0.14593830243002032,0.043478260869565216,44,-175.02999999999997,3.7702588040180163,-175.02999999999997,0.3333333333333333,1,0
13627.0,5,1199.45,800,76,239.89000000000001,459,15.782236842105263,5.551282051282051,0.19229083691121468,0.02531645569620253,76,2.085000000000008,2.951334274857292,2.085000000000008,0.2,1,0
13628.0,1,310.14,106,16,310.14,495,19.38375,0.0,0.0,0.0625,16,0.0,2.5575977498426137,0.0,0.0,1,1
13629.0,12,8466.5,5000,7,705.5416666666666,485,1209.5,10.44186046511628,0.4833485448288874,0.25,10,122.81428571428572,0.14539786488133435,15.240909090909096,0.0,1,0
13630.0,4,1037.44,708,46,259.36,105,22.55304347826087,1.8,0.17381354087059822,0.05357142857142857,46,467.96000000000004,1.556991927929096,51.15199999999999,0.25,1,0
13631.0,4,1330.0,188,3,332.5,86,443.3333333333333,21.333333333333332,0.617534317641019,0.5,3,1170.0,1.940521837032503,1170.0,0.0,1,0
13632.0,6,2128.37,833,110,354.7283333333333,431,19.34881818181818,2.785185185185185,0.133277479461513,0.03676470588235294,115,-131.05,2.8527426460469862,87.179,0.16666666666666666,1,0
13634.0,13,3484.41,1478,184,268.03153846153845,517,18.937010869565217,1.2704225352112677,0.1305617756010765,0.028089887640449437,197,-124.28542857142855,2.8488986079200105,-8.631547619047621,0.07692307692307693,1,0
13635.0,5,1877.19,1192,90,375.438,558,20.857666666666667,2.875,0.10308557850222057,0.02857142857142857,90,305.0899999999999,1.9081990675290361,305.0899999999999,0.4,1,1
13636.0,4,533.95,297,32,133.4875,104,16.6859375,1.0,0.19049188511940707,0.05555555555555555,32,-49.75,3.073736674287038,43.80000000000001,0.25,1,0
13637.0,2,677.4,349,74,338.7,45,9.154054054054054,0.43820224719101125,0.08535312678000515,0.022222222222222223,74,0.0,2.1474574694324504,-152.89999999999998,0.0,1,0
13639.0,1,312.93,197,19,312.93,256,16.47,0.0,0.0,0.05263157894736842,19,0.0,0.8368490749645398,0.0,0.0,1,1
13640.0,1,405.0,108,4,405.0,430,101.25,0.0,0.0,0.25,4,0.0,0.0,0.0,0.0,1,1
13641.0,6,847.72,1079,40,141.28666666666666,553,21.193,1.8958333333333333,0.15567765779134285,0.061224489795918366,39,-378.5,3.1363397521340577,-378.5,0.3333333333333333,1,1
13642.0,5,459.45,230,93,91.89,252,4.940322580645161,2.066666666666667,0.09318950820507722,0.02830188679245283,93,165.10999999999999,3.142953332678141,165.10999999999999,0.2,1,0
13643.0,13,1680.63,681,60,129.27923076923076,551,28.0105,6.428571428571429,0.2319939375659021,0.03529411764705882,63,41.501428571428576,4.1114573295303725,21.815000000000005,0.38461538461538464,1,0
13646.0,3,323.3,78,58,107.76666666666667,219,5.574137931034483,0.0,0.0,0.03389830508474576,58,0.0,2.8019835693401443,0.0,0.3333333333333333,1,1
13647.0,5,1818.2,1175,68,363.64,422,26.738235294117647,4.409638554216867,0.14421174220603478,0.03571428571428571,72,-203.78000000000003,2.9751461777728614,37.20799999999999,0.0,1,0
13648.0,11,1681.1200000000001,928,94,152.82909090909092,557,17.884255319148938,3.036363636363636,0.18471718001267268,0.036036036036036036,95,19.945,2.5340910587146417,-42.70071428571429,0.2727272727272727,1,1
13649.0,6,1453.68,782,97,242.28,346,14.98639175257732,2.4953271028037385,0.1702228753719484,0.027777777777777776,97,-32.656000000000006,3.4864174465035296,-24.81085714285715,0.0,1,0
13650.0,12,2007.68,1036,86,167.30666666666667,502,23.345116279069767,3.83739837398374,0.21193596619170338,0.03225806451612903,93,-23.67085714285715,3.024948221494421,-9.040000000000006,0.5,1,0
13651.0,2,114.75,27,8,57.375,201,14.34375,0.0,0.0,0.2222222222222222,8,0.0,5.4436379788193525,0.0,0.5,1,1
13652.0,4,1805.21,1170,102,451.3025,471,17.69813725490196,3.4260869565217393,0.13832355781273453,0.02586206896551724,103,-32.26000000000002,2.1131281657007133,-65.77700000000002,0.0,1,0
13653.0,1,152.2,72,9,152.2,307,16.91111111111111,0.0,0.0,0.1111111111111111,9,0.0,2.0371548787463363,0.0,0.0,1,1
13654.0,8,4773.51,3389,192,596.68875,557,24.86203125,2.3130434782608695,0.13953302632425169,0.012987012987012988,194,186.1608571428571,2.542614501584981,24.2129761904762,0.0,1,0
13655.0,7,1712.34,723,73,244.61999999999998,411,23.45671232876712,4.046511627906977,0.17436999117065508,0.034482758620689655,74,-92.21500000000003,3.037432735215212,-9.488000000000012,0.2857142857142857,1,0
13656.0,6,836.4,482,64,139.4,415,13.06875,3.6056338028169015,0.18665190963896788,0.05555555555555555,67,-81.22499999999998,2.2662943243958256,-69.89500000000001,0.5,1,1
13657.0,1,152.34,132,9,152.34,21,16.926666666666666,0.0,0.0,0.1111111111111111,9,0.0,0.6927441406785368,0.0,0.0,1,0
13658.0,8,4233.2,1431,119,529.15,491,35.57310924369748,2.820359281437126,0.14953650469442614,0.02976190476190476,127,-28.130999999999997,4.313129972830877,50.16057142857142,0.375,1,0
13659.0,17,4706.43,2492,226,276.8488235294118,480,20.82491150442478,1.5853658536585367,0.14221774532906295,0.017361111111111112,227,-131.5048571428571,6.247705048167883,-2.0609090909090897,0.29411764705882354,1,0
13660.0,2,295.74,134,39,147.87,219,7.5830769230769235,0.1,0.06125741132772069,0.04878048780487805,39,0.0,3.967708683248047,0.0,0.5,1,1
13661.0,1,325.24,118,17,325.24,422,19.131764705882354,0.0,0.0,0.058823529411764705,17,0.0,2.941581457411682,0.0,0.0,1,1
13662.0,16,1801.81,962,109,112.613125,477,16.530366972477065,3.6796875,0.20008799191294951,0.023255813953488372,110,-22.325428571428567,3.493383240585089,-16.644404761904763,0.375,1,0
13663.0,5,1824.14,800,75,364.82800000000003,466,24.32186666666667,3.0344827586206895,0.12005503285562875,0.022727272727272728,76,733.24,3.875295977505542,-210.85,0.2,1,1
13665.0,3,1711.6599999999999,1652,97,570.5533333333333,323,17.645979381443297,1.1142857142857143,0.11522417775848826,0.02830188679245283,97,446.03999999999996,2.1877901317030752,-87.26499999999999,0.0,1,1
13666.0,4,106.45,49,14,26.6125,555,7.603571428571429,34.38461538461539,0.37024836493508984,0.07142857142857142,14,22.275,3.04671503877086,22.275,0.0,1,1
13668.0,33,10446.85,4761,317,316.5712121212121,547,32.95536277602524,0.9345132743362832,0.1526824580388128,0.014134275618374558,320,207.62428571428572,2.8233606408823686,7.516250000000002,0.21212121212121213,1,0
13669.0,1,195.0,156,5,195.0,226,39.0,0.0,0.0,0.2,5,0.0,0.0,0.0,0.0,1,1
13671.0,1,172.6,95,61,172.6,214,2.8295081967213114,0.0,0.0,0.03125,61,0.0,1.0204405828537595,0.0,0.0,1,1
13672.0,6,233.53000000000003,81,13,38.921666666666674,550,17.963846153846156,16.46153846153846,0.20880507162422457,0.2222222222222222,14,-233.53000000000003,2.1074561027625762,-116.765,0.5,1,1
13674.0,2,215.88,98,14,107.94,252,15.42,0.2,0.11270166537925831,0.125,14,0.0,3.293572971207206,0.0,0.5,1,1
13675.0,1,308.44,204,15,308.44,104,20.562666666666665,0.0,0.0,0.06666666666666667,15,0.0,1.3477876051408948,0.0,0.0,1,1
13676.0,3,153.15,59,13,51.050000000000004,438,11.78076923076923,5.642857142857143,0.25517543131129605,0.13333333333333333,13,78.05000000000001,3.832281429172569,78.05000000000001,0.3333333333333333,1,1
13677.0,2,551.24,217,98,275.62,339,5.624897959183674,1.0952380952380953,0.08960578098128318,0.018867924528301886,99,3.319999999999993,3.4771840557801634,3.319999999999993,0.0,1,1
13679.0,3,281.26,102,44,93.75333333333333,554,6.392272727272727,4.918367346938775,0.1944277218577553,0.06,44,-12.544999999999995,1.661097448885488,-12.544999999999995,0.0,1,1
13680.0,11,8572.03,3836,280,779.2754545454546,554,30.61439285714286,0.7250922509225092,0.07414253496477202,0.016574585635359115,294,-551.927,2.24506998844632,-195.79964285714289,0.09090909090909091,1,1
13682.0,1,59.5,10,3,59.5,6,19.833333333333332,0.0,0.0,0.3333333333333333,3,0.0,4.907477288111819,0.0,0.0,1,0
13683.0,1,258.6,180,10,258.6,277,25.860000000000003,0.0,0.0,0.1,10,0.0,0.982966033096883,0.0,0.0,1,1
13684.0,6,544.42,222,81,90.73666666666666,440,6.721234567901234,3.0,0.14536229484368604,0.03571428571428571,84,-41.13000000000001,1.8481822241823944,-41.13000000000001,0.3333333333333333,1,1
13686.0,3,409.04,378,27,136.34666666666666,220,15.149629629629631,6.606060606060606,0.18675005272494524,0.08823529411764706,27,-265.04,1.0143357898024465,-265.04,0.0,1,0
13687.0,1,11880.84,87167,45,11880.84,257,264.01866666666666,0.0,0.0,0.022222222222222223,45,0.0,0.08708929586663021,0.0,0.0,1,1
13688.0,1,375.5,130,5,375.5,454,75.1,0.0,0.0,0.2,5,0.0,2.4647515087732472,0.0,0.0,1,1
13689.0,1,349.5,210,3,349.5,264,116.5,0.0,0.0,0.3333333333333333,3,0.0,0.17320508075688776,0.0,0.0,1,1
13691.0,1,210.78,144,53,210.78,215,3.9769811320754718,0.0,0.0,0.018867924528301886,51,0.0,1.6871829433912158,0.0,0.0,1,1
13692.0,6,2406.21,1599,69,401.035,239,34.872608695652175,2.6973684210526314,0.13551903603088092,0.025974025974025976,69,-692.9499999999999,5.234141435679253,-394.51099999999997,0.3333333333333333,1,0
13693.0,12,1966.32,872,79,163.85999999999999,552,24.89012658227848,3.6545454545454548,0.21186443289661516,0.036036036036036036,80,-59.58971428571428,3.7014455130609285,-43.56178571428571,0.25,1,1
13694.0,132,156785.9,158284,804,1187.7719696969696,554,195.0073383084577,0.3989113530326594,0.12318194857400341,0.006216006216006216,830,-4196.352142857143,1.7712583825507815,-837.2173859649122,0.09090909090909091,1,0
13695.0,6,892.52,604,19,148.75333333333333,397,46.974736842105266,13.785714285714286,0.2260860318516087,0.13793103448275862,19,138.08999999999997,0.848902217790399,11.913999999999994,0.0,1,0
13696.0,4,2008.7,546,25,502.175,515,80.348,11.333333333333334,0.29683394924526746,0.04,25,169.95000000000002,4.32138064357523,271.19,0.25,1,1
13698.0,2,451.73,227,31,225.865,501,14.571935483870968,2.2972972972972974,0.153419961502672,0.07894736842105263,33,83.13,6.253315729294487,83.13,0.0,1,1
13699.0,2,402.82,148,23,201.41,369,17.51391304347826,0.12,0.075,0.07692307692307693,23,0.0,4.35914058220019,0.0,0.5,1,1
13700.0,9,1248.26,1592,112,138.69555555555556,490,11.145178571428572,2.8533333333333335,0.12308830273116177,0.033112582781456956,113,147.07,1.4250975877664789,89.887,0.1111111111111111,1,0
13701.0,2,159.55,79,9,79.775,266,17.727777777777778,1.0,0.25,0.2,9,0.0,1.1834037537731765,0.0,0.5,1,1
13702.0,1,135.18,74,5,135.18,265,27.036,0.0,0.0,0.2,5,0.0,1.6027850760473157,0.0,0.0,1,1
13703.0,3,99.5,10,36,33.166666666666664,234,2.763888888888889,1.3333333333333333,0.10933606098454783,0.0547945205479452,36,99.5,2.2816285173138477,99.5,0.3333333333333333,1,1
13705.0,5,1323.47,646,43,264.694,443,30.778372093023258,4.509090909090909,0.24891556977516713,0.07142857142857142,43,39.925,21.799918973249873,17.241999999999997,0.0,1,1
13706.0,2,631.17,301,38,315.585,446,16.609736842105264,8.756756756756756,0.16136944407100492,0.02631578947368421,38,30.410000000000025,4.921083368735829,30.410000000000025,0.0,1,1
13707.0,5,3365.86,2210,142,673.172,356,23.703239436619718,1.7402597402597402,0.12383249070322301,0.012903225806451613,142,42.954999999999984,3.711263099184686,-274.804,0.0,1,0
13708.0,1,283.33,300,48,283.33,90,5.902708333333333,0.0,0.0,0.020833333333333332,48,0.0,1.877232181935313,0.0,0.0,1,0
13709.0,6,1718.0,909,90,286.3333333333333,517,19.08888888888889,3.762376237623762,0.18638052496447252,0.0392156862745098,93,10.815999999999992,3.04630524655895,60.63400000000001,0.0,1,1
13710.0,2,329.04,160,7,164.52,431,47.00571428571429,31.333333333333332,0.40299755442172086,0.14285714285714285,7,-126.96000000000001,1.0508794502927628,-126.96000000000001,0.0,1,1
13711.0,15,1632.6100000000001,796,81,108.84066666666668,557,20.15567901234568,5.019607843137255,0.19616665612806783,0.04854368932038835,82,-47.26600000000001,3.1291813921594773,-33.94314285714286,0.4,1,0
13712.0,2,766.42,1128,32,383.21,430,23.950625,11.375,0.17407148372405484,0.06060606060606061,32,-308.74,3.1096665026294636,-308.74,0.0,1,0
13713.0,3,740.76,284,70,246.92,402,10.582285714285714,2.2025316455696204,0.14413998039723586,0.025,70,-47.915000000000006,3.1321092273458984,-47.915000000000006,0.0,1,1
13714.0,1,161.35,50,30,161.35,284,5.378333333333333,0.0,0.0,0.03333333333333333,30,0.0,3.1450330298139457,0.0,0.0,1,1
13715.0,21,8108.09,4785,277,386.0995238095238,457,29.271083032490974,0.6731141199226306,0.12151867273776108,0.017374517374517374,286,-71.25699999999999,1.750786856146292,-38.93954545454546,0.19047619047619047,1,1
13716.0,1,138.28,138,21,138.28,88,6.584761904761905,0.0,0.0,0.047619047619047616,21,0.0,1.1435273332565172,0.0,0.0,1,0
13717.0,7,873.63,875,54,124.80428571428571,305,16.178333333333335,4.166666666666667,0.18701086366026223,0.04918032786885246,54,-27.999999999999996,3.0874882889536974,40.169000000000004,0.42857142857142855,1,0
13718.0,2,306.55,173,9,153.275,115,34.06111111111111,4.454545454545454,0.2823969616448579,0.16666666666666666,9,78.44999999999999,4.097641135920504,78.44999999999999,0.0,1,0
13719.0,8,2079.16,1163,158,259.895,390,13.159240506329112,1.7572815533980584,0.12540108264625177,0.01932367149758454,158,-167.844,2.9154605526471373,-38.33321428571429,0.0,1,0
13720.0,2,432.1,250,26,216.05,74,16.61923076923077,0.64,0.15238095238095237,0.038461538461538464,26,-100.29999999999998,2.172315319228276,-100.29999999999998,0.0,1,0
13721.0,1,217.39999999999998,196,14,217.39999999999998,214,15.528571428571427,0.0,0.0,0.07142857142857142,14,0.0,0.37247317183424594,0.0,0.0,1,1
13722.0,8,4723.47,2616,112,590.43375,465,42.17383928571429,2.4295302013422817,0.13526917928020354,0.02,116,75.79299999999998,3.2551048389113753,85.37,0.0,1,1
13723.0,6,1194.08,593,51,199.01333333333332,430,23.41333333333333,6.894736842105263,0.21913449765482518,0.034482758620689655,52,-110.36499999999998,3.0144722359749814,-17.829,0.0,1,0
13724.0,1,213.01,130,39,213.01,456,5.461794871794871,0.0,0.0,0.047619047619047616,39,0.0,1.2048363631717405,0.0,0.0,1,1
13725.0,8,1714.0,688,83,214.25,128,20.650602409638555,0.8901098901098901,0.16915461016099428,0.03260869565217391,83,-1408.4,4.090461899045072,-635.64,0.25,1,0
13727.0,7,727.9200000000001,203,55,103.98857142857143,549,13.234909090909092,1.8571428571428572,0.19341093034732412,0.078125,55,122.56000000000002,10.299581300965512,77.08600000000001,0.14285714285714285,1,1
13728.0,13,2332.96,976,65,179.45846153846153,549,35.89169230769231,3.9923664122137406,0.27641052260575877,0.07575757575757576,75,-4.7200000000000015,3.2660587322657415,-1.1743406593406605,0.0,1,0
13729.0,5,676.4300000000001,405,36,135.286,503,18.789722222222224,5.744186046511628,0.14976175011461199,0.06818181818181818,37,-39.329999999999984,3.736889888120976,-39.329999999999984,0.4,1,1
13731.0,2,610.59,278,36,305.295,66,16.960833333333333,0.7297297297297297,0.13417176552833163,0.05263157894736842,36,0.0,4.157077941631871,-5.649999999999977,0.0,1,0
13733.0,3,484.53000000000003,333,28,161.51000000000002,554,17.30464285714286,11.172413793103448,0.1849718436735696,0.06666666666666667,28,191.32999999999998,2.6897784594496885,191.32999999999998,0.3333333333333333,1,1
13734.0,6,3445.34,209,24,574.2233333333334,422,143.55583333333334,3.3214285714285716,0.2105837758134892,0.20689655172413793,24,3445.34,13.4643374788306,3445.34,0.3333333333333333,1,1
13735.0,16,7572.89,3468,292,473.305625,545,25.934554794520547,0.9204545454545454,0.09321141965838749,0.015122873345935728,302,189.4602857142857,2.919512026818512,170.4882142857143,0.375,1,0
13736.0,11,2329.0,1269,257,211.72727272727272,553,9.062256809338521,1.0466666666666666,0.07741154424849901,0.013303769401330377,284,-105.92200000000001,2.703802439606447,-105.92200000000001,0.45454545454545453,1,0
13737.0,1,339.59999999999997,125,29,339.59999999999997,19,11.710344827586205,0.0,0.0,0.06666666666666667,29,0.0,3.124151452610864,0.0,0.0,1,0
13738.0,1,434.78000000000003,237,88,434.78000000000003,215,4.940681818181819,0.0,0.0,0.02247191011235955,86,0.0,2.4938756291620265,0.0,0.0,1,1
13739.0,1,75.3,22,3,75.3,347,25.099999999999998,0.0,0.0,0.3333333333333333,3,0.0,0.692820323027551,0.0,0.0,1,1
13740.0,5,1582.77,987,83,316.554,557,19.069518072289156,5.32258064516129,0.19103624917923426,0.031914893617021274,86,11.251000000000005,3.3231928482909403,11.251000000000005,0.0,1,0
13741.0,3,361.03000000000003,142,20,120.34333333333335,36,18.0515,1.65,0.23189338561478046,0.09523809523809523,20,0.0,3.0428791190800424,39.31,0.3333333333333333,1,0
13742.0,9,2119.97,786,149,235.5522222222222,139,14.227986577181207,0.5859030837004405,0.11115040133341687,0.021929824561403508,149,-150.58999999999992,3.6824074155347923,-24.68500000000001,0.1111111111111111,1,0
13743.0,2,353.15999999999997,420,7,176.57999999999998,78,50.451428571428565,3.4166666666666665,0.26618508163803506,0.15384615384615385,7,69.72,0.5144277378173706,69.72,0.0,1,0
13744.0,1,817.3199999999999,899,44,817.3199999999999,111,18.575454545454544,0.0,0.0,0.022727272727272728,44,0.0,1.9559811237453706,0.0,0.0,1,1
13745.0,2,469.73,635,31,234.865,365,15.15258064516129,0.125,0.07322330470336312,0.06060606060606061,31,0.0,1.4651204832036953,0.0,0.5,1,1
13746.0,1,176.69,83,9,176.69,233,19.63222222222222,0.0,0.0,0.1111111111111111,9,0.0,3.8547341023733397,0.0,0.0,1,1
13747.0,2,169.79999999999998,60,4,84.89999999999999,244,42.449999999999996,12.75,0.4811320754716981,0.4,4,0.0,4.814872791673731,-10.599999999999994,0.0,1,1
13748.0,7,1696.95,812,32,242.42142857142858,557,53.0296875,12.0,0.22395729472507206,0.11627906976744186,32,101.87499999999999,3.885257067507909,20.430000000000007,0.0,1,0
13750.0,10,2605.14,1084,39,260.514,436,66.79846153846154,5.266666666666667,0.28823131250278705,0.14754098360655737,39,-117.43499999999995,2.3330298553621063,19.657857142857143,0.2,1,1
13751.0,1,296.25,152,9,296.25,107,32.916666666666664,0.0,0.0,0.1111111111111111,9,0.0,2.802583629439093,0.0,0.0,1,1
13752.0,5,1265.98,839,68,253.196,347,18.61735294117647,4.275,0.13097276243675307,0.06172839506172839,71,457.0799999999999,3.3975626930325245,-63.33000000000002,0.0,1,0
13753.0,4,2094.57,1450,64,523.6425,556,32.72765625,5.670886075949367,0.15145223938798041,0.0375,64,33.828999999999986,1.5524441274929484,33.828999999999986,0.0,1,1
13754.0,2,320.45,183,16,160.225,256,20.028125,7.4375,0.24186991869918703,0.11764705882352941,16,-8.450000000000017,3.455092681995154,-8.450000000000017,0.0,1,1
13756.0,15,5162.34,2959,125,344.156,543,41.29872,2.1067193675889326,0.15256071565096893,0.051181102362204724,131,271.27371428571433,3.8376766189002045,54.112454545454554,0.06666666666666667,1,0
13757.0,1,195.55,54,8,195.55,494,24.44375,0.0,0.0,0.125,8,0.0,4.022388904618746,0.0,0.0,1,1
13758.0,15,7705.26,4307,200,513.684,558,38.5263,1.9962406015037595,0.1531482088500132,0.02247191011235955,209,-89.54342857142858,2.956557148260955,-47.38918181818182,0.2,1,0
13760.0,5,1206.94,518,80,241.388,412,15.08675,3.7222222222222223,0.1680051491610664,0.04395604395604396,81,-266.97499999999997,2.7661821633225387,8.135000000000003,0.2,1,0
13761.0,4,881.52,437,50,220.38,476,17.630399999999998,3.0,0.18721939521171277,0.038461538461538464,50,-9.889999999999986,2.350017321267316,-9.889999999999986,0.0,1,1
13762.0,6,2165.76,2336,23,360.96000000000004,518,94.16347826086958,11.975609756097562,0.2002785654910681,0.09523809523809523,25,-563.64,0.4699873351890403,-98.352,0.16666666666666666,1,0
13763.0,3,3492.53,2495,35,1164.1766666666667,254,99.78657142857143,1.3142857142857143,0.19887304980574394,0.05555555555555555,35,-2900.4300000000003,2.7116547252934597,-1603.215,0.3333333333333333,1,1
13764.0,4,1892.14,1439,195,473.035,461,9.703282051282052,1.3217391304347825,0.07795981191132423,0.017316017316017316,197,-214.2,2.6565317667342105,-214.2,0.0,1,1
13765.0,1,352.82,296,16,352.82,472,22.05125,0.0,0.0,0.0625,16,0.0,4.961874645736226,0.0,0.0,1,1
13766.0,1,190.35,137,16,190.35,314,11.896875,0.0,0.0,0.11764705882352941,16,0.0,0.9782513661089963,0.0,0.0,1,1
13767.0,74,23684.8,10256,114,320.06486486486483,558,207.76140350877193,0.8028391167192429,0.16427712052707788,0.05984251968503937,125,215.85821428571435,2.721718243312673,17.049226006191954,0.21621621621621623,1,0
13768.0,8,758.07,357,37,94.75875,558,20.48837837837838,4.071428571428571,0.18251204413186503,0.06976744186046512,38,-405.40999999999997,3.5665570252550927,-405.40999999999997,0.75,1,1
13769.0,21,4112.02,1891,105,195.8104761904762,543,39.16209523809524,2.330275229357798,0.21696229943891449,0.0502283105022831,106,51.86071428571428,2.5950868859651277,-6.914670329670329,0.2857142857142857,1,0
13770.0,4,785.37,468,48,196.3425,549,16.361875,6.531914893617022,0.1943236811319807,0.020833333333333332,48,26.325,4.919790959492729,26.325,0.0,1,1
13771.0,7,4559.22,2488,135,651.3171428571429,472,33.772,2.710843373493976,0.11056472359178057,0.017964071856287425,141,297.64500000000004,2.829833942117636,-57.22700000000001,0.0,1,0
13772.0,7,2186.31,970,313,312.33,473,6.985015974440895,0.9559164733178654,0.08434245769124153,0.009259259259259259,329,-7.629000000000014,4.59634250780589,-7.629000000000014,0.14285714285714285,1,0
13773.0,2,301.54,174,19,150.77,479,15.870526315789474,14.61111111111111,0.2319603425734615,0.05263157894736842,19,118.74000000000001,1.9976391036180923,118.74000000000001,0.0,1,1
13775.0,1,1049.66,455,63,1049.66,410,16.661269841269842,0.0,0.0,0.015873015873015872,63,0.0,3.015641414154023,0.0,0.0,1,1
13777.0,57,34633.88,15749,49,607.6119298245613,557,706.8138775510204,1.8088737201365188,0.2707323528998954,0.0782312925170068,52,103.67535714285711,1.4152240483597613,-45.80125902992776,0.14035087719298245,1,0
13778.0,4,937.84,440,28,234.46,384,33.494285714285716,2.057142857142857,0.23349997785669158,0.05555555555555555,28,-696.74,3.071090429891544,-116.07999999999998,0.25,1,1
13779.0,1,161.13,53,27,161.13,335,5.967777777777777,0.0,0.0,0.037037037037037035,27,0.0,3.415661140341797,0.0,0.0,1,1
13780.0,1,372.06,161,35,372.06,226,10.630285714285714,0.0,0.0,0.04878048780487805,35,0.0,1.3377639698483401,0.0,0.0,1,1
13781.0,4,770.88,299,56,192.72,540,13.765714285714285,8.228070175438596,0.16854027525455428,0.034482758620689655,56,-89.325,2.7272349376838907,-89.325,0.25,1,0
13782.0,10,1230.57,429,141,123.05699999999999,552,8.727446808510638,2.9176470588235293,0.17938956151980434,0.029239766081871343,142,9.632857142857139,3.403611286583955,4.204333333333333,0.1,1,0
13783.0,4,1542.09,3437,4,385.5225,492,385.5225,20.333333333333332,0.5987734705418394,0.3,4,-389.29499999999996,0.31278142883205556,-99.285,0.0,1,1
13784.0,10,1462.82,1734,12,146.28199999999998,270,121.90166666666666,8.7,0.3725153572404857,0.16129032258064516,12,102.564,4.314932760910973,4.55892857142857,0.1,1,0
13785.0,4,542.49,151,26,135.6225,279,20.865000000000002,1.0344827586206897,0.1574349074160123,0.06666666666666667,27,-81.49000000000001,3.4829416157682824,-81.49000000000001,0.0,1,1
13786.0,7,3112.99,1503,80,444.7128571428571,555,38.912375,3.1551724137931036,0.14121269513163354,0.03418803418803419,80,61.91499999999998,2.7437315342605033,-101.65200000000002,0.14285714285714285,1,1
13787.0,8,971.06,706,56,121.3825,514,17.34035714285714,4.739130434782608,0.22989406569702686,0.07142857142857142,56,-54.87599999999999,3.819457163364229,4.681000000000004,0.375,1,1
13788.0,1,3.75,1,1,3.75,324,3.75,0.0,0.0,1.0,1,0.0,0.0,0.0,0.0,1,1
13789.0,1,239.45999999999998,258,18,239.45999999999998,207,13.303333333333333,0.0,0.0,0.05555555555555555,18,0.0,0.4820327328673391,0.0,0.0,1,1
13792.0,2,263.0,92,14,131.5,242,18.785714285714285,10.384615384615385,0.27013537986505604,0.07142857142857142,14,-113.8,3.7507746452646873,-113.8,0.0,1,1
13793.0,1,96.0,52,7,96.0,466,13.714285714285714,0.0,0.0,0.14285714285714285,7,0.0,0.3105295017040595,0.0,0.0,1,1
13794.0,1,126.03,63,9,126.03,366,14.003333333333334,0.0,0.0,0.1111111111111111,9,0.0,3.2045557847816877,0.0,0.0,1,1
13795.0,4,836.3,1250,23,209.075,457,36.36086956521739,8.821428571428571,0.27971474500556137,0.10344827586206896,24,90.725,2.6149179361517034,-4.470000000000004,0.0,1,1
13796.0,1,289.7,218,22,289.7,318,13.168181818181818,0.0,0.0,0.045454545454545456,22,0.0,2.5280557781259527,0.0,0.0,1,1
13797.0,4,1168.45,570,71,292.1125,467,16.457042253521127,2.6455696202531644,0.14698817343409676,0.0375,71,84.54500000000002,3.4093976949609535,84.54500000000002,0.25,1,1
13798.0,100,59764.56,38182,157,597.6456,550,380.6659872611465,0.687248322147651,0.19662681156704276,0.03753351206434316,176,1126.9074999999998,2.1190233707305723,55.71331578947368,0.13,1,0
13799.0,12,1692.66,1142,53,141.055,463,31.936981132075474,3.760869565217391,0.20903579091220426,0.053763440860215055,53,65.17999999999998,2.409459070155102,30.363214285714278,0.3333333333333333,1,1
13800.0,3,1679.56,891,73,559.8533333333334,556,23.00767123287671,5.916666666666667,0.1495981271738562,0.0136986301369863,73,39.81000000000003,3.1274303791220848,39.81000000000003,0.0,1,1
13802.0,22,24548.2,13302,210,1115.8272727272727,481,116.89619047619048,0.9047619047619048,0.14595815256483843,0.020361990950226245,222,-278.87,2.5817525151923326,-52.55027472527475,0.18181818181818182,1,0
13803.0,4,1319.1100000000001,819,73,329.77750000000003,438,18.07,4.641025641025641,0.15788646937908904,0.02531645569620253,74,17.872999999999983,2.110714025360061,17.872999999999983,0.25,1,0
13804.0,3,1296.3600000000001,752,69,432.12000000000006,256,18.787826086956525,2.0277777777777777,0.11211145030876088,0.0273972602739726,70,150.89999999999998,2.890854194809362,150.89999999999998,0.0,1,1
13807.0,4,397.3,114,25,99.325,555,15.892000000000001,14.115384615384615,0.2771493150168889,0.07407407407407407,25,14.774999999999991,5.479197255447421,14.774999999999991,0.25,1,1
13809.0,3,679.7,281,23,226.5666666666667,280,29.55217391304348,6.416666666666667,0.2786763919209021,0.08,23,13.999999999999998,3.576464734902331,13.999999999999998,0.0,0,1
13811.0,2,519.75,63,5,259.875,58,103.95,6.111111111111111,0.31609195402298845,0.2,5,0.0,0.0,74.25,0.0,0,0
13813.0,7,1153.01,716,49,164.71571428571428,553,23.530816326530612,2.7142857142857144,0.20659336084666535,0.05128205128205128,52,-31.305,2.8361178693355766,-33.141000000000005,0.42857142857142855,0,1
13814.0,2,676.95,349,22,338.475,346,30.770454545454548,0.6363636363636364,0.15969735865344623,0.08695652173913043,22,-679.45,3.2488687602523854,-679.45,0.5,0,1
13815.0,6,3814.89,3383,150,635.8149999999999,485,25.4326,1.4935064935064934,0.121611682554163,0.021551724137931036,170,-11.298000000000014,4.374712676467111,-72.90942857142856,0.16666666666666666,0,1
13817.0,1,110.7,62,8,110.7,171,13.8375,0.0,0.0,0.125,8,0.0,0.5873670062235365,0.0,0.0,0,1
13818.0,1,61.28,60,5,61.28,249,12.256,0.0,0.0,0.2,5,0.0,0.8146655755584619,0.0,0.0,1,1
13819.0,7,2631.1,2302,47,375.87142857142857,557,55.98085106382978,4.213592233009709,0.11762536579401375,0.04807692307692308,52,34.59999999999991,1.8430545399801115,-102.86000000000004,0.14285714285714285,1,1
13820.0,5,632.5,282,68,126.5,500,9.301470588235293,2.868131868131868,0.11421417561465326,0.043478260869565216,71,-100.03999999999996,2.6490269265202877,26.255000000000006,0.4,1,1
13821.0,6,1239.89,428,151,206.64833333333334,523,8.211192052980133,2.3475935828877006,0.09441858261839996,0.015957446808510637,153,-195.2,3.5949297817850927,-195.2,0.16666666666666666,1,0
13823.0,6,2400.89,1121,91,400.1483333333333,543,26.38340659340659,2.744,0.1506109205147215,0.031746031746031744,96,9.824999999999989,8.270900524472186,32.50899999999999,0.16666666666666666,1,1
13824.0,12,2807.4,1184,47,233.95000000000002,456,59.731914893617024,5.156626506024097,0.3195019060225552,0.08333333333333333,49,87.51085714285715,1.8903650190732022,18.94836363636364,0.16666666666666666,1,0
13825.0,2,255.59,182,38,127.795,549,6.7260526315789475,2.769230769230769,0.1513750353533365,0.05,38,-31.13000000000001,1.329493348649238,-31.13000000000001,0.0,1,1
13829.0,2,0.0,0,1,0.0,240,0.0,61.0,61.0,1.0,1,0.0,0.0,-204.0,0.5,1,1
13830.0,2,135.95000000000002,45,11,67.97500000000001,401,12.359090909090911,0.5833333333333334,0.19311031338231976,0.15384615384615385,11,0.0,5.822855057928286,0.0,0.5,1,1
13831.0,17,5466.14,2039,119,321.53764705882355,548,45.93394957983194,3.0828402366863905,0.19530020413799093,0.07647058823529412,119,-68.26914285714287,3.4950244525784266,-46.41454545454546,0.11764705882352941,1,0
13832.0,1,557.6899999999999,392,51,557.6899999999999,241,10.935098039215685,0.0,0.0,0.038461538461538464,51,0.0,2.375395815234735,0.0,0.0,1,1
13833.0,1,316.56,126,16,316.56,223,19.785,0.0,0.0,0.0625,16,0.0,3.56801065020832,0.0,0.0,1,1
13834.0,3,269.89,215,19,89.96333333333332,541,14.204736842105262,7.578947368421052,0.3073331400497032,0.1,19,88.02,4.552259676017476,88.02,0.3333333333333333,1,1
13835.0,5,538.7,228,34,107.74000000000001,465,15.844117647058825,11.289473684210526,0.220187110551741,0.05128205128205128,34,56.07000000000001,3.317549336971323,56.07000000000001,0.2,1,0
13836.0,3,602.52,270,29,200.84,233,20.77655172413793,0.4375,0.1517702989717412,0.09090909090909091,29,0.0,3.995494076665196,-3.519999999999982,0.3333333333333333,1,1
13837.0,2,266.59000000000003,182,17,133.29500000000002,137,15.681764705882355,6.176470588235294,0.23337166297470668,0.1111111111111111,17,48.49000000000002,1.2072538112202762,48.49000000000002,0.0,1,0
13838.0,7,1245.91,520,242,177.98714285714286,399,5.148388429752067,0.7272727272727273,0.07077894511698651,0.013937282229965157,244,765.03,2.279673545999196,-4.890000000000001,0.0,1,1
13839.0,1,139.95000000000002,25,7,139.95000000000002,305,19.992857142857144,0.0,0.0,0.14285714285714285,7,0.0,0.8315218406203,0.0,0.0,1,1
13840.0,1,651.4,358,40,651.4,235,16.285,0.0,0.0,0.025,40,0.0,2.245540252509633,0.0,0.0,1,1
13841.0,1,85.0,100,1,85.0,72,85.0,0.0,0.0,1.0,1,0.0,0.0,0.0,0.0,1,0
13842.0,16,3737.2400000000002,1670,158,233.57750000000001,480,23.653417721518988,1.8641975308641976,0.18535712752338096,0.028688524590163935,161,92.25657142857145,4.571344018602149,5.7891608391608385,0.0625,1,0
13843.0,1,319.75,145,18,319.75,200,17.76388888888889,0.0,0.0,0.05555555555555555,18,0.0,3.392899159403702,0.0,0.0,1,1
13846.0,4,1089.21,657,69,272.3025,219,15.785652173913045,2.1971830985915495,0.1442252607973621,0.027777777777777776,69,-619.05,2.3836805617247223,-103.825,0.25,1,0
13847.0,1,310.72,96,19,310.72,539,16.353684210526318,0.0,0.0,0.05263157894736842,19,0.0,4.212222816118775,0.0,0.0,1,1
13848.0,7,2695.0,8200,3,385.0,549,898.3333333333334,53.75,1.4046259490177044,0.7777777777777778,3,46.714285714285715,0.17933519205976028,14.464285714285714,0.0,1,1
13849.0,4,1905.85,865,108,476.4625,444,17.64675925925926,1.8991596638655461,0.10224427281440894,0.025,111,886.5500000000001,3.784167702822013,-2.555000000000007,0.25,1,1
13851.0,7,2111.62,964,56,301.65999999999997,499,37.707499999999996,5.118421052631579,0.1684031155360344,0.03896103896103896,57,107.36600000000001,2.9290414532038405,107.36600000000001,0.14285714285714285,1,1
13852.0,2,170.45000000000002,79,11,85.22500000000001,430,15.495454545454548,0.25,0.13397459621556135,0.15384615384615385,11,0.0,2.2859661033447165,0.0,0.5,1,1
13854.0,36,8898.83,2865,53,247.18972222222223,520,167.90245283018868,3.4305555555555554,0.315017083309954,0.07586206896551724,53,301.0922857142857,3.2274868266927275,30.932544117647055,0.16666666666666666,1,0
13855.0,5,1253.94,561,65,250.788,550,19.291384615384615,2.986842105263158,0.1739786682104724,0.03896103896103896,65,-165.51800000000003,2.109375403597339,-165.51800000000003,0.2,1,1
13856.0,12,914.48,866,31,76.20666666666666,438,29.499354838709678,7.944444444444445,0.21649971005884586,0.10909090909090909,32,13.091999999999999,4.006729045380738,-2.329999999999999,0.16666666666666666,1,0
13857.0,7,997.01,779,98,142.43,390,10.173571428571428,1.3779527559055118,0.14112526589232618,0.0390625,98,71.12499999999999,2.462893234720076,-13.718000000000002,0.14285714285714285,1,1
13859.0,2,515.86,167,34,257.93,348,15.17235294117647,5.8,0.1642442399723488,0.05555555555555555,34,-113.53999999999999,4.484220234456723,-113.53999999999999,0.0,1,1
13861.0,3,251.31,220,21,83.77,350,11.967142857142857,4.545454545454546,0.21839749120254262,0.08695652173913043,21,8.199999999999989,3.540100543446119,8.199999999999989,0.3333333333333333,1,1
13862.0,7,1477.19,1042,77,211.02714285714288,208,19.184285714285714,2.1041666666666665,0.19055132421502938,0.030927835051546393,77,57.239999999999974,1.0168174357250674,-36.0,0.2857142857142857,1,0
13863.0,6,1217.63,546,59,202.93833333333336,412,20.63779661016949,4.726027397260274,0.17799616044778455,0.04054054054054054,59,-166.28,3.8011022096419778,-35.32200000000001,0.3333333333333333,1,0
13864.0,1,662.4000000000001,192,1,662.4000000000001,206,662.4000000000001,0.0,0.0,1.0,1,0.0,0.0,0.0,0.0,1,1
13865.0,2,282.52,100,17,141.26,109,16.618823529411763,6.375,0.24056603773584906,0.058823529411764705,17,35.91999999999999,3.553955749666593,35.91999999999999,0.0,1,0
13867.0,1,138.85,31,8,138.85,37,17.35625,0.0,0.0,0.125,8,0.0,3.775650369709265,0.0,0.0,1,0
13869.0,9,6486.38,3317,425,720.7088888888889,510,15.262070588235295,0.6333830104321908,0.09053508351166736,0.013392857142857142,435,-33.044000000000004,3.0804058894154718,-46.668833333333346,0.0,1,0
13870.0,9,3482.62,2507,113,386.9577777777778,489,30.819646017699114,2.3625,0.1599068144729939,0.024844720496894408,113,-1.231000000000006,1.9173841300516477,-34.2075,0.1111111111111111,1,1
13871.0,12,3810.88,1713,106,317.5733333333333,538,35.95169811320755,2.6914893617021276,0.1682310058687708,0.047619047619047616,110,167.04857142857142,2.700769178216092,46.40383333333334,0.25,1,0
13872.0,6,891.32,332,52,148.55333333333334,550,17.14076923076923,3.6166666666666667,0.19258756500703125,0.04918032786885246,53,-77.53800000000001,3.618173768735413,-77.53800000000001,0.5,1,1
13873.0,8,871.82,396,47,108.9775,466,18.549361702127662,8.294117647058824,0.2991109918537916,0.038461538461538464,47,-8.080000000000004,4.029430171099971,-9.860571428571431,0.125,1,0
13874.0,10,1989.2,851,47,198.92000000000002,547,42.32340425531915,5.083333333333333,0.24422128903625506,0.1095890410958904,47,127.68400000000003,4.642318289602588,91.3825,0.3,1,1
13875.0,12,4095.46,2510,136,341.28833333333336,542,30.113676470588235,2.399103139013453,0.1883246937206429,0.03571428571428571,143,-19.427500000000006,19.725822419593158,-2.9090909090909087,0.0,1,0
13877.0,4,329.09,367,20,82.2725,509,16.4545,10.666666666666666,0.2732432041104912,0.09090909090909091,20,19.42999999999998,3.781536140831604,-29.033000000000005,0.5,1,1
13878.0,3,1145.33,464,59,381.77666666666664,423,19.41237288135593,0.8333333333333334,0.1449028824098164,0.029850746268656716,59,0.0,3.4896265476239003,-210.68999999999997,0.0,1,1
13879.0,1,395.5,204,25,395.5,465,15.82,0.0,0.0,0.04,25,0.0,2.3302579971611155,0.0,0.0,1,1
13880.0,10,2413.66,1410,93,241.36599999999999,381,25.953333333333333,2.875968992248062,0.22537813931654122,0.038461538461538464,93,110.10600000000002,2.147789916759896,4.373090909090909,0.0,1,0
13881.0,33,30972.44,21924,161,938.5587878787878,464,192.37540372670807,1.2403560830860534,0.17663444572269388,0.026627218934911243,177,-912.6451428571429,2.817612552440785,-215.11774725274725,0.18181818181818182,1,0
13883.0,23,5426.04,2967,190,235.91478260869565,536,28.558105263157895,1.8172043010752688,0.16474403360310808,0.014285714285714285,200,75.95857142857143,2.9723959845795944,35.01307692307692,0.43478260869565216,1,0
13884.0,12,1197.58,510,87,99.79833333333333,289,13.765287356321839,1.3897058823529411,0.12747409794588413,0.043795620437956206,88,-24.27499999999999,2.646737161888566,-24.27499999999999,0.3333333333333333,1,1
13885.0,2,506.8,182,28,253.4,20,18.1,0.4074074074074074,0.13070703039696707,0.03571428571428571,28,0.0,2.7822305580786937,-291.5,0.0,1,0
13887.0,1,349.55,147,19,349.55,23,18.397368421052633,0.0,0.0,0.05263157894736842,19,0.0,2.99569564503152,0.0,0.0,1,0
13888.0,6,1635.48,615,110,272.58,395,14.868,2.3666666666666667,0.12480555356001043,0.026490066225165563,110,-29.498000000000008,3.566029114687528,-29.498000000000008,0.0,1,0
13889.0,7,1438.8300000000002,801,52,205.5471428571429,505,27.669807692307696,4.054054054054054,0.20124004438649118,0.04,53,-247.83999999999995,2.0130292980865816,-9.147142857142853,0.2857142857142857,1,1
13890.0,10,1183.1200000000001,630,51,118.31200000000001,552,23.19843137254902,5.15,0.19791280522821564,0.06172839506172839,53,-22.386000000000003,2.2944724709076567,-18.369642857142857,0.5,1,1
13891.0,3,859.21,476,97,286.40333333333336,401,8.857835051546392,2.0714285714285716,0.11368749704620443,0.020202020202020204,97,62.410000000000025,3.0236277956094697,-149.575,0.0,1,1
13892.0,3,689.1999999999999,2282,11,229.73333333333332,395,62.65454545454545,29.818181818181817,0.4040733608214168,0.16666666666666666,11,-235.36,0.5144657422997182,-235.36,0.0,1,0
13893.0,1,821.1,190,21,821.1,117,39.1,0.0,0.0,0.047619047619047616,21,0.0,2.84991227935177,0.0,0.0,1,1
13894.0,2,150.95,99,10,75.475,129,15.094999999999999,0.8,0.22664031527921533,0.18181818181818182,10,0.0,1.364417957825374,0.0,0.5,1,1
13895.0,3,1335.5,694,67,445.1666666666667,555,19.932835820895523,3.3676470588235294,0.1216417849540077,0.028985507246376812,67,-326.5,13.772632812138902,-326.5,0.3333333333333333,1,1
13896.0,1,388.55,149,21,388.55,445,18.502380952380953,0.0,0.0,0.047619047619047616,20,0.0,3.3462256634118672,0.0,0.0,1,1
13897.0,2,849.56,620,42,424.78,496,20.227619047619047,5.804878048780488,0.15208216116492415,0.023809523809523808,42,-115.78000000000003,2.111572064923633,-115.78000000000003,0.0,1,1
13898.0,2,686.4,544,43,343.2,230,15.962790697674418,1.8888888888888888,0.13816704862986054,0.043478260869565216,43,-374.54,1.9829842830104998,-374.54,0.0,1,1
13899.0,1,298.5,122,15,298.5,94,19.9,0.0,0.0,0.06666666666666667,15,0.0,2.8376717485257084,0.0,0.0,1,1
13900.0,7,1608.09,936,80,229.72714285714284,443,20.101125,4.621052631578947,0.20342414433970715,0.03125,80,28.090000000000003,2.7487979968763763,-29.408285714285714,0.14285714285714285,1,0
13901.0,17,3380.44,1895,178,198.84941176470588,523,18.99123595505618,2.1881188118811883,0.19431807980878077,0.019704433497536946,180,-101.78500000000001,5.583431852981572,-19.727515151515156,0.29411764705882354,1,0
13902.0,7,30375.26,218088,59,4339.322857142857,550,514.8349152542372,1.5,0.2013076236336691,0.046153846153846156,59,29694.339999999997,1.4062413247595655,2876.722,0.2857142857142857,0,1
13903.0,1,165.45000000000002,103,10,165.45000000000002,219,16.545,0.0,0.0,0.1,10,0.0,2.151511096880516,0.0,0.0,1,1
13904.0,1,201.12,223,17,201.12,114,11.830588235294117,0.0,0.0,0.058823529411764705,17,0.0,0.8368682867762195,0.0,0.0,1,1
13905.0,3,244.45,124,12,81.48333333333333,552,20.370833333333334,11.5,0.3186236849601231,0.2,12,-172.67499999999998,3.3041006268545985,-172.67499999999998,0.6666666666666666,1,1
13906.0,1,42.0,100,1,42.0,228,42.0,0.0,0.0,1.0,1,0.0,0.0,0.0,0.0,1,1
13907.0,1,136.8,68,4,136.8,511,34.2,0.0,0.0,0.25,4,0.0,0.6128825336065631,0.0,0.0,1,1
13908.0,3,758.61,549,48,252.87,96,15.804375,1.1851851851851851,0.12739290800530828,0.05454545454545454,48,-133.39,1.6588405751825743,-133.39,0.3333333333333333,1,0
13909.0,2,282.85,301,35,141.425,340,8.081428571428573,2.6486486486486487,0.15479124846667203,0.05263157894736842,36,57.92999999999999,3.4819355811359656,57.92999999999999,0.0,1,1
13911.0,19,3323.04,3210,152,174.89684210526315,467,21.862105263157893,2.2110552763819094,0.1976464088445507,0.02,152,85.10057142857143,2.4980723176121424,21.47430303030303,0.10526315789473684,1,0
13912.0,1,124.95,29,7,124.95,243,17.85,0.0,0.0,0.14285714285714285,7,0.0,1.8110770276274832,0.0,0.0,1,1
13913.0,1,42.22,10,3,42.22,326,14.073333333333332,0.0,0.0,0.3333333333333333,3,0.0,7.4823258416083425,0.0,0.0,1,1
13915.0,2,31.200000000000003,16,4,15.600000000000001,550,7.800000000000001,112.33333333333333,0.5743980832431943,0.25,4,110.4,1.1547005383792515,110.4,0.5,1,1
13916.0,5,1260.51,667,73,252.102,558,17.267260273972603,3.689189189189189,0.19530625452794984,0.02666666666666667,73,128.74699999999999,14.44168076614877,128.74699999999999,0.2,1,1
13917.0,1,65.38,38,5,65.38,11,13.075999999999999,0.0,0.0,0.2,5,0.0,3.891724553459558,0.0,0.0,1,0
13918.0,1,198.2,100,8,198.2,72,24.775,0.0,0.0,0.125,8,0.0,1.0361329203202785,0.0,0.0,1,0
13919.0,2,903.87,655,44,451.935,360,20.5425,2.5217391304347827,0.13929746174647994,0.0425531914893617,45,-258.66999999999996,2.215322764095829,-258.66999999999996,0.0,0,1
13920.0,5,1734.88,1768,81,346.976,381,21.418271604938273,1.471264367816092,0.18597401565365768,0.03409090909090909,82,-81.36499999999998,3.122634642953789,2.0640000000000103,0.2,1,1
13921.0,5,720.75,209,36,144.15,541,20.020833333333332,7.25,0.219802884580746,0.08888888888888889,36,134.45,3.847848999011255,17.135,0.2,1,1
13922.0,5,826.65,454,30,165.32999999999998,286,27.555,3.6774193548387095,0.26689365156257283,0.0625,30,-559.25,2.962536902587637,-106.11500000000001,0.4,1,1
13927.0,2,340.97,243,20,170.485,256,17.0485,1.0454545454545454,0.17708713797261919,0.08695652173913043,20,-377.57,2.195337675593762,-377.57,0.5,1,1
13929.0,13,2888.2999999999997,1450,38,222.17692307692306,514,76.0078947368421,7.115384615384615,0.34499556636604434,0.1509433962264151,38,-80.56400000000001,3.9462648283903854,19.917619047619045,0.23076923076923078,1,1
13931.0,10,4398.06,2974,177,439.80600000000004,556,24.847796610169492,1.9482758620689655,0.12263051155568362,0.02145922746781116,183,-205.843,2.01321967856837,-204.5697142857143,0.0,1,1
13932.0,1,307.4,72,16,307.4,114,19.2125,0.0,0.0,0.0625,16,0.0,3.7552837775592938,0.0,0.0,1,1
13934.0,1,922.1,390,31,922.1,83,29.74516129032258,0.0,0.0,0.03225806451612903,31,0.0,2.7816052841820036,0.0,0.0,1,0
13935.0,3,6116.92,2252,67,2038.9733333333334,471,91.29731343283582,0.6962025316455697,0.12531746759799484,0.025,70,632.6800000000003,2.9892286694019714,527.385,0.0,1,1
13936.0,2,563.08,331,31,281.54,233,18.163870967741936,0.96875,0.14949666757811414,0.06060606060606061,31,0.0,4.312769754409045,-253.28,0.0,1,1
13937.0,2,708.53,463,45,354.265,222,15.745111111111111,0.13333333333333333,0.07038187266672276,0.043478260869565216,44,0.0,2.9445644675200513,0.0,0.5,1,1
13939.0,8,1149.61,955,62,143.70125,432,18.542096774193546,3.7848101265822787,0.19385240637315532,0.0375,62,-137.35000000000002,1.820349111043249,2.244999999999993,0.375,1,1
13941.0,13,6957.58,3362,36,535.1984615384615,542,193.26611111111112,6.161764705882353,0.2879304663126591,0.08695652173913043,36,80.05699999999997,2.6117237238822133,44.39416666666668,0.07692307692307693,1,1
13942.0,1,320.0,1000,1,320.0,354,320.0,0.0,0.0,1.0,1,0.0,0.0,0.0,0.0,1,1
13943.0,1,246.54,94,15,246.54,397,16.436,0.0,0.0,0.06666666666666667,15,0.0,3.8998880325807646,0.0,0.0,1,1
13944.0,1,200.43,153,35,200.43,472,5.726571428571429,0.0,0.0,0.02857142857142857,35,0.0,0.8605194835171399,0.0,0.0,1,1
13945.0,2,854.15,413,49,427.075,299,17.431632653061225,1.7,0.13056018101945102,0.0392156862745098,49,-177.14999999999998,3.1920193989287178,-177.14999999999998,0.0,1,1
13946.0,6,1669.83,2643,48,278.305,555,34.788125,9.833333333333334,0.29918102959672044,0.07272727272727272,48,-4.24542857142857,1.6446047287432668,-4.24542857142857,0.16666666666666666,1,0
13948.0,5,536.86,246,23,107.372,555,23.34173913043478,15.541666666666666,0.3008354259611014,0.08,23,65.39999999999999,2.8356511303990364,-7.126,0.2,1,1
13950.0,1,179.30999999999997,81,7,179.30999999999997,66,25.615714285714283,0.0,0.0,0.14285714285714285,7,0.0,7.520633521946709,0.0,0.0,1,0
13951.0,2,516.05,315,32,258.025,113,16.1265625,1.8387096774193548,0.16362263091516208,0.03125,32,90.93,2.8141025720983097,90.93,0.0,1,0
13952.0,17,12790.89,5937,237,752.405294117647,543,53.97,1.2262773722627738,0.12253155337555698,0.01699029126213592,264,76.2717142857143,3.3098886595303614,10.14672727272728,0.17647058823529413,1,0
13953.0,8,4875.0,3900,1,609.375,547,4875.0,73.42857142857143,4.012517401044381,1.0,1,17.857142857142858,0.0,-4.464285714285714,0.0,1,0
13955.0,2,426.21,228,63,213.105,194,6.765238095238095,1.1129032258064515,0.11399182903764779,0.015873015873015872,63,-16.00999999999999,2.8326332739556923,-16.00999999999999,0.0,1,1
13956.0,2,290.32,132,49,145.16,90,5.9248979591836735,0.5283018867924528,0.10901598103388808,0.05555555555555555,49,54.280000000000015,2.637031635960517,54.280000000000015,0.0,1,0
13957.0,3,458.25,157,21,152.75,478,21.821428571428573,9.23076923076923,0.2637512674797281,0.1111111111111111,23,48.254999999999995,3.0130050498131316,48.254999999999995,0.0,1,1
13958.0,12,4504.78,2215,177,375.3983333333333,553,25.450734463276834,1.4672131147540983,0.1211669046667187,0.02040816326530612,177,141.055,3.691860141552521,-53.95942857142859,0.3333333333333333,1,1
13959.0,5,808.17,537,75,161.634,330,10.775599999999999,2.28,0.16945074963337137,0.039603960396039604,75,39.724999999999994,2.27864086639817,8.284,0.0,1,1
13961.0,2,498.7,222,19,249.35,211,26.24736842105263,0.35,0.13643907206030928,0.09523809523809523,19,0.0,4.237558821055439,0.0,0.5,1,1
13962.0,2,310.85,103,19,155.425,255,16.360526315789475,10.555555555555555,0.23055406020392777,0.05263157894736842,19,-75.65,5.571377615815652,-75.65,0.0,1,0
13963.0,18,2748.32,2000,129,152.68444444444447,416,21.304806201550388,1.6726190476190477,0.24670290922204896,0.029585798816568046,135,45.59599999999999,3.9776979596299804,10.78018181818182,0.05555555555555555,1,1
13964.0,3,421.9,226,22,140.63333333333333,250,19.177272727272726,1.75,0.19110188972578412,0.12,22,0.0,2.4940671602825777,-155.39999999999998,0.3333333333333333,1,1
13965.0,5,777.6600000000001,402,23,155.532,522,33.81130434782609,9.11111111111111,0.239678678506972,0.07142857142857142,23,-706.8599999999999,4.462932385348278,-214.638,0.4,1,1
13966.0,1,384.26,760,21,384.26,254,18.298095238095236,0.0,0.0,0.047619047619047616,21,0.0,1.1121866064735033,0.0,0.0,1,1
13967.0,1,85.6,24,4,85.6,215,21.4,0.0,0.0,0.25,4,0.0,3.689060404312549,0.0,0.0,1,1
13968.0,1,123.66,174,8,123.66,242,15.4575,0.0,0.0,0.125,8,0.0,0.8402114954836414,0.0,0.0,1,1
13969.0,26,5855.92,3191,329,225.2276923076923,443,17.799148936170212,0.6776729559748428,0.12324395851816104,0.015698587127158554,339,121.6508571428571,2.7741745166423937,8.62367857142857,0.07692307692307693,1,0
13970.0,2,846.55,469,10,423.275,257,84.655,4.25,0.2703144167945571,0.15384615384615385,10,269.45,1.6858901627999496,269.45,0.0,1,1
13971.0,12,2818.39,1950,129,234.8658333333333,502,21.84798449612403,2.7964071856287425,0.18351676741302564,0.023809523809523808,134,-3.8322857142857156,2.3843065344903662,2.1223333333333376,0.25,1,0
13972.0,1,145.9,42,9,145.9,21,16.211111111111112,0.0,0.0,0.1111111111111111,9,0.0,1.7751369274259132,0.0,0.0,1,0
13973.0,1,264.7,109,11,264.7,106,24.063636363636363,0.0,0.0,0.09090909090909091,11,0.0,2.9910442080560187,0.0,0.0,1,1
13974.0,3,249.93,105,15,83.31,401,16.662,0.1875,0.10714285714285714,0.11764705882352941,15,0.0,2.9799412745891485,0.0,0.6666666666666666,1,1
13975.0,10,3717.62,2742,345,371.762,495,10.775710144927537,0.8507462686567164,0.08608687373907829,0.0111731843575419,360,-113.09899999999999,1.6026590722152365,-7.918214285714279,0.2,1,0
13976.0,4,1192.36,452,49,298.09,487,24.333877551020407,8.363636363636363,0.19132200145903236,0.03571428571428571,50,29.185999999999996,3.2518306532478896,29.185999999999996,0.0,1,0
13977.0,1,519.8100000000001,303,13,519.8100000000001,230,39.98538461538462,0.0,0.0,0.07692307692307693,13,0.0,2.169144047184487,0.0,0.0,1,1
13979.0,10,2414.36,1584,310,241.436,556,7.788258064516129,0.9941520467836257,0.08082392160836252,0.008746355685131196,313,315.1720000000001,2.5893354650331095,315.1720000000001,0.4,1,1
13980.0,8,521.88,285,48,65.235,475,10.8725,3.9272727272727272,0.22897028104755662,0.05357142857142857,48,30.690000000000012,4.015479136392716,8.390000000000004,0.5,1,1
13981.0,2,327.39,233,22,163.695,235,14.881363636363636,0.6818181818181818,0.16241458709365686,0.08695652173913043,22,0.0,3.0847659599502815,-334.89,0.5,1,1
13982.0,10,2970.18,1846,96,297.018,507,30.939375,2.069364161849711,0.1477617769992779,0.05172413793103448,104,-126.01300000000002,2.049573035520251,-12.662142857142857,0.3,1,1
13983.0,25,5729.45,3434,218,229.178,549,26.281880733944952,1.738562091503268,0.1955720428585188,0.02280130293159609,222,-23.77928571428572,11.764289165880923,-28.75030769230769,0.32,1,0
13984.0,10,1690.52,1211,50,169.052,552,33.8104,5.901234567901234,0.2540369781290909,0.08536585365853659,50,32.56971428571429,1.4337159212929826,18.506666666666668,0.0,1,0
13985.0,12,4087.48,2040,91,340.62333333333333,487,44.917362637362636,2.466666666666667,0.15920180897102684,0.03571428571428571,97,113.82742857142858,2.166887725510019,8.994047619047622,0.16666666666666666,1,0
13987.0,2,682.54,492,46,341.27,220,14.837826086956522,0.4666666666666667,0.1129808043901359,0.021739130434782608,46,0.0,1.4774219124022687,0.0,0.0,1,1
13988.0,5,1959.27,1109,110,391.854,445,17.811545454545456,3.162962962962963,0.12712209007373845,0.022058823529411766,111,155.593,4.0165361896742535,155.593,0.2,1,0
13989.0,4,1656.65,1763,53,414.1625,383,31.25754716981132,4.835820895522388,0.1613948570261134,0.04411764705882353,55,267.495,2.0959080707209177,131.483,0.0,1,0
13990.0,1,311.3,190,16,311.3,32,19.45625,0.0,0.0,0.0625,16,0.0,1.903004641787998,0.0,0.0,1,0
13992.0,2,142.7,90,5,71.35,282,28.54,16.4,0.4353421961812349,0.3333333333333333,5,-9.100000000000009,2.6801119379608007,-9.100000000000009,0.0,1,1
13993.0,17,4769.27,1632,102,280.5452941176471,556,46.75754901960785,2.4881516587677726,0.21388746007991744,0.0330188679245283,117,44.29892857142857,4.03453878393208,7.992272727272731,0.17647058823529413,1,0
13995.0,14,2753.02,1628,117,196.6442857142857,541,23.53008547008547,2.8214285714285716,0.1916082979765284,0.029585798816568046,121,71.45085714285715,2.1966195755924653,13.490787878787879,0.2857142857142857,1,0
13996.0,2,845.76,612,28,422.88,218,30.205714285714286,0.41935483870967744,0.12574852204728232,0.0625,28,0.0,1.7717457390127052,0.0,0.0,1,1
13997.0,3,376.46,143,36,125.48666666666666,369,10.45722222222222,0.7209302325581395,0.12587268637214932,0.045454545454545456,36,89.35999999999999,3.98161092792796,89.35999999999999,0.0,1,1
13998.0,3,566.7,204,30,188.9,395,18.89,4.3,0.24762879179163264,0.06451612903225806,30,38.599999999999966,4.556871804775869,11.875,0.0,1,1
13999.0,25,6819.57,3693,147,272.7828,554,46.39163265306122,1.5209580838323353,0.191343455432627,0.029850746268656716,169,-70.61821428571427,2.3155765218737945,-19.529392857142856,0.16,1,0
14000.0,8,1877.5900000000001,1811,28,234.69875000000002,557,67.05678571428572,10.352941176470589,0.27049902154066935,0.07692307692307693,28,41.53800000000001,2.2606923417956266,11.083142857142864,0.375,1,0
14001.0,8,3494.91,1449,48,436.86375,313,72.810625,2.9655172413793105,0.17576658096684397,0.056818181818181816,51,-131.5850000000001,2.1357139491567634,9.050571428571422,0.0,1,0
14003.0,1,209.41,149,16,209.41,552,13.088125,0.0,0.0,0.0625,16,0.0,2.5273404169864677,0.0,0.0,1,1
14004.0,5,2575.83,1139,69,515.1659999999999,255,37.33086956521739,1.489795918367347,0.12122705352270637,0.030303030303030304,69,29.435000000000002,4.122171820212939,29.435000000000002,0.0,1,1
14005.0,1,187.16,240,14,187.16,35,13.368571428571428,0.0,0.0,0.07142857142857142,14,0.0,3.2172368869595513,0.0,0.0,1,0
14006.0,6,1896.57,1987,53,316.09499999999997,472,35.78433962264151,6.212121212121212,0.2073090795954774,0.05970149253731343,55,-51.84100000000001,2.632845708821278,-9.029428571428575,0.0,1,0
14007.0,1,79.48,16,5,79.48,332,15.896,0.0,0.0,0.2,5,0.0,3.3054606335577494,0.0,0.0,1,1
14008.0,2,493.74,320,32,246.87,251,15.429375,1.78125,0.16081674946185057,0.06060606060606061,32,0.0,1.1704627095920035,-524.34,0.5,1,1
14009.0,4,1090.23,947,71,272.5575,282,15.355352112676057,3.506666666666667,0.11432700467940045,0.02631578947368421,72,281.63000000000005,2.0687242063903213,281.63000000000005,0.25,1,0
14010.0,3,288.09999999999997,128,20,96.03333333333332,385,14.404999999999998,0.0,0.0,0.10714285714285714,20,0.0,1.7546197525932725,0.0,0.3333333333333333,1,1
14011.0,3,451.91999999999996,642,32,150.64,426,14.122499999999999,3.9375,0.18292462132919496,0.06060606060606061,32,-120.95999999999998,1.5389379823879727,-120.95999999999998,0.3333333333333333,1,1
14012.0,1,328.8,160,11,328.8,97,29.89090909090909,0.0,0.0,0.09090909090909091,11,0.0,1.9020085077718143,0.0,0.0,1,1
14013.0,4,651.7,394,38,162.925,551,17.150000000000002,10.11111111111111,0.23616609521873558,0.06521739130434782,38,85.37,4.559571474270965,85.37,0.25,1,1
14014.0,2,1443.03,928,37,721.515,396,39.00081081081081,5.555555555555555,0.16181229773462785,0.02702702702702703,37,889.7099999999999,4.141954863357408,889.7099999999999,0.0,1,1
14016.0,11,10315.88,5022,323,937.8072727272727,519,31.93770897832817,1.2144638403990025,0.12502563659104138,0.009950248756218905,327,-201.70114285714286,4.56777448306257,23.986909090909087,0.09090909090909091,0,0
14017.0,1,229.75,73,14,229.75,390,16.410714285714285,0.0,0.0,0.07142857142857142,14,0.0,3.267465748494147,0.0,0.0,1,1
14018.0,1,367.15000000000003,224,13,367.15000000000003,464,28.242307692307694,0.0,0.0,0.07692307692307693,13,0.0,2.117722228220084,0.0,0.0,1,1
14020.0,3,570.46,200,29,190.15333333333334,348,19.67103448275862,1.4444444444444444,0.1926977192675671,0.08108108108108109,29,-38.900000000000034,3.771452751375238,-1.575000000000017,0.3333333333333333,1,1
14021.0,6,1586.38,838,80,264.3966666666667,412,19.82975,4.447058823529412,0.21429193070899524,0.046511627906976744,80,-93.702,3.6738092145628407,-10.613142857142863,0.0,1,0
14022.0,2,792.15,681,45,396.075,306,17.60333333333333,5.673913043478261,0.14370757980503482,0.0425531914893617,45,87.84999999999997,1.5545888623651671,87.84999999999997,0.0,1,0
14023.0,1,273.14,162,16,273.14,69,17.07125,0.0,0.0,0.0625,16,0.0,2.3534442844477965,0.0,0.0,1,0
14024.0,1,318.04,88,18,318.04,210,17.66888888888889,0.0,0.0,0.05555555555555555,18,0.0,3.376385554370932,0.0,0.0,1,1
14025.0,10,3969.1,1898,60,396.90999999999997,403,66.15166666666667,1.15,0.21921827242973335,0.04950495049504951,61,-2265.2599999999998,8.19427618632798,-428.08400000000006,0.2,1,1
14026.0,2,713.11,427,43,356.555,444,16.583953488372092,3.142857142857143,0.13664596273291926,0.04,41,-59.950000000000045,1.9409084344760852,-59.950000000000045,0.0,1,1
14028.0,4,6786.0,4680,3,1696.5,370,2262.0,0.0,0.0,0.3333333333333333,3,0.0,0.0,0.0,0.25,1,1
14030.0,19,6481.28,3333,525,341.12,557,12.345295238095238,0.6801675977653632,0.08148722105308866,0.008368200836820083,528,-54.53035714285712,8.67544753804838,-70.20466666666667,0.10526315789473684,1,0
14031.0,45,28146.23,10673,246,625.4717777777778,555,114.41556910569105,0.8039816232771823,0.15409549096938016,0.04128440366972477,260,-208.15607142857144,3.306513712939918,-50.08227941176471,0.2,1,0
14032.0,17,3048.04,2762,68,179.29647058823528,545,44.82411764705882,2.904494382022472,0.1506198749934623,0.05027932960893855,70,14.669142857142859,1.7908885757225217,-23.689999999999998,0.4117647058823529,1,0
14033.0,1,109.44,576,1,109.44,374,109.44,0.0,0.0,1.0,1,0.0,0.0,0.0,0.0,1,1
14035.0,8,2063.06,1037,47,257.8825,432,43.894893617021275,3.2788461538461537,0.18547950711151515,0.06666666666666667,47,131.71999999999997,2.4227222677833273,49.18971428571428,0.25,1,0
14036.0,1,626.65,268,38,626.65,104,16.49078947368421,0.0,0.0,0.02631578947368421,38,0.0,3.3995221089132577,0.0,0.0,1,1
14037.0,6,720.55,551,95,120.09166666666665,552,7.584736842105262,3.2589285714285716,0.15806692688327859,0.02654867256637168,96,-39.215,1.4887675998953307,-21.202,0.16666666666666666,1,1
14038.0,6,2156.87,1233,87,359.4783333333333,493,24.791609195402298,3.925,0.13247183555054787,0.03305785123966942,94,10.109999999999957,2.1740147193613932,10.109999999999957,0.5,1,0
14039.0,1,115.08000000000001,100,4,115.08000000000001,395,28.770000000000003,0.0,0.0,0.25,4,0.0,4.211970045794089,0.0,0.0,1,1
14040.0,33,10793.65,4175,300,327.080303030303,558,35.978833333333334,0.7982326951399117,0.1340874030079411,0.01911764705882353,327,-69.93357142857144,2.8316804411684204,-16.365102941176474,0.12121212121212122,1,0
14041.0,1,141.41,94,21,141.41,85,6.733809523809524,0.0,0.0,0.047619047619047616,21,0.0,1.5782423919091289,0.0,0.0,1,0
14042.0,1,431.98,180,21,431.98,544,20.570476190476192,0.0,0.0,0.047619047619047616,21,0.0,3.5237621940193407,0.0,0.0,1,1
14043.0,3,299.65,151,37,99.88333333333333,548,8.098648648648648,5.804878048780488,0.15208216116492415,0.07142857142857142,37,-23.069999999999993,2.337152739302519,-23.069999999999993,0.3333333333333333,1,1
14044.0,8,2581.02,1867,464,322.6275,503,5.5625431034482755,0.5512630014858841,0.07123568312774466,0.010385756676557863,480,21.846999999999994,2.920961386994821,72.72857142857143,0.125,1,1
14045.0,18,8926.23,4071,16,495.90166666666664,520,557.889375,9.102564102564102,0.5083372265820533,0.275,19,-119.09800000000001,3.10710562817156,-17.035363636363645,0.16666666666666666,1,1
14046.0,1,151.59,443,13,151.59,103,11.660769230769231,0.0,0.0,0.07692307692307693,13,0.0,0.9619977877260132,0.0,0.0,1,1
14047.0,17,3208.42,1357,88,188.73058823529414,496,36.45931818181818,3.2937062937062938,0.1947187970709746,0.04861111111111111,90,-52.116571428571426,2.8539689976299303,-37.848166666666664,0.29411764705882354,1,0
14048.0,4,713.89,453,126,178.4725,201,5.665793650793651,0.7272727272727273,0.09313947092666129,0.027777777777777776,126,36.370000000000005,3.4270809359072256,-186.78,0.25,1,1
14049.0,15,10318.039999999999,6645,465,687.8693333333333,436,22.18933333333333,0.4858156028368794,0.07129227957650897,0.009445100354191263,478,-467.027,5.838764416279745,80.69357142857142,0.26666666666666666,1,0
14051.0,30,11664.57,3497,74,388.819,556,157.62932432432433,2.4523809523809526,0.2644850070868592,0.052132701421800945,80,248.50607142857137,2.8066216686083427,28.428035714285706,0.16666666666666666,1,0
14052.0,1,241.3,85,65,241.3,210,3.7123076923076925,0.0,0.0,0.015384615384615385,65,0.0,3.0679284698561418,0.0,0.0,1,1
14053.0,2,312.05,275,3,156.025,306,104.01666666666667,22.25,0.489010989010989,0.4,2,-29.55000000000001,0.29871390995398917,-29.55000000000001,0.0,1,1
14055.0,2,795.3199999999999,504,23,397.65999999999997,542,34.579130434782606,6.590909090909091,0.20652026193290055,0.043478260869565216,23,246.68,4.005899009894078,246.68,0.0,1,1
14056.0,12,3645.88,2039,238,303.8233333333333,103,15.318823529411764,0.19,0.0758744758579048,0.013972055888223553,237,612.0199999999998,2.4205263080545163,10.116000000000009,0.08333333333333333,1,0
14057.0,14,4734.67,3935,194,338.1907142857143,555,24.405515463917528,1.6257668711656441,0.13318710582710505,0.021406727828746176,196,80.34085714285715,2.1319075928445073,-1.1653939393939423,0.07142857142857142,1,0
14058.0,2,469.19,211,23,234.595,350,20.399565217391306,2.9130434782608696,0.19458602881822853,0.08333333333333333,23,-173.27,2.9686755940332543,-173.27,0.0,1,1
14059.0,1,183.6,128,8,183.6,86,22.95,0.0,0.0,0.125,8,0.0,1.6749733473359254,0.0,0.0,1,0
14060.0,23,6142.02,5273,74,267.04434782608695,458,83.00027027027028,2.8461538461538463,0.2823454301922724,0.03184713375796178,74,258.25257142857146,1.433327449102773,2.775879120879121,0.043478260869565216,1,0
14061.0,3,917.4300000000001,133,17,305.81,557,53.966470588235296,12.722222222222221,0.24549101074143795,0.10526315789473684,17,-189.43000000000006,5.210340539543619,-189.43000000000006,0.0,1,1
14062.0,21,19786.06,9819,136,942.1933333333334,548,145.48573529411766,1.5940594059405941,0.15925640281505715,0.02631578947368421,140,79.10178571428573,1.804839656635644,61.24118181818183,0.14285714285714285,1,0
14063.0,7,9471.5,3848,29,1353.0714285714287,550,326.6034482758621,1.135135135135135,0.2709196071082739,0.07894736842105263,29,-3931.6999999999994,8.066140234263543,-3931.6999999999994,0.0,1,1
14064.0,18,2485.29,2911,100,138.07166666666666,506,24.852899999999998,2.3908629441624365,0.1659989186981633,0.05555555555555555,104,-64.10657142857143,1.2287884566178442,-6.356090909090912,0.2777777777777778,1,0
14065.0,4,889.37,581,42,222.3425,251,21.17547619047619,0.8571428571428571,0.1844994811145068,0.06,42,0.0,3.4221816886606238,-579.17,0.25,1,1
14066.0,1,152.55,45,7,152.55,86,21.792857142857144,0.0,0.0,0.14285714285714285,7,0.0,3.966706682471229,0.0,0.0,1,0
14068.0,5,1493.32,498,93,298.664,497,16.057204301075267,3.287037037037037,0.11750237503955503,0.03669724770642202,94,-229.43999999999997,2.8471772388977805,-39.998000000000005,0.2,1,1
14069.0,2,225.81,58,37,112.905,381,6.102972972972973,1.15,0.1390023971318952,0.04878048780487805,39,-4.930000000000007,3.4594514756237182,-4.930000000000007,0.0,1,1
14070.0,1,321.6,85,40,321.6,504,8.040000000000001,0.0,0.0,0.04878048780487805,40,0.0,5.098443688889825,0.0,0.0,1,1
14071.0,3,225.4,200,22,75.13333333333334,84,10.245454545454546,0.5945945945945946,0.14814926658219998,0.07894736842105263,22,-488.22,1.2953375466982349,-488.22,0.3333333333333333,1,0
14072.0,1,390.85,65,19,390.85,486,20.571052631578947,0.0,0.0,0.05263157894736842,19,0.0,2.6815920033656533,0.0,0.0,1,1
14074.0,1,219.39999999999998,228,6,219.39999999999998,442,36.56666666666666,0.0,0.0,0.16666666666666666,6,0.0,0.2065591117977289,0.0,0.0,1,1
14075.0,3,1090.53,1009,47,363.51,289,23.202765957446807,3.8518518518518516,0.173860967159161,0.03636363636363636,47,-25.734999999999985,5.516371178268463,-25.734999999999985,0.0,1,0
14077.0,4,426.06,256,41,106.515,214,10.391707317073172,4.48936170212766,0.21831617655485036,0.08333333333333333,41,38.815,2.4917906970007686,-4.9220000000000015,0.0,1,0
14078.0,8,1330.36,512,97,166.295,440,13.715051546391752,3.263157894736842,0.19515324459172487,0.05223880597014925,97,35.409142857142854,2.551434939451229,-2.6559523809523813,0.0,1,0
14080.0,5,1030.13,219,70,206.026,556,14.71614285714286,4.075949367088608,0.14773110541492732,0.025,71,-19.609999999999985,10.910225014793133,-19.609999999999985,0.2,1,1
14081.0,16,4747.52,3361,467,296.72,548,10.165995717344755,0.5363849765258216,0.06295281870933613,0.009378663540445486,490,-89.39600000000002,2.899037527694503,-88.69785714285715,0.375,1,0
14082.0,2,413.36,246,48,206.68,212,8.611666666666666,0.421875,0.09642857142857143,0.046153846153846156,48,0.0,1.783445819301673,-48.859999999999985,0.0,1,1
14083.0,7,553.23,418,96,79.03285714285714,541,5.7628125,5.148514851485149,0.18386486331339386,0.0196078431372549,96,-9.87,2.5666341598488116,-9.87,0.0,1,0
14084.0,1,150.5,306,7,150.5,331,21.5,0.0,0.0,0.14285714285714285,7,0.0,0.6318340650157173,0.0,0.0,1,1
14085.0,25,8056.79,4916,430,322.2716,550,18.736720930232558,0.5947786606129398,0.10073170858226263,0.013605442176870748,441,-38.70142857142856,2.6730339137294035,-34.878296703296705,0.04,1,0
14086.0,1,39.95,1,1,39.95,282,39.95,0.0,0.0,1.0,1,0.0,0.0,0.0,0.0,1,1
14087.0,3,608.0,444,126,202.66666666666666,554,4.825396825396825,2.2758620689655173,0.08012185882094877,0.02054794520547945,127,197.12,2.453768321371146,197.12,0.3333333333333333,1,1
14088.0,7,28670.98,6258,240,4095.8542857142857,240,119.46241666666667,0.8363636363636363,0.08394397365996817,0.010869565217391304,240,-2753.1049999999996,9.107933581074228,-943.1419999999998,0.14285714285714285,1,0
14090.0,1,76.32000000000001,72,1,76.32000000000001,144,76.32000000000001,0.0,0.0,1.0,1,0.0,0.0,0.0,0.0,1,1
14091.0,2,9530.08,3316,13,4765.04,517,733.0830769230769,3.6666666666666665,0.2676065803407265,0.07692307692307693,13,0.0,1.787665359036035,-1509.92,0.0,1,1
14092.0,18,4940.360000000001,2436,134,274.4644444444445,542,36.86835820895523,1.9584905660377359,0.20588406255237618,0.03383458646616541,147,57.013928571428565,2.5891023056346025,2.8726785714285707,0.1111111111111111,1,0
14094.0,2,310.82,157,41,155.41,259,7.580975609756098,0.0,0.0,0.045454545454545456,41,0.0,2.5161672063175753,0.0,0.5,1,1
14095.0,1,2.95,1,1,2.95,542,2.95,0.0,0.0,1.0,1,0.0,0.0,0.0,0.0,1,1
14097.0,2,422.85999999999996,352,39,211.42999999999998,465,10.8425641025641,4.205128205128205,0.15425426610349718,0.05,39,158.86,3.0161692464244974,158.86,0.0,1,1
14099.0,15,3914.2000000000003,2719,224,260.94666666666666,549,17.474107142857143,1.26,0.14594007211403787,0.02493765586034913,229,27.18714285714286,1.8168325397669731,-9.08825174825175,0.06666666666666667,1,0
14101.0,12,8124.73,9438,19,677.0608333333333,440,427.6173684210526,5.2125,0.33075465110704655,0.1111111111111111,19,273.2534285714285,0.9220791723057191,81.9000909090909,0.08333333333333333,1,0
14104.0,3,524.3199999999999,423,99,174.7733333333333,379,5.296161616161616,1.5089285714285714,0.0945657843229502,0.04424778761061947,100,-211.07999999999998,2.2261484521702215,-0.924999999999997,0.0,1,1
14105.0,8,5709.88,3485,202,713.735,540,28.266732673267327,1.6482758620689655,0.11486468916142863,0.013745704467353952,211,50.836000000000006,2.4756811259860783,-12.071785714285713,0.375,1,0
14106.0,1,214.79999999999998,24,1,214.79999999999998,556,214.79999999999998,0.0,0.0,1.0,1,0.0,0.0,0.0,0.0,1,1
14107.0,10,3625.55,2764,89,362.555,549,40.736516853932585,2.700534759358289,0.17011276720292356,0.03723404255319149,101,-3.8099999999999925,2.6346030479946876,-21.722261904761904,0.2,1,0
14108.0,2,447.05,279,18,223.525,557,24.836111111111112,0.35294117647058826,0.1437517105951572,0.05555555555555555,18,0.0,1.332021413398311,0.0,0.0,1,1
14110.0,25,8977.970000000001,4159,148,359.1188,558,60.66195945945947,1.6568627450980393,0.14213529253786925,0.02280130293159609,158,-12.233428571428599,2.083849559342053,-4.573111888111889,0.08,1,0
14111.0,1,94.2,148,2,94.2,61,47.1,0.0,0.0,0.5,2,0.0,2.262741699796952,0.0,0.0,1,0
14112.0,20,3819.84,2462,160,190.99200000000002,541,23.874000000000002,1.9391634980988592,0.13887181603380908,0.026515151515151516,178,58.93714285714286,2.246816095205784,31.47963636363637,0.55,1,0
14113.0,27,4753.58,2450,61,176.05851851851853,552,77.92754098360656,3.684684684684685,0.2932540105312791,0.0625,65,-10.348000000000008,2.615596288239107,-12.325670329670329,0.5185185185185185,1,1
14114.0,7,1364.09,650,72,194.86999999999998,426,18.94569444444444,4.506849315068493,0.24935146024360416,0.04054054054054054,72,-38.445000000000014,4.276734821889727,-16.83178571428571,0.0,1,1
14115.0,2,622.6700000000001,509,22,311.33500000000004,486,28.303181818181823,7.857142857142857,0.21232105799422485,0.045454545454545456,22,387.07,2.871173531134516,387.07,0.0,1,1
14118.0,1,458.45,97,15,458.45,248,30.563333333333333,0.0,0.0,0.06666666666666667,15,0.0,2.9756031801492426,0.0,0.0,1,1
14119.0,3,163.47,175,11,54.49,537,14.860909090909091,33.0,0.3182957436121456,0.16666666666666666,11,30.510000000000005,3.9438190996683775,-43.19,0.3333333333333333,1,1
14122.0,5,309.77,95,12,61.95399999999999,556,25.814166666666665,22.666666666666668,0.2765933558231126,0.125,12,56.49000000000001,3.6027505695880016,-87.16999999999999,0.4,1,1
14123.0,1,436.18,234,24,436.18,552,18.174166666666668,0.0,0.0,0.041666666666666664,24,0.0,2.8784929317215657,0.0,0.0,1,1
14126.0,1,466.33000000000004,379,28,466.33000000000004,263,16.654642857142857,0.0,0.0,0.03571428571428571,28,0.0,2.084842342382894,0.0,0.0,1,1
14127.0,5,1642.6000000000001,704,88,328.52000000000004,245,18.665909090909093,1.6435643564356435,0.16242753597380144,0.029411764705882353,88,-738.1400000000001,4.570308975467267,-142.91799999999998,0.0,1,0
14128.0,3,577.4,516,34,192.46666666666667,370,16.98235294117647,7.170731707317073,0.15653929920767212,0.047619047619047616,38,33.68000000000001,1.4454221258688482,33.68000000000001,0.3333333333333333,1,0
14129.0,5,1826.3799999999999,986,37,365.27599999999995,398,49.361621621621616,4.388888888888889,0.20508908924698685,0.0684931506849315,39,-26.96999999999998,1.0994426428012247,7.7720000000000145,0.0,1,0
14130.0,4,1858.77,1215,189,464.6925,547,9.834761904761905,1.8584474885844748,0.08284863008758557,0.01818181818181818,190,70.52000000000001,2.3097374612479387,5.341000000000003,0.0,1,1
14131.0,1,168.22,105,45,168.22,468,3.7382222222222223,0.0,0.0,0.043478260869565216,45,0.0,1.6648369811825552,0.0,0.0,1,1
14132.0,1,306.86,388,24,306.86,3,12.785833333333334,0.0,0.0,0.041666666666666664,23,0.0,1.0298708938362198,0.0,0.0,1,0
14133.0,4,608.2,196,25,152.05,553,24.328000000000003,17.24,0.20449242266859657,0.07692307692307693,25,-2.8000000000000114,12.44343756610441,-160.4,0.5,1,1
14134.0,15,11123.35,5814,130,741.5566666666667,549,85.56423076923078,1.910614525139665,0.17622990492117674,0.06111111111111111,131,331.874,9.506596815072424,5.8404999999999925,0.0,1,1
14135.0,19,6551.95,7408,115,344.83947368421053,557,56.97347826086956,3.132183908045977,0.2052195625246589,0.02857142857142857,117,-5.682499999999992,2.023193888551771,-38.088909090909084,0.05263157894736842,1,0
14136.0,7,1553.96,1145,86,221.99428571428572,551,18.069302325581397,3.0654205607476634,0.16434415014555603,0.037037037037037035,87,-9.477999999999998,2.8121524345835214,18.057714285714283,0.2857142857142857,1,1
14137.0,2,294.1,400,11,147.05,515,26.736363636363638,1.0,0.21712927295533244,0.14285714285714285,11,0.0,0.4051814137173348,0.0,0.5,1,1
14139.0,3,670.98,539,29,223.66,362,23.137241379310346,1.2380952380952381,0.17627720641588682,0.06976744186046512,29,-17.660000000000025,2.6301983806539546,-82.12,0.0,1,1
14142.0,4,655.94,512,42,163.985,465,15.61761904761905,5.787234042553192,0.20823820484979505,0.041666666666666664,42,-18.034999999999997,2.3645324665694467,-18.034999999999997,0.5,1,1
14144.0,1,30.599999999999998,12,1,30.599999999999998,305,30.599999999999998,0.0,0.0,1.0,1,0.0,0.0,0.0,0.0,1,1
14145.0,4,4986.45,1127,11,1246.6125,430,453.31363636363636,23.058823529411764,0.3681430917854836,0.2222222222222222,11,-770.625,2.283701845173108,-86.325,0.0,1,0
14146.0,10,5921.6,3603,248,592.1600000000001,514,23.87741935483871,1.2695652173913043,0.10031005881956366,0.017341040462427744,251,-432.986,3.1888382139470477,-64.84166666666667,0.1,1,0
14147.0,10,1733.7,781,23,173.37,459,75.37826086956522,12.535714285714286,0.4048702553755406,0.06896551724137931,24,-43.06999999999999,2.393715756549367,-43.06999999999999,0.2,1,1
14148.0,2,466.29,223,15,233.145,233,31.086000000000002,11.25,0.24456521739130435,0.11764705882352941,15,-151.89000000000004,3.9567395965989625,-151.89000000000004,0.0,1,0
14149.0,3,259.43,129,28,86.47666666666667,40,9.265357142857143,0.20512820512820512,0.10232301704201029,0.05,28,0.0,2.5722857738914042,0.0,0.6666666666666666,1,0
14150.0,1,306.18,262,12,306.18,179,25.515,0.0,0.0,0.08333333333333333,12,0.0,1.4621245956939968,0.0,0.0,1,1
14151.0,3,666.7,404,44,222.23333333333335,536,15.15227272727273,0.9772727272727273,0.17667457277996096,0.044444444444444446,44,-37.400000000000034,2.970117196612982,-12.325000000000017,0.3333333333333333,1,1
14152.0,8,1668.66,1484,90,208.5825,478,18.540666666666667,3.7280701754385963,0.16375044617107487,0.02608695652173913,93,-34.412,1.098545324810777,2.9860000000000015,0.25,1,0
14153.0,1,233.4,312,17,233.4,302,13.729411764705883,0.0,0.0,0.058823529411764705,17,0.0,0.48303117668227047,0.0,0.0,1,1
14154.0,10,6263.6,3204,236,626.36,515,26.540677966101697,1.5494880546075085,0.1020488316924791,0.02040816326530612,239,426.66399999999993,11.742448993364832,205.50199999999995,0.2,1,0
14155.0,1,118.75,25,6,118.75,85,19.791666666666668,0.0,0.0,0.16666666666666666,6,0.0,1.224744871391589,0.0,0.0,1,0
14156.0,140,226228.34,125239,1227,1615.9167142857143,558,184.37517522412386,0.1523219814241486,0.0653178863730241,0.008047044258743422,1327,-3091.0235714285714,3.5186717966864016,-957.6338070175436,0.22142857142857142,0,0
14157.0,5,790.53,425,68,158.106,465,11.625441176470588,4.7105263157894735,0.1587789253853746,0.03896103896103896,68,41.94000000000001,1.7273202074634038,24.20900000000001,0.2,1,1
14159.0,14,4014.48,2890,481,286.74857142857144,556,8.346112266112266,0.5855758880516685,0.07545145413744338,0.010752688172043012,505,3.8532142857142913,1.4493067450354102,-0.01612121212121055,0.14285714285714285,1,0
14160.0,7,8421.47,4661,80,1203.0671428571427,518,105.26837499999999,0.8207547169811321,0.18619216061594066,0.04672897196261682,80,-6054.71,1.910179277029575,-1050.2609999999997,0.0,1,1
14161.0,7,2996.93,1480,202,428.1328571428571,546,14.83628712871287,1.8369565217391304,0.12949174739425293,0.018050541516245487,203,-27.072857142857146,2.4215638862969904,-26.23464285714286,0.0,1,0
14162.0,1,177.68,110,13,177.68,112,13.667692307692308,0.0,0.0,0.07692307692307693,13,0.0,3.517450271184571,0.0,0.0,1,1
14163.0,3,898.5,338,26,299.5,281,34.55769230769231,8.733333333333333,0.20749475411150584,0.06451612903225806,26,601.0799999999999,2.9548917342756105,94.605,0.0,1,0
14165.0,1,120.44,53,23,120.44,95,5.236521739130435,0.0,0.0,0.08333333333333333,23,0.0,3.1920812346642515,0.0,0.0,1,1
14166.0,2,251.15,82,39,125.575,445,6.43974358974359,2.42,0.13361319146531753,0.058823529411764705,45,31.150000000000006,2.186889186430234,31.150000000000006,0.0,1,1
14167.0,6,970.7,265,41,161.78333333333333,500,23.67560975609756,4.549450549450549,0.2169549029487134,0.09782608695652174,41,-18.650000000000002,2.2443081773534352,-7.688571428571426,0.0,1,0
14168.0,3,305.9,138,11,101.96666666666665,384,27.80909090909091,8.9375,0.27497146358586977,0.11764705882352941,14,-170.9,2.8766235824824418,-117.72499999999998,0.3333333333333333,1,1
14169.0,2,613.11,201,49,306.555,263,12.512448979591838,0.20967741935483872,0.07909365853301117,0.031746031746031744,49,-322.71000000000004,3.896023679603701,-322.71000000000004,0.0,1,1
14170.0,3,570.18,270,123,190.05999999999997,214,4.63560975609756,0.125,0.057924640095233224,0.020689655172413793,123,0.0,2.4957975502587133,0.0,0.0,1,1
14171.0,1,135.0,44,6,135.0,549,22.5,0.0,0.0,0.16666666666666666,6,0.0,1.0207187010468002,0.0,0.0,1,1
14172.0,4,356.27,77,38,89.0675,462,9.375526315789473,0.8409090909090909,0.14021205224464153,0.044444444444444446,38,117.27000000000001,4.197426965572257,117.27000000000001,0.25,1,1
14173.0,4,230.15,81,14,57.5375,550,16.439285714285713,34.06666666666667,0.3076303806178041,0.1875,14,54.745000000000005,3.9751326497782853,54.745000000000005,0.25,1,0
14175.0,13,4505.36,1565,137,346.56615384615384,447,32.88583941605839,1.3377777777777777,0.15966065728937937,0.022123893805309734,140,-53.97099999999998,3.735810514019258,-94.11785714285713,0.5384615384615384,1,1
14176.0,6,753.5600000000001,263,33,125.59333333333335,200,22.835151515151516,2.2162162162162162,0.26100042263214074,0.07894736842105263,33,81.14000000000004,2.293148261096177,31.43200000000001,0.16666666666666666,1,1
14177.0,9,1660.23,839,118,184.47,471,14.069745762711865,1.6503067484662577,0.11772132014799981,0.03048780487804878,120,230.21999999999994,3.7052365550763113,58.449000000000005,0.0,1,1
14178.0,1,197.37,161,28,197.37,1,7.048928571428571,0.0,0.0,0.06896551724137931,28,0.0,2.3853542765447955,0.0,0.0,1,0
14180.0,33,4594.1,619,110,139.21515151515152,367,41.764545454545456,1.4621848739495797,0.23390676539182037,0.03765690376569038,110,275.782,12.93384505076484,15.643216783216783,0.2727272727272727,1,0
14181.0,2,308.35,120,48,154.175,382,6.423958333333334,2.9607843137254903,0.13370455470735232,0.038461538461538464,48,-119.45,2.050498182854202,-119.45,0.0,1,1
14182.0,5,660.07,172,42,132.014,415,15.715952380952382,2.980392156862745,0.24990506260842382,0.057692307692307696,42,143.26999999999998,2.9433305938879926,36.141999999999996,0.2,1,1
14183.0,2,278.34000000000003,60,27,139.17000000000002,300,10.30888888888889,2.090909090909091,0.16069875634625153,0.058823529411764705,27,-0.8200000000000216,2.802670502031768,-0.8200000000000216,0.0,1,1
14185.0,1,197.65,6,3,197.65,150,65.88333333333334,0.0,0.0,0.3333333333333333,3,0.0,91.20814565231184,0.0,0.0,1,1
14186.0,5,1550.63,1550,75,310.12600000000003,464,20.67506666666667,2.087378640776699,0.1673518786645741,0.038461538461538464,78,-9.595000000000002,1.0510451962123017,6.612999999999997,0.0,1,1
14187.0,1,123.5,50,8,123.5,293,15.4375,0.0,0.0,0.125,8,0.0,4.035202243117084,0.0,0.0,1,1
14188.0,2,760.9,413,17,380.45,129,44.758823529411764,4.318181818181818,0.20316966179155663,0.08695652173913043,17,-35.10000000000002,1.4561491529823536,-35.10000000000002,0.0,1,0
14189.0,13,2985.4900000000002,2315,118,229.65307692307695,208,25.300762711864408,1.1158536585365855,0.1870155281415308,0.024242424242424242,118,-248.73999999999995,3.9725785523721453,-64.78642857142856,0.3076923076923077,1,0
14190.0,1,79.9,2,1,79.9,485,79.9,0.0,0.0,1.0,1,0.0,0.0,0.0,0.0,1,1
14191.0,7,815.35,454,32,116.47857142857143,548,25.4796875,11.51063829787234,0.20803062848343656,0.0625,32,412.77500000000003,2.819264654389396,155.095,0.2857142857142857,1,0
14192.0,1,293.74,218,14,293.74,207,20.981428571428573,0.0,0.0,0.07142857142857142,14,0.0,0.9939564631056285,0.0,0.0,1,1
14193.0,2,779.34,458,39,389.67,216,19.983076923076926,2.8636363636363638,0.14321608471818392,0.044444444444444446,39,65.73999999999995,1.9530521826829996,65.73999999999995,0.0,1,0
14194.0,33,10568.54,5854,345,320.2587878787879,548,30.63344927536232,0.8845500848896435,0.1250602780271318,0.011864406779661017,363,146.14714285714285,2.7171120583997035,41.998065934065934,0.3333333333333333,1,0
14195.0,10,2401.4,1892,10,240.14000000000001,453,240.14000000000001,21.4,0.42574792196309164,0.42857142857142855,10,71.85000000000002,3.521669314672342,-65.785,0.4,1,0
14197.0,1,390.05,143,20,390.05,230,19.5025,0.0,0.0,0.05,20,0.0,4.291653466169445,0.0,0.0,1,1
14198.0,8,1037.48,430,41,129.685,523,25.30439024390244,7.212121212121212,0.2567930538345581,0.07462686567164178,41,-16.019,4.540305301382308,12.759999999999996,0.25,1,0
14199.0,6,916.4999999999999,230,15,152.74999999999997,350,61.099999999999994,16.36842105263158,0.36071719570610716,0.15,15,38.42999999999999,4.094267494410871,-16.410000000000007,0.3333333333333333,1,0
14200.0,1,379.2,140,21,379.2,436,18.057142857142857,0.0,0.0,0.047619047619047616,21,0.0,2.5244377025955136,0.0,0.0,1,1
14201.0,9,797.8,506,32,88.64444444444445,407,24.93125,10.205128205128204,0.30163189380605065,0.075,32,0.25499999999999545,2.4461534429930327,-14.474285714285713,0.2222222222222222,1,0
14202.0,3,847.76,166,27,282.58666666666664,444,31.398518518518518,8.678571428571429,0.24084108222081238,0.10344827586206896,27,136.67499999999995,7.420736190955958,136.67499999999995,0.0,1,1
14203.0,1,339.34,80,16,339.34,216,21.20875,0.0,0.0,0.0625,16,0.0,3.5975952616527977,0.0,0.0,1,1
14204.0,3,874.22,397,158,291.4066666666667,556,5.533037974683545,1.7444444444444445,0.09613480089165788,0.022099447513812154,160,-104.08000000000001,2.2833355540309945,-104.08000000000001,0.0,1,1
14205.0,10,1912.5,1158,70,191.25,462,27.321428571428573,2.921875,0.2038708924644744,0.03875968992248062,79,-13.764999999999993,3.5320411355664216,-18.36428571428571,0.2,1,0
14206.0,5,1145.21,926,62,229.042,222,18.471129032258066,2.236111111111111,0.14444986264284562,0.0410958904109589,62,-488.89,2.9191295602713363,-254.39499999999995,0.4,1,0
14207.0,1,157.8,36,2,157.8,507,78.9,0.0,0.0,0.5,2,0.0,0.2828427124746193,0.0,0.0,1,1
14208.0,1,415.31,415,25,415.31,370,16.6124,0.0,0.0,0.04,25,0.0,2.7163028181703157,0.0,0.0,1,1
14209.0,16,3947.09,1371,125,246.693125,551,31.57672,2.5643564356435644,0.22158902598731928,0.034482758620689655,126,57.607142857142875,4.51508745752074,23.258356643356638,0.25,1,0
14210.0,19,5208.13,2385,141,274.1121052631579,522,36.93709219858156,1.6402640264026402,0.17240405425995786,0.03289473684210526,157,-131.43742857142857,2.815850801687336,-16.24021978021978,0.21052631578947367,1,0
14211.0,21,2974.23,1807,117,141.63,550,25.42076923076923,2.7433155080213902,0.19201908283766972,0.026595744680851064,129,30.588928571428575,3.0515627789173716,-1.9733216783216796,0.3333333333333333,1,0
14212.0,1,1119.6599999999999,894,12,1119.6599999999999,265,93.30499999999999,0.0,0.0,0.08333333333333333,12,0.0,1.2364327353685314,0.0,0.0,1,1
14214.0,3,634.5,310,37,211.5,97,17.14864864864865,0.07692307692307693,0.05196155385847386,0.075,37,0.0,3.0661970097441724,0.0,0.6666666666666666,1,1
14215.0,8,2547.08,1408,128,318.385,551,19.8990625,3.8642857142857143,0.1593558171919948,0.014184397163120567,129,-44.29371428571429,4.36190826917916,-44.29371428571429,0.125,1,0
14216.0,2,303.09,115,18,151.545,233,16.83833333333333,0.2631578947368421,0.12256555779400735,0.1,18,0.0,3.430048181340284,0.0,0.5,1,1
14217.0,19,2129.46,838,95,112.07684210526315,346,22.415368421052634,2.6015625,0.25292792049076956,0.031007751937984496,96,22.34199999999999,4.885363961055179,-10.833496503496505,0.2631578947368421,1,0
14219.0,2,543.89,285,32,271.945,312,16.9965625,2.3714285714285714,0.15778429124087395,0.05555555555555555,35,-247.39,4.430336213906791,-247.39,0.0,1,1
14220.0,4,1515.0,468,26,378.75,388,58.26923076923077,8.675675675675675,0.2203649132018927,0.07894736842105263,26,-281.5899999999999,2.4840630147334086,-281.5899999999999,0.0,1,0
14221.0,14,4727.62,2463,116,337.6871428571429,555,40.75534482758621,2.3135593220338984,0.1495111564834267,0.0379746835443038,118,144.056,3.148159217926793,37.150787878787874,0.14285714285714285,1,0
14223.0,2,289.0,128,18,144.5,83,16.055555555555557,0.16666666666666666,0.09763107293781749,0.10526315789473684,18,0.0,3.380975325560183,0.0,0.5,1,0
14224.0,7,1324.05,572,167,189.15,363,7.928443113772455,1.676923076923077,0.14405361461370053,0.015306122448979591,169,-53.812000000000005,9.398979452237873,-31.039714285714286,0.0,1,0
14225.0,5,2009.17,1154,70,401.834,515,28.702428571428573,2.9213483146067416,0.17192143097932575,0.03333333333333333,70,-85.36100000000002,2.4646407537293995,-85.36100000000002,0.2,1,1
14226.0,6,2427.59,1484,66,404.59833333333336,260,36.781666666666666,3.076923076923077,0.14812423918171602,0.0379746835443038,67,-24.170000000000016,2.469870832239102,-24.170000000000016,0.5,1,0
14227.0,18,5398.07,3495,236,299.8927777777778,489,22.873177966101693,1.3906705539358601,0.12346455743513152,0.020348837209302327,252,98.05342857142855,2.456121577081128,-16.92721212121213,0.3333333333333333,1,0
14228.0,3,745.5,260,38,248.5,366,19.61842105263158,2.891891891891892,0.19153591721220048,0.02631578947368421,38,583.4000000000001,6.312251657016523,120.47999999999999,0.0,1,1
14229.0,10,1683.92,604,37,168.392,291,45.51135135135135,2.7777777777777777,0.25276834840651957,0.09375,38,-19.004999999999995,4.480444003915485,1.6388571428571432,0.4,1,1
14230.0,3,979.8000000000001,246,27,326.6,367,36.28888888888889,3.5,0.16827740295724208,0.06060606060606061,30,28.80000000000001,3.802836884644426,28.80000000000001,0.0,1,1
14231.0,5,1211.8700000000001,605,66,242.37400000000002,270,18.361666666666668,3.7464788732394365,0.17239367457293883,0.027777777777777776,66,153.42499999999998,4.884614334699111,-0.4250000000000057,0.2,1,0
14232.0,4,1001.48,806,52,250.37,84,19.25923076923077,1.2741935483870968,0.1285566801049806,0.047619047619047616,52,-381.58,2.0267423458867047,-381.58,0.5,1,0
14233.0,8,2278.55,965,30,284.81875,463,75.95166666666667,7.133333333333334,0.2812683260339271,0.06557377049180328,39,-13.709999999999999,2.339375004106025,-9.973214285714288,0.25,1,0
14235.0,6,2837.68,1911,89,472.94666666666666,438,31.88404494382022,3.391304347826087,0.13797892379868448,0.034482758620689655,92,23.695000000000007,2.0736608727784667,23.695000000000007,0.0,1,0
14236.0,6,1241.88,500,29,206.98000000000002,324,42.82344827586207,3.611111111111111,0.32037832151065343,0.10810810810810811,29,198.41999999999996,2.9199573971551716,-45.086000000000006,0.3333333333333333,1,1
14237.0,3,466.04,236,26,155.34666666666666,410,17.924615384615386,8.346153846153847,0.19341693477551022,0.07407407407407407,26,-144.04000000000002,4.464583708735641,-144.04000000000002,0.3333333333333333,1,1
14238.0,3,434.23,189,13,144.74333333333334,554,33.402307692307694,34.0,0.34576855050340616,0.07692307692307693,13,-6.125,3.3376573236712614,-6.125,0.0,1,1
14239.0,19,3117.9100000000003,1322,80,164.1005263157895,554,38.97387500000001,3.106508875739645,0.22566152012744073,0.047058823529411764,90,47.837500000000006,2.9684328054666875,8.389252747252748,0.15789473684210525,1,0
14240.0,2,584.0,316,26,292.0,243,22.46153846153846,7.035714285714286,0.18403887513234704,0.06896551724137931,26,-130.29999999999998,3.8389980989759405,-130.29999999999998,0.0,1,0
14241.0,2,333.70000000000005,242,12,166.85000000000002,515,27.808333333333337,46.54545454545455,0.2995707900683747,0.08333333333333333,12,93.70000000000002,1.4472740834849744,93.70000000000002,0.0,1,0
14242.0,2,280.55,123,13,140.275,145,21.58076923076923,6.066666666666666,0.24765848124803308,0.125,13,3.8499999999999943,3.4652089282850844,3.8499999999999943,0.0,1,0
14243.0,15,6114.25,3059,214,407.6166666666667,295,28.57126168224299,0.7249190938511327,0.14079213314052486,0.016129032258064516,222,-952.3929999999998,3.531078425060738,-194.70516666666668,0.2,1,0
14244.0,2,354.82,802,16,177.41,480,22.17625,0.05263157894736842,0.04281023700719101,0.1,16,0.0,1.2029988843675101,0.0,0.5,1,1
14245.0,4,1681.6,973,107,420.4,83,15.715887850467288,0.5963302752293578,0.11909422546818445,0.01818181818181818,107,-308.80000000000007,2.8487656209258674,-308.80000000000007,0.5,1,0
14246.0,1,449.64,216,24,449.64,65,18.735,0.0,0.0,0.041666666666666664,24,0.0,1.9575359770510667,0.0,0.0,1,0
14247.0,6,750.61,377,82,125.10166666666667,370,9.153780487804879,2.398230088495575,0.15488742720645152,0.043859649122807015,82,-32.50300000000001,3.1985030036031503,-10.124000000000006,0.16666666666666666,1,1
14248.0,3,1032.95,692,41,344.31666666666666,334,25.19390243902439,4.260869565217392,0.1840833351998426,0.0425531914893617,41,-427.79,2.6189606620033805,-4.700000000000017,0.0,1,1
14249.0,12,5400.46,2382,177,450.03833333333336,498,30.511073446327686,0.9851851851851852,0.11883223183181306,0.02214022140221402,179,-449.37000000000006,4.464007462362291,26.41357142857143,0.0,1,1
14252.0,1,350.99,111,10,350.99,200,35.099000000000004,0.0,0.0,0.1,10,0.0,34.24130515749785,0.0,0.0,1,1
14253.0,2,363.40000000000003,88,11,181.70000000000002,442,33.03636363636364,11.727272727272727,0.29395371528073144,0.16666666666666666,11,-47.30000000000001,3.4283217689585603,-47.30000000000001,0.0,1,1
14254.0,1,601.03,263,23,601.03,252,26.13173913043478,0.0,0.0,0.043478260869565216,23,0.0,1.8920862860435286,0.0,0.0,1,1
14256.0,9,2384.14,1138,100,264.90444444444444,514,23.8414,3.197080291970803,0.16651277863433578,0.028985507246376812,107,-45.754,3.860937943924223,-10.661142857142853,0.4444444444444444,1,0
14257.0,6,3885.32,2253,138,647.5533333333334,467,28.154492753623188,2.433862433862434,0.14220351858772887,0.021052631578947368,145,-221.483,3.104033407455146,-121.02228571428569,0.0,1,0
14258.0,28,25985.09,14787,89,928.0389285714285,555,291.9673033707865,1.9660377358490566,0.2388817910707729,0.05263157894736842,105,-51.59357142857145,3.220447756273441,-36.55002450980391,0.21428571428571427,1,0
14260.0,3,824.28,544,50,274.76,368,16.485599999999998,1.54,0.1295266577872101,0.0392156862745098,50,-253.31999999999994,3.3458465325845186,-253.31999999999994,0.0,1,1
14262.0,1,240.0,196,16,240.0,60,15.0,0.0,0.0,0.0625,16,0.0,1.644598735254287,0.0,0.0,1,0
14263.0,1,322.93,171,16,322.93,242,20.183125,0.0,0.0,0.0625,16,0.0,1.3169250801266816,0.0,0.0,1,1
14264.0,7,1257.59,493,52,179.65571428571428,430,24.184423076923075,5.260869565217392,0.22331378773888846,0.07142857142857142,55,-143.77700000000002,5.531826831638722,-62.87228571428571,0.2857142857142857,1,0
14265.0,2,843.17,385,47,421.585,431,17.93978723404255,3.127659574468085,0.13936539287997418,0.041666666666666664,46,338.13,3.4451670331821096,338.13,0.0,0,1
14266.0,1,40.56,24,1,40.56,247,40.56,0.0,0.0,1.0,1,0.0,0.0,0.0,0.0,1,1
14267.0,6,789.11,265,16,131.51833333333335,550,49.319375,14.757575757575758,0.1903390552313953,0.08823529411764706,16,81.401,3.855458847316511,81.401,0.6666666666666666,1,0
14268.0,1,354.85,147,19,354.85,290,18.676315789473687,0.0,0.0,0.05263157894736842,19,0.0,1.8083949783332232,0.0,0.0,1,1
14269.0,2,261.68,114,16,130.84,258,16.355,0.21052631578947367,0.10978275269033723,0.1,16,0.0,3.895826748282266,0.0,0.5,1,1
14270.0,1,492.65000000000003,197,29,492.65000000000003,151,16.98793103448276,0.0,0.0,0.034482758620689655,29,0.0,3.417615011163782,0.0,0.0,1,1
14271.0,2,214.18,148,38,107.09,228,5.636315789473684,4.945945945945946,0.15911029791549414,0.02631578947368421,37,10.459999999999994,2.1600387225863673,10.459999999999994,0.0,1,0
14272.0,3,614.94,585,38,204.98000000000002,401,16.18263157894737,8.605263157894736,0.16881021767723983,0.05128205128205128,38,-350.76,2.77267968427277,-350.76,0.0,1,0
14273.0,2,218.7,109,10,109.35,61,21.869999999999997,2.1818181818181817,0.26490360084387937,0.16666666666666666,10,0.0,0.29967027334601076,-6.8999999999999915,0.0,1,0
14274.0,1,256.6,178,15,256.6,505,17.10666666666667,0.0,0.0,0.06666666666666667,15,0.0,0.9309493362512629,0.0,0.0,1,1
14275.0,6,1189.3799999999999,538,14,198.23,427,84.95571428571428,9.545454545454545,0.38023048266017917,0.21739130434782608,14,34.33000000000001,1.1964487967816084,80.83000000000001,0.0,1,1
14276.0,10,1558.44,1122,63,155.844,479,24.737142857142857,4.033898305084746,0.18030906096091878,0.06722689075630252,71,12.196999999999997,2.3019181792155163,-18.78642857142857,0.4,1,0
14277.0,10,1696.05,1124,236,169.605,555,7.186652542372881,1.686084142394822,0.10369023964027715,0.00967741935483871,241,444.36800000000005,3.633302492611737,-358.10142857142864,0.4,0,0
14278.0,1,205.83,131,13,205.83,229,15.833076923076923,0.0,0.0,0.07692307692307693,13,0.0,3.33351262338339,0.0,0.0,1,1
14279.0,2,191.86,46,3,95.93,500,63.95333333333334,80.0,0.7009115399006023,0.3333333333333333,3,-29.14,1.3027662875589003,-29.14,0.0,1,1
14280.0,1,134.04,52,8,134.04,16,16.755,0.0,0.0,0.125,8,0.0,4.1148995387841145,0.0,0.0,1,0
14281.0,1,245.15,45,7,245.15,227,35.02142857142857,0.0,0.0,0.14285714285714285,7,0.0,3.392481182177518,0.0,0.0,1,1
14282.0,16,5325.6,3735,80,332.85,482,66.57000000000001,3.1095890410958904,0.2191890951268241,0.034013605442176874,88,-60.84228571428571,0.655288628795156,-33.643151515151516,0.0625,1,0
14283.0,4,628.4399999999999,550,36,157.10999999999999,389,17.456666666666663,2.65,0.21281116947951764,0.07317073170731707,36,162.33999999999997,1.7772871901011276,-21.498000000000005,0.0,1,1
14284.0,1,704.4,349,35,704.4,473,20.125714285714285,0.0,0.0,0.02857142857142857,35,0.0,3.6502450245833904,0.0,0.0,1,1
14285.0,4,1374.41,413,33,343.6025,550,41.64878787878788,6.545454545454546,0.28633971196498814,0.058823529411764705,33,170.20300000000003,3.2816543613844504,170.20300000000003,0.0,1,1
14286.0,8,5850.97,6387,218,731.37125,555,26.839311926605507,1.3397260273972602,0.08175215842556802,0.01092896174863388,235,164.45299999999995,1.236727060184994,-6.814000000000033,0.375,1,0
14287.0,3,62.88,192,4,20.96,18,15.72,3.75,0.4411764705882353,0.4,4,0.0,0.41131496447369864,-103.68,0.3333333333333333,1,0
14288.0,2,413.85,187,16,206.925,32,25.865625,0.0625,0.05,0.11764705882352941,16,0.0,3.59091992146204,0.0,0.5,1,0
14289.0,3,594.22,214,30,198.07333333333335,109,19.807333333333336,2.696969696969697,0.22820758682320372,0.058823529411764705,30,-50.25999999999999,3.4898044013036444,-98.77999999999999,0.0,1,0
14290.0,10,2684.34,829,71,268.434,551,37.80760563380282,4.456521739130435,0.22682568153842647,0.053763440860215055,73,-50.759999999999984,4.395288030649444,-16.87642857142856,0.6,1,1
14291.0,16,5584.56,4266,195,349.035,550,28.63876923076923,1.4870317002881845,0.12978930000061173,0.020114942528735632,205,30.277857142857133,2.842799566175442,6.992666666666666,0.0625,1,0
14292.0,18,5155.88,2179,102,286.4377777777778,558,50.5478431372549,3.7655172413793103,0.23028651483159282,0.04794520547945205,108,82.1810714285714,3.3423388812292587,-8.037132867132868,0.5,1,0
14293.0,8,2270.87,967,63,283.85875,549,36.04555555555555,5.2625,0.14766844560068787,0.04938271604938271,64,-145.613,3.1026253568451145,-135.548,0.125,1,1
14294.0,1,375.34,190,23,375.34,226,16.319130434782608,0.0,0.0,0.043478260869565216,23,0.0,2.646640423933111,0.0,0.0,1,1
14295.0,6,2142.86,938,61,357.1433333333334,549,35.12885245901639,5.823529411764706,0.19673641468940992,0.043478260869565216,61,-169.13400000000001,2.7832513094692692,-105.86399999999999,0.5,1,1
14296.0,3,448.45,313,27,149.48333333333332,393,16.609259259259257,5.888888888888889,0.19479241655116974,0.07142857142857142,27,111.94999999999999,3.503195876511382,111.94999999999999,0.3333333333333333,1,1
14297.0,1,232.6,78,11,232.6,94,21.145454545454545,0.0,0.0,0.09090909090909091,11,0.0,3.1308508863769404,0.0,0.0,1,1
14298.0,69,70120.86,77897,1092,1016.2443478260869,547,64.21324175824176,0.24309133489461357,0.07116952355220188,0.007022471910112359,1115,1647.1814285714286,2.820956352077698,43.6776960784314,0.014492753623188406,1,0
14299.0,32,10292.62,6174,100,321.644375,557,102.92620000000001,1.7435897435897436,0.23514203424909075,0.08085106382978724,107,-212.6057142857143,3.6973551636813524,-76.90517482517481,0.3125,1,1
14301.0,5,1324.19,1073,29,264.838,485,45.66172413793104,5.953488372093023,0.21367740084655165,0.09090909090909091,29,59.110000000000014,3.269685478599441,59.110000000000014,0.4,1,1
14302.0,3,742.9000000000001,298,25,247.63333333333335,557,29.716000000000005,11.333333333333334,0.24006523736281501,0.10714285714285714,25,78.52500000000002,1.7757999911210747,78.52500000000002,0.0,1,1
14303.0,2,277.94,218,21,138.97,254,13.235238095238095,1.2857142857142858,0.1865548615565515,0.09090909090909091,21,0.0,0.8012221454795957,0.0,0.0,1,1
14304.0,5,1523.81,687,69,304.762,390,22.084202898550725,3.5306122448979593,0.15513140649049248,0.04040404040404041,71,-167.695,2.7094313430003147,-167.695,0.4,1,0
14306.0,4,1058.0800000000002,990,12,264.52000000000004,496,88.17333333333335,24.75,0.422247549832318,0.15384615384615385,12,151.36000000000004,0.7766215459546727,151.36000000000004,0.0,1,1
14307.0,8,2979.23,1936,150,372.40375,551,19.861533333333334,2.687830687830688,0.15805734182671047,0.021052631578947368,150,15.925428571428581,2.5761993013807034,44.66892857142858,0.125,1,0
14309.0,8,2527.9900000000002,1758,106,315.99875000000003,370,23.848962264150945,2.676470588235294,0.17207543696797922,0.0364963503649635,106,-86.42100000000002,3.1466636099518066,-69.38892857142856,0.125,1,0
14310.0,1,492.1,230,22,492.1,252,22.36818181818182,0.0,0.0,0.045454545454545456,22,0.0,0.8274380216388897,0.0,0.0,1,1
14311.0,3,435.90000000000003,214,31,145.3,387,14.061290322580646,9.216216216216216,0.16984985934872626,0.05263157894736842,31,23.52000000000001,4.4004496731296445,23.52000000000001,0.3333333333333333,1,0
14312.0,9,2333.29,1277,120,259.25444444444446,323,19.44408333333333,2.219858156028369,0.17785760687636679,0.028169014084507043,121,-167.363,6.066745834422156,-71.19035714285715,0.0,1,0
14314.0,2,101.9,34,2,50.95,250,50.95,8.5,0.6528009050972552,0.6666666666666666,2,0.0,1.5588457268119895,0.0,0.5,1,1
14315.0,5,1567.94,706,52,313.588,454,30.15269230769231,6.405797101449275,0.18212184374708054,0.04285714285714286,53,6.519999999999999,2.3396205254054663,9.988,0.2,1,0
14316.0,6,1355.34,4482,21,225.89,449,64.53999999999999,6.645161290322581,0.26443584349404137,0.125,21,-39.56999999999999,0.8962407488162485,-30.233999999999998,0.16666666666666666,1,1
14318.0,1,158.02,152,9,158.02,279,17.55777777777778,0.0,0.0,0.1111111111111111,9,0.0,1.1742420723362132,0.0,0.0,1,1
14319.0,2,476.95000000000005,327,27,238.47500000000002,548,17.664814814814818,11.692307692307692,0.19288092591114206,0.037037037037037035,27,512.75,1.7825848736901233,512.75,0.5,1,1
14320.0,7,1204.1200000000001,626,68,172.0171428571429,507,17.707647058823532,5.195652173913044,0.18864610987565633,0.053763440860215055,68,-139.176,3.68798116487378,-14.985142857142856,0.2857142857142857,1,0
14321.0,4,994.65,1510,85,248.6625,292,11.701764705882352,1.6046511627906976,0.13360453918349358,0.022988505747126436,85,-25.150000000000006,2.687307320756882,-25.150000000000006,0.25,1,1
14322.0,6,384.3,142,10,64.05,479,38.43,14.375,0.2738297801279956,0.23529411764705882,10,143.99999999999997,3.6079976522752237,89.69999999999999,0.3333333333333333,1,1
14323.0,3,269.02,212,19,89.67333333333333,58,14.158947368421051,2.0434782608695654,0.20911007063279569,0.08333333333333333,19,0.0,2.5154323323915073,-304.4200000000001,0.6666666666666666,1,0
14324.0,2,701.61,402,41,350.805,512,17.112439024390245,7.075,0.15465755694963418,0.024390243902439025,41,-22.00999999999999,2.386837764112828,-22.00999999999999,0.0,1,1
14325.0,1,245.48000000000002,320,18,245.48000000000002,389,13.637777777777778,0.0,0.0,0.05555555555555555,18,0.0,0.9114746006951694,0.0,0.0,1,1
14326.0,4,923.98,568,54,230.995,352,17.11074074074074,5.2105263157894735,0.16539897242051171,0.05172413793103448,54,-70.3,2.544519400125779,-70.3,0.25,1,0
14327.0,5,1583.28,1157,89,316.656,519,17.789662921348313,3.3978494623655915,0.15258518102723012,0.02127659574468085,89,-315.18000000000006,1.8344327935949098,-1.206000000000006,0.0,1,1
14329.0,19,6892.78,3921,265,362.7778947368421,542,26.010490566037735,1.1492890995260663,0.14922773709089313,0.016548463356973995,278,55.373928571428564,3.775530936894125,-8.946083916083916,0.47368421052631576,1,0
14330.0,1,200.63,103,13,200.63,443,15.433076923076923,0.0,0.0,0.07692307692307693,13,0.0,1.840274505721974,0.0,0.0,1,1
14332.0,2,1077.2,412,31,538.6,235,34.748387096774195,0.9722222222222222,0.14227642276422764,0.05405405405405406,31,0.0,1.3364462535353185,-45.799999999999955,0.0,1,1
14334.0,11,3419.0,2400,137,310.8181818181818,388,24.956204379562045,1.7722772277227723,0.18071911511680747,0.029556650246305417,139,31.18900000000001,3.1056120988165685,-5.731393939393942,0.18181818181818182,1,0
14336.0,3,1114.39,989,53,371.46333333333337,95,21.026226415094342,1.3103448275862069,0.1495053915120636,0.03389830508474576,53,45.549999999999955,1.5518435897915386,45.549999999999955,0.0,1,0
14338.0,3,891.8,616,43,297.26666666666665,356,20.73953488372093,6.9,0.14060390330621653,0.0392156862745098,45,212.03999999999996,2.965071331351069,-183.965,0.3333333333333333,1,0
14339.0,5,604.48,439,21,120.896,248,28.784761904761904,7.72,0.20233501888502986,0.11538461538461539,21,-17.019999999999982,1.1990693827362056,-17.019999999999982,0.6,1,0
14340.0,1,134.7,58,6,134.7,38,22.45,0.0,0.0,0.16666666666666666,6,0.0,2.138613257853478,0.0,0.0,1,0
14341.0,16,2964.34,1831,126,185.27125,558,23.526507936507937,2.8251366120218577,0.17521991534837342,0.03804347826086957,138,-46.75642857142857,2.1991291170024105,-17.2997619047619,0.125,1,0
14342.0,6,484.78000000000003,264,18,80.79666666666667,291,26.932222222222222,12.571428571428571,0.2531729610930864,0.13636363636363635,18,51.66,4.308143426529551,51.66,0.5,1,0
14343.0,4,1079.66,626,193,269.915,509,5.594093264248705,1.145922746781116,0.09905504972597474,0.021367521367521368,194,-250.98,1.9080271607311616,-42.456,0.0,1,1
14344.0,18,2749.0,1402,124,152.72222222222223,445,22.169354838709676,2.019704433497537,0.19500801504536533,0.06862745098039216,124,-58.181714285714285,3.847193827678207,-15.806181818181816,0.0,1,0
14346.0,4,1556.61,1377,88,389.1525,317,17.68875,1.9509803921568627,0.1267396894370498,0.02912621359223301,89,-205.24499999999998,3.0930630951970546,-205.24499999999998,0.0,1,1
14347.0,1,82.6,48,6,82.6,556,13.766666666666666,0.0,0.0,0.16666666666666666,6,0.0,2.705118604916736,0.0,0.0,1,1
14348.0,1,409.57,183,18,409.57,79,22.753888888888888,0.0,0.0,0.05555555555555555,18,0.0,2.4876247957003095,0.0,0.0,1,0
14350.0,4,947.8,526,56,236.95,249,16.925,2.5901639344262297,0.1633860252413556,0.03225806451612903,56,-430.40000000000003,5.826777790819332,-62.47499999999999,0.25,1,0
14352.0,2,845.32,410,35,422.66,92,24.152,1.027027027027027,0.14171438356001131,0.05263157894736842,35,382.71999999999997,4.1987642376960554,382.71999999999997,0.0,1,0
14353.0,3,376.5,344,18,125.5,251,20.916666666666668,9.0,0.22032564481994268,0.12,18,-195.29999999999998,1.9061763646980132,-195.29999999999998,0.0,1,0
14355.0,3,840.0500000000001,617,57,280.0166666666667,446,14.737719298245615,4.423728813559322,0.16756736649806622,0.05,57,-63.36999999999998,1.8673447946003179,-63.36999999999998,0.0,1,1
14358.0,2,400.06,338,21,200.03,247,19.05047619047619,1.5833333333333333,0.1808135674048656,0.08,21,0.0,1.5469639082193656,-98.85999999999999,0.0,1,1
14361.0,1,214.70999999999998,251,14,214.70999999999998,398,15.33642857142857,0.0,0.0,0.07142857142857142,14,0.0,3.6484158838513,0.0,0.0,1,1
14363.0,2,227.47000000000003,105,8,113.73500000000001,270,28.433750000000003,7.0,0.35860179602972203,0.125,8,71.16999999999999,4.075350116422952,71.16999999999999,0.0,1,1
14364.0,4,2161.85,1025,22,540.4625,30,98.26590909090909,0.88,0.21678017980586006,0.11538461538461539,22,0.0,2.7862926015654677,-72.54999999999995,0.0,1,0
14365.0,2,634.68,557,50,317.34,501,12.693599999999998,5.74,0.1380208176959262,0.0392156862745098,50,-14.319999999999993,2.1326477329697884,-14.319999999999993,0.0,1,1
14366.0,1,136.0,16,1,136.0,344,136.0,0.0,0.0,1.0,1,0.0,0.0,0.0,0.0,1,1
14367.0,10,4033.02,1848,183,403.302,95,22.038360655737705,0.3249097472924188,0.0865285748644488,0.02158273381294964,183,1057.48,2.7608659861878126,-14.653999999999963,0.2,1,0
14368.0,1,155.0,36,8,155.0,139,19.375,0.0,0.0,0.125,8,0.0,4.288772718222711,0.0,0.0,1,1
14369.0,2,469.13,255,24,234.565,481,19.547083333333333,0.76,0.15833333333333335,0.07692307692307693,24,0.0,2.622686819627184,129.75,0.0,1,1
14370.0,9,1092.13,257,37,121.3477777777778,496,29.51702702702703,4.666666666666667,0.2836208860188688,0.061224489795918366,37,-134.71000000000004,5.678165783654671,-20.68885714285715,0.3333333333333333,1,1
14371.0,1,100.5,34,4,100.5,114,25.125,0.0,0.0,0.25,4,0.0,1.6500000000000001,0.0,0.0,1,1
14372.0,3,830.1800000000001,376,37,276.7266666666667,544,22.4372972972973,7.421052631578948,0.22421783110316218,0.05128205128205128,37,149.815,4.276685705167347,149.815,0.3333333333333333,1,1
14373.0,1,76.55,17,4,76.55,177,19.1375,0.0,0.0,0.25,4,0.0,10.139485522780072,0.0,0.0,1,1
14374.0,1,108.0,20,7,108.0,360,15.428571428571429,0.0,0.0,0.14285714285714285,7,0.0,4.957209756650264,0.0,0.0,1,1
14375.0,3,1106.82,647,176,368.94,360,6.288749999999999,1.7401960784313726,0.0847996319443581,0.01951219512195122,177,-52.69499999999999,3.2814821124206612,-52.69499999999999,0.0,1,0
14376.0,1,215.46,50,17,215.46,502,12.674117647058823,0.0,0.0,0.1111111111111111,17,0.0,2.4164314963330926,0.0,0.0,1,1
14377.0,2,617.05,219,11,308.525,81,56.095454545454544,7.0,0.30255952013957177,0.09090909090909091,11,-12.150000000000034,10.476258874235592,-12.150000000000034,0.0,1,0
14378.0,1,131.25,57,9,131.25,441,14.583333333333334,0.0,0.0,0.1111111111111111,9,0.0,3.6505517086842882,0.0,0.0,1,1
14379.0,3,1028.04,548,75,342.68,299,13.7072,1.8775510204081634,0.1332103610554088,0.030303030303030304,76,-103.01499999999997,4.134263809924511,-103.01499999999997,0.0,1,1
14381.0,1,423.26,303,56,423.26,270,7.5582142857142856,0.0,0.0,0.017857142857142856,56,0.0,0.9193070336280051,0.0,0.0,1,1
14382.0,2,572.19,435,138,286.095,209,4.146304347826088,0.0,0.0,0.01948051948051948,138,0.0,1.8307092373880889,0.0,0.5,1,1
14384.0,1,58.5,30,3,58.5,320,19.5,0.0,0.0,0.3333333333333333,3,0.0,0.0,0.0,0.0,1,1
14386.0,1,142.4,54,7,142.4,116,20.342857142857145,0.0,0.0,0.14285714285714285,7,0.0,3.068484192251158,0.0,0.0,1,1
14388.0,14,4277.65,2978,130,305.5464285714285,508,32.904999999999994,1.6866197183098592,0.16082896526917845,0.03859649122807018,142,-63.36771428571429,3.0931630617720662,3.502909090909088,0.21428571428571427,1,0
14389.0,8,1119.95,812,47,139.99375,548,23.82872340425532,6.6875,0.2481393453829533,0.06172839506172839,52,9.949428571428566,1.7882501620230062,20.932499999999997,0.5,1,0
14390.0,9,2525.44,1123,150,280.6044444444444,244,16.836266666666667,0.7571428571428571,0.08121516518634166,0.02491103202846975,153,-904.58,3.4251242619742146,-105.82100000000001,0.2222222222222222,1,0
14391.0,1,135.6,168,14,135.6,396,9.685714285714285,0.0,0.0,0.07142857142857142,14,0.0,0.08516306272526401,0.0,0.0,1,1
14392.0,1,266.4,114,14,266.4,251,19.02857142857143,0.0,0.0,0.07142857142857142,14,0.0,2.231972960567241,0.0,0.0,1,1
14393.0,1,67.95,13,5,67.95,37,13.59,0.0,0.0,0.2,5,0.0,1.176010204037363,0.0,0.0,1,0
14394.0,1,93.8,58,6,93.8,384,15.633333333333333,0.0,0.0,0.16666666666666666,6,0.0,2.91032644217105,0.0,0.0,1,1
14395.0,18,5926.61,3006,254,329.25611111111107,419,23.33311023622047,0.636986301369863,0.10593439818779353,0.018803418803418803,262,-410.749,2.558513453395765,-92.65927272727272,0.1111111111111111,1,0
14396.0,6,1591.74,773,167,265.29,556,9.531377245508983,1.7416267942583732,0.11440384369840101,0.023809523809523808,166,-148.288,2.4045297232084,-71.19300000000001,0.0,1,1
14397.0,2,242.24,224,11,121.12,33,22.021818181818183,1.1538461538461537,0.22360269846857672,0.14285714285714285,11,0.0,2.7480310633751444,0.0,0.0,1,0
14398.0,2,707.79,267,50,353.895,347,14.1558,2.423076923076923,0.1311681672660474,0.03773584905660377,50,-185.19,2.5700347312037652,-185.19,0.0,1,1
14399.0,9,2093.21,957,120,232.57888888888888,493,17.443416666666668,1.4278350515463918,0.15039863614512597,0.03076923076923077,122,-47.898999999999994,1.993415466822634,-17.052976190476187,0.1111111111111111,1,1
14400.0,3,1143.3,1243,47,381.09999999999997,451,24.325531914893617,4.6,0.14139794952872925,0.0392156862745098,47,-169.2,1.4454481359514395,-335.36,0.3333333333333333,1,1
14401.0,14,3643.98,2706,91,260.2842857142857,544,40.043736263736264,4.429752066115703,0.24985025955242637,0.06557377049180328,93,-57.909285714285716,2.4059985509621744,-17.642181818181815,0.14285714285714285,1,0
14402.0,1,285.6,240,8,285.6,471,35.7,0.0,0.0,0.125,8,0.0,0.18516401995451034,0.0,0.0,1,1
14403.0,7,1322.96,610,20,188.99428571428572,458,66.148,14.448275862068966,0.22737014544575665,0.13333333333333333,20,378.355,3.467139070376804,54.39200000000001,0.42857142857142855,1,0
14404.0,12,1874.39,1023,90,156.19916666666668,538,20.826555555555558,3.4545454545454546,0.20627572415377943,0.06015037593984962,93,14.642571428571426,7.270523249920687,6.996166666666666,0.16666666666666666,1,0
14405.0,1,195.0,100,2,195.0,206,97.5,0.0,0.0,0.5,2,0.0,0.0,0.0,0.0,1,1
14407.0,4,972.98,414,33,243.245,96,29.484242424242424,2.111111111111111,0.22648187713532494,0.08108108108108109,33,258.62000000000006,5.2660772848459,135.68500000000003,0.5,1,0
14408.0,7,2585.03,1470,32,369.29,552,80.7821875,9.0,0.2652011220378313,0.09836065573770492,33,55.51857142857141,0.7148779940997537,1.9717857142857034,0.0,1,0
14409.0,7,1882.74,1352,52,268.96285714285716,386,36.206538461538464,3.9047619047619047,0.21120542164386294,0.0625,55,-21.865999999999985,1.4827971208453645,-53.579999999999984,0.14285714285714285,1,1
14410.0,10,2235.63,1128,250,223.56300000000002,256,8.94252,0.7275641025641025,0.09906497305943304,0.012779552715654952,250,-115.513,2.01328601351439,-117.07685714285715,0.2,1,0
14411.0,1,1063.0,196,14,1063.0,130,75.92857142857143,0.0,0.0,0.07142857142857142,14,0.0,4.73346311667505,0.0,0.0,1,1
14412.0,1,656.16,642,41,656.16,244,16.00390243902439,0.0,0.0,0.024390243902439025,41,0.0,0.7475901120331622,0.0,0.0,1,1
14413.0,3,421.72,276,92,140.57333333333335,508,4.583913043478261,3.4680851063829787,0.11510150559828872,0.021052631578947368,94,176.32,2.3285736902943444,-0.8250000000000027,0.0,1,1
14414.0,2,1119.55,511,28,559.775,194,39.98392857142857,0.5714285714285714,0.14201514274202232,0.06896551724137931,28,0.0,8.131041005462482,-685.1500000000001,0.0,1,1
14415.0,22,8732.59,4499,359,396.9359090909091,542,24.32476323119777,0.5616438356164384,0.09502733146201983,0.018947368421052633,398,137.04392857142858,3.0298480697049768,-14.427035714285713,0.2727272727272727,1,0
14417.0,1,524.65,543,106,524.65,207,4.949528301886792,0.0,0.0,0.017094017094017096,106,0.0,2.2952706473383184,0.0,0.0,1,1
14419.0,3,509.99,230,53,169.99666666666667,202,9.62245283018868,1.6329113924050633,0.11900777679306275,0.05,53,-143.91,1.8524414099277715,-9.905000000000001,0.0,1,0
14420.0,5,1241.85,782,58,248.36999999999998,511,21.41120689655172,4.4393939393939394,0.18197950371900426,0.04477611940298507,59,7.300000000000011,3.9447375074539117,46.94500000000001,0.4,1,1
14421.0,6,2098.69,1170,67,349.7816666666667,511,31.323731343283583,5.666666666666667,0.15416569337184066,0.047058823529411764,69,-167.121,2.784526286220955,-167.121,0.16666666666666666,1,0
14422.0,16,6338.59,3328,206,396.161875,542,30.76985436893204,1.2691218130311614,0.1446027352839267,0.01977401129943503,212,3.137999999999972,3.0354513204587117,38.307307692307695,0.125,1,0
14423.0,4,914.9599999999999,418,12,228.73999999999998,514,76.24666666666666,31.6,0.3835193248999777,0.1875,12,-34.706,1.1908146721187698,-34.706,0.25,1,0
14425.0,5,635.89,319,36,127.178,557,17.66361111111111,7.7,0.16609272836872382,0.04878048780487805,38,-208.69000000000003,1.5660759178557737,-208.69000000000003,0.4,1,1
14426.0,17,8656.4,5155,384,509.2,464,22.542708333333334,0.7469135802469136,0.12047967826441626,0.01026694045174538,395,72.92099999999998,4.888736647063676,-54.87050000000001,0.4117647058823529,1,1
14427.0,2,900.1800000000001,310,27,450.09000000000003,451,33.34,5.269230769230769,0.18907878890298116,0.037037037037037035,27,-290.02000000000004,56.162318193787954,-290.02000000000004,0.0,1,1
14428.0,3,326.38,141,25,108.79333333333334,144,13.0552,3.2857142857142856,0.1924963969117888,0.10344827586206896,25,-80.72,4.056992291489099,-80.72,0.3333333333333333,1,0
14429.0,1,516.28,286,22,516.28,223,23.467272727272725,0.0,0.0,0.045454545454545456,22,0.0,1.8222547400575853,0.0,0.0,1,1
14430.0,5,992.1000000000001,414,32,198.42000000000002,426,31.003125000000004,2.5,0.2160837306415011,0.05128205128205128,32,178.70000000000005,3.2176517409511374,-25.04999999999995,0.4,1,1
14431.0,5,2567.1,1196,72,513.42,507,35.65416666666667,4.607142857142857,0.16080451583829913,0.03529411764705882,72,-169.524,3.1826154264034097,-169.524,0.2,1,1
14433.0,1,280.7,131,72,280.7,285,3.898611111111111,0.0,0.0,0.02702702702702703,72,0.0,1.9073543825064325,0.0,0.0,1,1
14435.0,1,90.42,282,3,90.42,321,30.14,0.0,0.0,0.3333333333333333,3,0.0,0.6004442799572108,0.0,0.0,1,1
14436.0,1,182.64000000000001,168,2,182.64000000000001,373,91.32000000000001,0.0,0.0,0.5,2,0.0,0.134350288425444,0.0,0.0,1,1
14437.0,6,850.84,414,34,141.80666666666667,403,25.024705882352944,5.119047619047619,0.2884048299478416,0.06976744186046512,37,-171.22000000000003,2.9551181833046702,-58.848000000000006,0.16666666666666666,1,1
14438.0,1,131.9,82,9,131.9,125,14.655555555555557,0.0,0.0,0.1111111111111111,9,0.0,0.4824704942043375,0.0,0.0,1,1
14439.0,5,9443.04,2244,105,1888.6080000000002,506,89.93371428571429,2.859375,0.14751034079386802,0.031007751937984496,115,-511.6120000000001,4.236814777039688,-511.6120000000001,0.0,0,1
14440.0,12,4698.16,1348,55,391.5133333333333,557,85.4210909090909,3.9523809523809526,0.201724137976898,0.0660377358490566,55,33.926,2.979359008047198,-13.69880952380953,0.16666666666666666,1,1
14441.0,12,3142.59,912,76,261.8825,510,41.34986842105263,3.596638655462185,0.2527347533401811,0.041666666666666664,77,-90.115,4.231294766281317,-52.495575757575764,0.3333333333333333,1,0
14442.0,11,5276.27,1421,129,479.6609090909091,509,40.90131782945737,2.595744680851064,0.15734331510323485,0.021164021164021163,133,21.345428571428574,11.632951386187177,21.345428571428574,0.36363636363636365,0,0
14443.0,6,1251.85,759,72,208.64166666666665,198,17.386805555555554,0.8674698795180723,0.11697263177481322,0.03571428571428571,72,-649.5500000000001,1.7378102091443444,-180.81,0.5,1,1
14444.0,1,120.44,172,11,120.44,275,10.94909090909091,0.0,0.0,0.09090909090909091,11,0.0,0.6624417641642856,0.0,0.0,1,1
14445.0,1,221.65,83,32,221.65,275,6.9265625,0.0,0.0,0.03125,32,0.0,1.410536924480384,0.0,0.0,1,1
14446.0,2,492.96999999999997,493,113,246.48499999999999,206,4.362566371681416,1.1290322580645162,0.08318607310856407,0.016,113,113.11000000000001,1.4117677182605433,113.11000000000001,0.0,1,0
14447.0,3,1149.53,655,63,383.1766666666667,219,18.246507936507935,2.7432432432432434,0.15391538635114935,0.04,67,-106.23499999999999,1.8560342591588044,-106.23499999999999,0.0,1,0
14448.0,1,102.35000000000001,44,18,102.35000000000001,183,5.686111111111112,0.0,0.0,0.05555555555555555,18,0.0,2.0085214703189074,0.0,0.0,1,1
14449.0,6,1745.07,1196,211,290.84499999999997,255,8.270473933649289,0.5548961424332344,0.06845704937054069,0.014792899408284023,213,-31.595000000000027,1.3856515895558228,-26.762000000000008,0.0,1,0
14450.0,7,1128.44,522,47,161.2057142857143,430,24.00936170212766,5.693333333333333,0.2021339416361119,0.06578947368421052,48,9.034000000000011,1.745226929395636,-30.524999999999995,0.0,1,0
14451.0,17,2931.6,1529,218,172.4470588235294,511,13.447706422018348,1.060215053763441,0.09438495033844474,0.02575107296137339,231,-30.588999999999988,2.1136650479510912,23.605333333333338,0.35294117647058826,1,0
14452.0,2,399.9,169,62,199.95,340,6.449999999999999,1.8529411764705883,0.11381881272383673,0.028985507246376812,65,147.8,2.310085286822884,147.8,0.0,1,1
14453.0,1,119.93,49,22,119.93,9,5.451363636363637,0.0,0.0,0.045454545454545456,22,0.0,2.1774978690453337,0.0,0.0,1,0
14454.0,6,970.7,396,94,161.78333333333333,552,10.326595744680851,3.227272727272727,0.17477917855895253,0.036036036036036036,95,12.640999999999998,3.1956898516867414,12.640999999999998,0.16666666666666666,1,1
14455.0,5,587.12,670,65,117.424,314,9.032615384615385,0.7948717948717948,0.14632202206750441,0.0379746835443038,67,-103.79999999999998,1.2231778040330565,-3.4500000000000024,0.2,1,1
14457.0,1,113.64,88,4,113.64,130,28.41,0.0,0.0,0.25,4,0.0,0.6858814280422918,0.0,0.0,1,1
14458.0,1,219.26999999999998,309,45,219.26999999999998,200,4.8726666666666665,0.0,0.0,0.022222222222222223,45,0.0,1.157815253663624,0.0,0.0,1,1
14459.0,1,3537.82,1542,75,3537.82,470,47.17093333333334,0.0,0.0,0.013333333333333334,75,0.0,3.3339069524459686,0.0,0.0,1,1
14460.0,10,515.26,904,23,51.525999999999996,543,22.402608695652173,12.8125,0.3471049026450797,0.15151515151515152,23,-20.572000000000003,1.7003138636288553,-13.862857142857141,0.3,1,1
14461.0,12,5334.18,2514,424,444.51500000000004,510,12.58061320754717,0.8134615384615385,0.0942510031141887,0.009596928982725527,425,32.69899999999999,3.2138788092569044,54.12285714285714,0.08333333333333333,1,0
14462.0,10,1345.34,578,139,134.534,251,9.678705035971223,1.2708333333333333,0.13151609750624907,0.025906735751295335,139,82.435,3.1045397241375157,-1.895428571428569,0.2,1,0
14463.0,2,372.87,127,4,186.435,319,93.2175,98.0,0.573968829818177,0.25,4,-141.02999999999997,4.551669107774274,-141.02999999999997,0.0,1,0
14464.0,2,111.0,62,4,55.5,446,27.75,19.666666666666668,0.5608844988640275,0.25,4,-9.0,2.3584511160222648,-9.0,0.0,1,1
14465.0,11,3925.85,2539,128,356.8954545454545,520,30.670703125,2.34375,0.17197725543459041,0.04145077720207254,129,-133.56314285714288,2.1958263003233447,6.830333333333329,0.0,1,0
14466.0,10,3340.45,1959,73,334.04499999999996,545,45.759589041095886,3.1785714285714284,0.18895200099003343,0.047337278106508875,82,35.73,3.2870694534365983,8.37583333333333,0.0,1,0
14467.0,9,1738.68,948,120,193.18666666666667,557,14.489,1.8464912280701755,0.15288629876960272,0.026200873362445413,125,39.19314285714287,1.8334223977725235,29.778333333333336,0.0,1,1
14468.0,1,204.24,164,12,204.24,553,17.02,0.0,0.0,0.08333333333333333,12,0.0,4.321621030739893,0.0,0.0,1,1
14469.0,4,2093.46,973,120,523.365,499,17.4455,1.8125,0.12849331096608269,0.027586206896551724,120,-220.34499999999997,3.6819688428050243,36.91800000000001,0.0,1,1
14470.0,2,548.49,227,48,274.245,250,11.426875,2.784313725490196,0.13332296332889568,0.038461538461538464,48,46.78999999999999,3.3598093646541165,46.78999999999999,0.0,1,1
14471.0,2,400.95,187,38,200.475,552,10.551315789473684,3.525,0.15132614828337168,0.04878048780487805,38,-16.70999999999998,2.277484973578981,-16.70999999999998,0.0,1,1
14472.0,6,1723.26,1029,158,287.21,508,10.906708860759494,1.953125,0.08640874513695454,0.027237354085603113,160,56.92,3.136683208573739,-0.8400000000000025,0.0,1,0
14473.0,1,85.0,10,1,85.0,101,85.0,0.0,0.0,1.0,1,0.0,0.0,0.0,0.0,1,1
14474.0,1,711.23,308,97,711.23,399,7.332268041237113,0.0,0.0,0.02040816326530612,97,0.0,2.3994340801326812,0.0,0.0,1,1
14475.0,5,820.94,328,29,164.18800000000002,228,28.308275862068967,6.0,0.22972128174144502,0.07894736842105263,29,42.66999999999999,3.025956322271667,42.66999999999999,0.4,1,0
14476.0,1,193.0,110,17,193.0,76,11.352941176470589,0.0,0.0,0.058823529411764705,17,0.0,2.6658102178600522,0.0,0.0,1,0
14477.0,7,1175.8,696,5,167.97142857142856,536,235.16,66.25,0.9550194461826923,0.3333333333333333,6,46.78857142857143,0.10713439119992132,32.81785714285714,0.2857142857142857,1,0
14478.0,4,1276.66,1226,59,319.165,557,21.638305084745763,5.298507462686567,0.1850851853189732,0.04411764705882353,59,24.29400000000002,3.020423758273574,24.29400000000002,0.0,1,1
14479.0,4,1124.71,562,127,281.1775,552,8.855984251968504,3.463768115942029,0.11701425004884812,0.02158273381294964,127,-106.64,2.608515629627599,-91.877,0.0,1,0
14480.0,4,1016.22,526,43,254.055,537,23.633023255813953,6.038461538461538,0.16010046913756878,0.03773584905660377,43,49.64,2.3520347088016873,49.64,0.25,1,1
14481.0,4,1951.04,1313,106,487.76,497,18.406037735849058,2.9618320610687023,0.13265322746979663,0.022727272727272728,111,-0.267999999999995,2.0876344183605453,-0.267999999999995,0.0,1,1
14482.0,9,2356.35,1267,99,261.81666666666666,289,23.80151515151515,1.8699186991869918,0.128376955920441,0.03225806451612903,102,-405.15000000000003,1.7462492175121178,-33.104999999999976,0.2222222222222222,1,0
14483.0,2,257.1,193,13,128.55,556,19.77692307692308,37.916666666666664,0.2864939387356888,0.07692307692307693,13,17.099999999999994,0.7698309837813386,17.099999999999994,0.0,1,1
14484.0,3,749.0600000000001,534,37,249.6866666666667,542,20.244864864864866,8.421052631578947,0.20395600076031295,0.05128205128205128,37,-107.535,1.4789398763623682,-107.535,0.0,1,1
14486.0,2,175.5,90,4,87.75,373,43.875,8.2,0.42408475777770244,0.3333333333333333,4,-19.5,0.0,-19.5,0.0,1,1
14487.0,3,213.14000000000001,85,32,71.04666666666667,198,6.6606250000000005,0.24390243902439024,0.09520976591289164,0.07142857142857142,32,0.0,3.0055998162624453,11.560000000000002,0.3333333333333333,1,1
14489.0,4,1574.93,1011,65,393.7325,432,24.229692307692307,4.08080808080808,0.14902368525519755,0.04,75,6.2649999999999855,2.667356736470763,6.97899999999999,0.0,1,0
14490.0,2,1273.47,933,72,636.735,248,17.687083333333334,0.27848101265822783,0.08013396149338162,0.025,72,0.0,1.5806385456597332,0.0,0.0,1,1
14491.0,1,127.2,40,4,127.2,192,31.8,0.0,0.0,0.25,4,0.0,2.638181191654584,0.0,0.0,1,1
14492.0,10,1574.3600000000001,639,70,157.436,438,22.490857142857145,1.796116504854369,0.20199544708416323,0.04807692307692308,71,-42.18000000000001,2.991385177170048,16.10171428571428,0.3,1,1
14493.0,7,2630.92,1857,204,375.8457142857143,461,12.896666666666667,1.0464135021097047,0.10756050747030078,0.012605042016806723,207,12.313999999999982,5.884995726981583,61.30228571428571,0.2857142857142857,1,1
14494.0,2,261.9,118,10,130.95,550,26.189999999999998,36.55555555555556,0.3303212851405623,0.1,10,33.3,0.82842823064725,33.3,0.0,1,1
14495.0,2,42.5,5,1,21.25,479,42.5,12.0,12.0,1.0,1,0.0,0.0,-59.5,0.5,1,1
14496.0,10,2341.54,894,64,234.154,452,36.5865625,2.925925925925926,0.1536910727236343,0.045871559633027525,65,-76.152,4.220143429724655,-67.64457142857142,0.3,1,1
14497.0,3,679.16,330,40,226.38666666666666,493,16.979,9.048780487804878,0.15647092337102741,0.047619047619047616,40,235.78000000000003,3.550142657976727,235.78000000000003,0.3333333333333333,1,1
14498.0,7,2256.75,1188,163,322.39285714285717,369,13.845092024539877,1.7733990147783252,0.12058871661143522,0.014705882352941176,167,28.41299999999999,4.301264687250089,-14.712142857142858,0.0,1,0
14499.0,8,1397.8700000000001,796,119,174.73375000000001,289,11.746806722689076,1.1272727272727272,0.12286298926968231,0.030120481927710843,120,-116.27000000000001,1.890622557418184,8.478000000000003,0.375,1,1
14500.0,1,284.85,103,4,284.85,9,71.2125,0.0,0.0,0.4,4,0.0,4.249352891911896,0.0,0.0,1,0
14501.0,2,251.21,161,9,125.605,139,27.912222222222223,15.11111111111111,0.3261390887290168,0.2,9,117.35,1.6845655555991617,117.35,0.0,1,0
14502.0,8,961.69,426,176,120.21125,132,5.464147727272728,0.3261802575107296,0.08179219767605754,0.017094017094017096,176,-352.65,2.8811477167495707,41.05899999999999,0.25,1,0
14504.0,3,542.71,263,81,180.90333333333334,97,6.7001234567901236,0.35789473684210527,0.10350371465341378,0.03125,81,-20.870000000000005,3.051537482773549,-20.870000000000005,0.0,1,0
14505.0,23,8931.97,3851,738,388.3465217391304,549,12.102940379403794,0.4301164725457571,0.07555474865687485,0.00997506234413965,746,21.448571428571427,2.8714652556853926,11.427545454545456,0.30434782608695654,1,0
14506.0,4,1553.76,445,133,388.44,419,11.682406015037595,1.6972972972972973,0.10042365984858086,0.021505376344086023,139,-47.16999999999999,2.8274415331471148,-63.41199999999999,0.0,1,1
14507.0,11,2352.23,1190,176,213.8390909090909,548,13.364943181818182,2.251101321585903,0.126964825040016,0.017543859649122806,176,39.50828571428572,3.1690935206398136,21.88285714285715,0.2727272727272727,1,0
14508.0,4,536.02,205,100,134.005,359,5.3602,1.3442622950819672,0.0848229411204743,0.032520325203252036,102,-47.599999999999994,2.6840031863043112,-47.599999999999994,0.25,1,1
14509.0,1,110.95,38,25,110.95,353,4.438,0.0,0.0,0.04,25,0.0,2.688114270884579,0.0,0.0,1,1
14510.0,4,964.55,787,67,241.1375,255,14.396268656716417,0.8,0.10090558689830653,0.039473684210526314,67,46.94999999999999,2.2341731976713404,46.94999999999999,0.25,1,1
14512.0,7,1215.97,736,55,173.71,551,22.108545454545457,6.948717948717949,0.23608181223890018,0.05063291139240506,55,28.793999999999997,4.044114865309458,4.526785714285709,0.0,1,0
14513.0,6,632.67,395,15,105.445,387,42.178,15.565217391304348,0.3839003571109,0.125,15,2.211000000000001,1.5805126094706274,-2.3780000000000032,0.16666666666666666,1,0
14514.0,9,3788.7,1970,198,420.96666666666664,545,19.134848484848483,1.8096885813148789,0.13468652093722533,0.020689655172413793,203,-104.82285714285716,2.1620898139716003,-49.22095238095238,0.1111111111111111,1,0
14515.0,11,2382.46,1144,72,216.58727272727273,370,33.08972222222222,3.2962962962962963,0.14927182746649353,0.03669724770642202,73,284.775,2.442684429172806,8.323000000000002,0.2727272727272727,1,0
14516.0,1,151.17,63,35,151.17,335,4.3191428571428565,0.0,0.0,0.02857142857142857,35,0.0,1.901992763022046,0.0,0.0,1,1
14519.0,2,203.14,81,38,101.57,548,5.34578947368421,1.2162162162162162,0.14482291211939063,0.02631578947368421,38,-42.75999999999999,1.77166807062986,-42.75999999999999,0.0,1,1
14520.0,1,165.0,100,1,165.0,110,165.0,0.0,0.0,1.0,1,0.0,0.0,0.0,0.0,1,1
14521.0,2,167.65,203,17,83.825,310,9.861764705882353,0.6842105263157895,0.17180839349416624,0.1,17,0.0,2.928925615845833,0.0,0.5,1,1
14522.0,5,1052.51,599,27,210.502,503,38.98185185185185,14.235294117647058,0.20585964665200293,0.08571428571428572,29,-191.45500000000004,2.341890818343592,9.121999999999995,0.0,1,0
14524.0,8,1819.76,809,193,227.47,236,9.428808290155441,0.7564102564102564,0.09854825179256158,0.029787234042553193,196,-528.9,3.313981433341872,-242.78999999999996,0.0,1,0
14525.0,15,5701.73,3519,267,380.1153333333333,545,21.354794007490636,1.3922077922077922,0.14539564181409823,0.02849740932642487,268,79.39892857142857,2.875548771305232,9.251758241758244,0.13333333333333333,1,0
14526.0,1,258.65,178,41,258.65,208,6.308536585365853,0.0,0.0,0.024390243902439025,41,0.0,1.7218398412815261,0.0,0.0,1,1
14527.0,111,21431.41,5297,546,193.07576576576577,557,39.251666666666665,0.23073373327180433,0.1014736991972385,0.010608856088560886,599,-827.2092857142857,4.638934294392286,-151.5025438596491,0.16216216216216217,1,0
14530.0,16,4603.55,2240,228,287.721875,507,20.191008771929827,1.3369272237196765,0.1364894242000342,0.016129032258064516,229,-41.825428571428574,3.5012089837694225,8.152909090909093,0.1875,1,0
14531.0,1,376.34,260,29,376.34,299,12.977241379310344,0.0,0.0,0.034482758620689655,29,0.0,2.4416133727658367,0.0,0.0,1,1
14532.0,12,3833.03,1110,209,319.4191666666667,518,18.339856459330143,1.4585987261146496,0.14795908127881977,0.02857142857142857,226,-168.094,3.1243136241873803,-48.87315151515153,0.08333333333333333,1,0
14533.0,7,1806.0,2546,32,258.0,430,56.4375,6.7105263157894735,0.32829233062365953,0.10256410256410256,32,46.22000000000003,4.426640336571938,5.048000000000005,0.2857142857142857,1,1
14534.0,23,3532.87,1654,289,153.60304347826087,453,12.22446366782007,1.0477326968973748,0.1234050621423874,0.01904761904761905,290,113.9134285714286,3.1794719597496717,-13.743181818181816,0.2608695652173913,1,0
14535.0,8,3824.92,1803,436,478.115,472,8.772752293577982,0.6756756756756757,0.07436607166598748,0.01011804384485666,446,-117.591,2.613615200476445,12.247142857142855,0.125,1,0
14536.0,1,170.95,39,18,170.95,79,9.497222222222222,0.0,0.0,0.05555555555555555,18,0.0,3.4659466163967987,0.0,0.0,1,0
14537.0,2,279.89,107,13,139.945,442,21.529999999999998,1.2307692307692308,0.22634413628324826,0.14285714285714285,13,-291.79,3.1534986675363994,-291.79,0.5,1,1
14538.0,4,1089.0900000000001,159,30,272.27250000000004,502,36.303000000000004,12.142857142857142,0.23262264741865757,0.08333333333333333,30,-173.05,11.481565552644922,-173.05,0.0,1,0
14540.0,10,2942.98,1304,149,294.298,551,19.751543624161073,2.053921568627451,0.1455371138061361,0.02926829268292683,151,-36.74200000000002,3.1624973809256427,-15.93071428571429,0.1,1,1
14541.0,12,2043.48,979,99,170.29,521,20.64121212121212,2.9390243902439024,0.19448791920182198,0.048484848484848485,112,9.048571428571426,1.7912616730602824,0.9483636363636393,0.0,1,0
14542.0,1,103.25,19,5,103.25,5,20.65,0.0,0.0,0.2,5,0.0,0.7797435475847173,0.0,0.0,1,0
14543.0,41,10965.83,1880,96,267.4592682926829,557,114.22739583333333,2.3761061946902653,0.26559899829437233,0.048458149779735685,99,-204.1453571428571,4.927284947486292,-61.67714138286894,0.1951219512195122,1,0
14544.0,2,2036.0,1712,111,1018.0,289,18.34234234234234,0.8372093023255814,0.07966692129503318,0.023076923076923078,111,167.53999999999996,2.0113322421204316,167.53999999999996,0.0,1,1
14545.0,1,349.25,236,23,349.25,493,15.184782608695652,0.0,0.0,0.043478260869565216,23,0.0,2.913440572309559,0.0,0.0,1,1
14546.0,14,3362.62,1825,318,240.18714285714285,552,10.574276729559749,0.9392857142857143,0.09223803746359718,0.0142602495543672,335,74.50914285714286,2.107233497681487,-10.426666666666666,0.42857142857142855,1,0
14548.0,8,2214.89,858,66,276.86125,552,33.55893939393939,3.869158878504673,0.170307615299085,0.09259259259259259,67,-144.885,2.563894220497602,-65.717,0.0,1,1
14549.0,4,913.6,394,117,228.4,556,7.808547008547008,2.9859154929577465,0.1373496864087806,0.027972027972027972,120,-14.917999999999992,2.137764303167395,-14.917999999999992,0.0,1,1
14550.0,2,587.69,382,46,293.845,303,12.775869565217393,1.9387755102040816,0.13305322128851538,0.04,47,8.670000000000016,3.1648668540843286,8.670000000000016,0.0,1,1
14551.0,8,795.84,435,68,99.48,501,11.703529411764706,6.181818181818182,0.18571356543108836,0.02564102564102564,68,39.13000000000001,3.1443522277888865,39.13000000000001,0.25,1,0
14552.0,2,343.71,168,80,171.855,411,4.296374999999999,2.1979166666666665,0.0975330452433407,0.020618556701030927,92,-3.7299999999999898,1.4314754226806796,-3.7299999999999898,0.0,1,1
14553.0,7,1246.15,805,169,178.02142857142857,329,7.373668639053255,1.3457943925233644,0.11571733147426295,0.023255813953488372,171,-193.925,2.3580460600831348,-82.536,0.14285714285714285,1,0
14555.0,6,2168.68,807,94,361.44666666666666,541,23.07106382978723,3.690265486725664,0.16629936639039206,0.02631578947368421,95,-57.691999999999986,2.5013461614016,4.584000000000009,0.16666666666666666,1,1
14556.0,3,815.69,323,158,271.8966666666667,508,5.162594936708861,0.4666666666666667,0.08161217012588531,0.015306122448979591,160,-148.27000000000004,2.1442247717519898,1.1499999999999773,0.0,1,1
14558.0,5,614.1,158,13,122.82000000000001,557,47.23846153846154,5.1875,0.35189740460790564,0.11764705882352941,13,32.99999999999994,5.375112857912298,-24.30000000000001,0.4,1,1
14559.0,1,75.6,72,2,75.6,209,37.8,0.0,0.0,0.5,2,0.0,0.28284271247461906,0.0,0.0,1,1
14560.0,32,5098.3099999999995,3554,51,159.32218749999998,557,99.96686274509803,3.2515337423312882,0.2817202211730124,0.06707317073170732,58,-101.36749999999999,4.412910752218736,-33.39606593406593,0.03125,1,0
14561.0,1,222.07,183,16,222.07,3,13.879375,0.0,0.0,0.0625,16,0.0,1.7898769743569902,0.0,0.0,1,0
14562.0,12,2737.37,1254,164,228.11416666666665,489,16.691280487804878,1.6853146853146854,0.1552972764840505,0.024390243902439025,168,39.65342857142856,2.47336983273335,23.721878787878786,0.0,1,0
14563.0,2,625.42,243,94,312.71,411,6.653404255319148,0.7884615384615384,0.0872118498994826,0.02857142857142857,94,-331.12,3.9796914559107566,-331.12,0.0,1,1
14564.0,5,2519.32,1284,108,503.86400000000003,555,23.327037037037037,2.732142857142857,0.09493514587603662,0.017699115044247787,108,628.5600000000001,3.621382488105617,628.5600000000001,0.6,0,1
14565.0,4,2577.15,1293,103,644.2875,293,25.02087378640777,2.4454545454545453,0.12768629311636573,0.018018018018018018,103,-55.23000000000001,2.444733690478948,-55.23000000000001,0.25,1,0
14566.0,3,2660.0,1600,8,886.6666666666666,353,332.5,10.545454545454545,0.4310175266479535,0.16666666666666666,8,237.49999999999997,0.07784989441615238,237.49999999999997,0.0,0,1
14568.0,2,909.5,633,47,454.75,254,19.351063829787233,0.2127659574468085,0.08653771980734823,0.041666666666666664,47,-929.9000000000001,1.7228256802323578,-929.9000000000001,0.5,0,1
14569.0,3,369.94,178,21,123.31333333333333,423,17.616190476190475,7.142857142857143,0.2733768695418732,0.09090909090909091,21,6.339999999999975,2.1073643804607287,-24.13000000000001,0.0,1,1
14570.0,3,512.4,363,63,170.79999999999998,262,8.133333333333333,2.4923076923076923,0.1181545351067339,0.030303030303030304,64,-77.97999999999999,3.1514061870395187,-77.97999999999999,0.0,1,1
14571.0,1,160.0,56,30,160.0,244,5.333333333333333,0.0,0.0,0.03333333333333333,30,0.0,2.3203652358165963,0.0,0.0,1,1
14572.0,9,3762.07,1915,250,418.0077777777778,440,15.04828,1.0518731988472623,0.09474673582296766,0.020114942528735632,257,317.18500000000006,2.9309695595561345,44.719000000000015,0.2222222222222222,1,0
14573.0,16,1996.66,633,178,124.79125,519,11.217191011235956,1.695364238410596,0.11155572428117816,0.0231023102310231,180,91.36899999999999,4.3225776009523145,-0.8017857142857159,0.25,1,0
14574.0,1,143.70000000000002,63,11,143.70000000000002,552,13.063636363636364,0.0,0.0,0.09090909090909091,11,0.0,2.2625508532707865,0.0,0.0,1,1
14575.0,1,420.22,163,71,420.22,307,5.918591549295775,0.0,0.0,0.027777777777777776,71,0.0,2.4423279280509647,0.0,0.0,1,1
14576.0,1,35.400000000000006,12,1,35.400000000000006,191,35.400000000000006,0.0,0.0,1.0,1,0.0,0.0,0.0,0.0,1,1
14577.0,5,972.45,407,80,194.49,548,12.155625,4.125,0.13728923748784982,0.03305785123966942,80,13.841000000000003,1.148249686086522,5.099000000000004,0.0,1,0
14579.0,1,105.56,56,24,105.56,251,4.398333333333333,0.0,0.0,0.08,24,0.0,1.6743755054746032,0.0,0.0,1,1
14580.0,1,14.850000000000001,3,1,14.850000000000001,337,14.850000000000001,0.0,0.0,1.0,1,0.0,0.0,0.0,0.0,1,1
14581.0,1,271.05,87,43,271.05,363,6.303488372093024,0.0,0.0,0.023255813953488372,43,0.0,2.90016706281691,0.0,0.0,1,1
14583.0,5,948.94,555,216,189.788,440,4.393240740740741,1.6756756756756757,0.10226682899303186,0.019230769230769232,222,2.7440000000000024,2.291412468410283,-32.112,0.0,1,0
14584.0,7,1524.71,878,123,217.81571428571428,479,12.396016260162602,2.3399014778325125,0.11820933677276141,0.029411764705882353,123,129.721,2.547158442380482,45.64485714285714,0.0,1,0
14585.0,4,986.22,539,64,246.555,236,15.4096875,0.3950617283950617,0.11341464792543468,0.04878048780487805,64,0.0,1.1616432048010543,542.9200000000001,0.0,1,1
14586.0,3,134.16,236,19,44.72,96,7.0610526315789475,1.8846153846153846,0.2404730781551772,0.07407407407407407,19,-294.0,0.4662977784995529,-294.0,0.6666666666666666,1,0
14587.0,9,1449.78,714,166,161.08666666666667,150,8.733614457831326,0.41025641025641024,0.0978788347502831,0.017045454545454544,170,-322.12,2.187818418013576,-17.23428571428572,0.1111111111111111,1,0
14588.0,1,135.39,62,16,135.39,397,8.461875,0.0,0.0,0.0625,16,0.0,2.8158727924629927,0.0,0.0,1,1
14589.0,1,39.75,5,3,39.75,191,13.25,0.0,0.0,0.3333333333333333,3,0.0,0.0,0.0,0.0,1,1
14590.0,28,2871.04,878,124,102.53714285714285,551,23.153548387096773,1.3813953488372093,0.19950081079438606,0.05092592592592592,134,-65.79899999999999,2.6194005760272034,-20.53454545454545,0.2857142857142857,1,1
14591.0,1,204.02,91,33,204.02,32,6.182424242424243,0.0,0.0,0.05405405405405406,33,0.0,3.471506994204507,0.0,0.0,1,0
14593.0,16,3324.75,1622,368,207.796875,549,9.034646739130435,1.0,0.07846858230732345,0.013207547169811321,372,23.890999999999988,2.390710986119664,65.84028571428571,0.3125,1,0
14594.0,1,255.0,146,31,255.0,192,8.225806451612904,0.0,0.0,0.03225806451612903,31,0.0,2.2752036420732162,0.0,0.0,1,1
14595.0,3,587.6500000000001,326,30,195.88333333333335,507,19.588333333333335,9.842105263157896,0.22015616270604393,0.07692307692307693,31,-19.27499999999999,0.8375023918833048,-19.27499999999999,0.0,1,1
14596.0,1,222.22000000000003,75,50,222.22000000000003,446,4.444400000000001,0.0,0.0,0.03773584905660377,50,0.0,5.345763389068143,0.0,0.0,1,1
14597.0,5,1483.49,988,44,296.698,256,33.71568181818182,4.88,0.17375586588697947,0.0392156862745098,44,32.29999999999998,1.8365008501356652,32.29999999999998,0.0,1,0
14598.0,2,1.7763568394002505e-15,0,40,8.881784197001252e-16,388,4.4408920985006264e-17,0.0,0.0,0.025,40,0.0,0.9386429404306268,0.0,0.5,1,1
14599.0,2,457.89,292,77,228.945,328,5.946623376623377,1.5128205128205128,0.10534324298302293,0.02531645569620253,77,100.10999999999999,2.0127104952805306,100.10999999999999,0.0,1,1
14600.0,2,865.1700000000001,487,53,432.58500000000004,212,16.323962264150946,1.6415094339622642,0.12675387287488388,0.037037037037037035,53,-78.50999999999999,3.1379531489586325,-78.50999999999999,0.0,1,1
14602.0,1,205.35999999999999,80,31,205.35999999999999,475,6.624516129032258,0.0,0.0,0.03225806451612903,31,0.0,2.5639289406891184,0.0,0.0,1,1
14603.0,1,660.0,400,2,660.0,94,330.0,0.0,0.0,0.5,2,0.0,1.2727922061357855,0.0,0.0,1,1
14604.0,1,136.35999999999999,86,19,136.35999999999999,452,7.176842105263157,0.0,0.0,0.09090909090909091,19,0.0,1.8873450167156007,0.0,0.0,1,1
14605.0,4,920.71,415,87,230.1775,550,10.58287356321839,3.358490566037736,0.12877769253325685,0.037383177570093455,89,68.87500000000001,3.508381975203928,68.87500000000001,0.0,1,1
14606.0,194,24318.53,12482,1184,125.35324742268041,556,20.539298986486486,0.09267448567583157,0.05566150755120036,0.006343713956170703,1285,-24.705357142857117,2.9118492051377216,-43.07336842105262,0.26288659793814434,1,0
14607.0,11,7928.13,3999,76,720.7390909090909,544,104.3175,3.6587301587301586,0.16900124956420068,0.031496062992125984,88,-729.9470000000001,4.01976059804459,-402.7564285714286,0.18181818181818182,1,0
14608.0,8,1682.29,527,9,210.28625,553,186.92111111111112,16.043478260869566,0.4052598551392992,0.2916666666666667,9,104.81699999999996,1.727587536321148,-19.623142857142856,0.125,1,1
14609.0,8,908.64,5694,6,113.58,488,151.44,36.8,0.9282153679808669,0.2727272727272727,6,9.611999999999998,0.20786359163468893,15.930000000000001,0.125,1,1
14610.0,2,24.35,15,10,12.175,333,2.435,13.11111111111111,0.325068870523416,0.1,10,-2.549999999999999,1.518917743365687,-2.549999999999999,0.0,1,1
14611.0,3,599.38,581,37,199.79333333333332,418,16.199459459459458,4.157894736842105,0.16008535192110873,0.05128205128205128,37,16.58000000000004,3.080376727403005,16.58000000000004,0.3333333333333333,1,1
14612.0,1,877.7,134,14,877.7,234,62.69285714285714,0.0,0.0,0.07142857142857142,14,0.0,4.263652924868095,0.0,0.0,1,1
14613.0,1,76.32000000000001,72,1,76.32000000000001,499,76.32000000000001,0.0,0.0,1.0,1,0.0,0.0,0.0,0.0,1,1
14614.0,1,295.13,189,19,295.13,205,15.533157894736842,0.0,0.0,0.05263157894736842,19,0.0,1.836461605389608,0.0,0.0,1,1
14615.0,6,934.26,481,40,155.71,367,23.3565,3.02,0.24002565965398132,0.0784313725490196,40,-75.94999999999999,3.444559984990257,-36.604,0.16666666666666666,1,1
14616.0,5,527.78,170,3,105.556,368,175.92666666666665,75.75,1.2411958316679794,0.6,3,51.61800000000001,2.3683074124783716,16.268,0.0,1,0
14617.0,2,190.47000000000003,81,7,95.23500000000001,235,27.210000000000004,1.625,0.2903759193184054,0.2222222222222222,7,0.0,1.3083959645306158,27.529999999999987,0.0,1,1
14618.0,7,968.88,528,35,138.41142857142856,366,27.682285714285715,5.024390243902439,0.2270161123148241,0.047619047619047616,35,-16.965000000000003,4.254539919934186,-51.474000000000004,0.2857142857142857,1,1
14619.0,3,1276.31,587,58,425.43666666666667,360,22.005344827586207,4.934426229508197,0.12728784213010877,0.03225806451612903,58,-517.2900000000001,3.523471922580349,-517.2900000000001,0.3333333333333333,1,0
14620.0,3,393.28000000000003,188,26,131.09333333333333,103,15.126153846153848,2.7241379310344827,0.17599161652501294,0.06666666666666667,26,-77.41999999999999,2.6287596174691936,-77.41999999999999,0.3333333333333333,1,0
14621.0,12,1748.82,966,93,145.73499999999999,557,18.804516129032258,4.706896551724138,0.18000800774921621,0.042735042735042736,96,31.024571428571434,2.1869087226661312,31.024571428571434,0.5,1,0
14622.0,1,320.58000000000004,146,21,320.58000000000004,4,15.265714285714287,0.0,0.0,0.047619047619047616,21,0.0,2.1066369045516713,0.0,0.0,1,0
14623.0,8,1514.61,787,156,189.32625,421,9.70903846153846,1.8558558558558558,0.1333453693458833,0.017937219730941704,158,-97.165,2.696213666829001,-35.49171428571428,0.125,1,0
14624.0,4,588.22,483,30,147.055,424,19.607333333333333,5.081081081081081,0.2300557640003441,0.07894736842105263,30,-387.1,2.6333318223282247,-74.985,0.0,1,1
14625.0,18,4429.18,2144,167,246.06555555555556,547,26.522035928143715,1.9525547445255473,0.13427243844382422,0.02909090909090909,180,72.57885714285715,3.2325993070633627,-10.13406060606061,0.3888888888888889,1,0
14626.0,10,3187.1,2149,112,318.71,548,28.45625,3.5390070921985815,0.18756687180662757,0.035211267605633804,112,16.818285714285704,2.597633733590001,9.063571428571422,0.2,1,0
14627.0,3,406.40000000000003,269,32,135.46666666666667,547,12.700000000000001,10.947368421052632,0.18758370861727142,0.05128205128205128,33,6.325000000000003,1.7445119266855638,6.325000000000003,0.6666666666666666,1,1
14628.0,4,1657.6200000000001,981,60,414.40500000000003,502,27.627000000000002,6.013698630136986,0.1770544147498471,0.04054054054054054,64,-181.075,3.3691818445091184,17.506000000000007,0.0,1,0
14630.0,1,338.65,111,21,338.65,303,16.126190476190477,0.0,0.0,0.047619047619047616,21,0.0,3.7435579587440864,0.0,0.0,1,1
14631.0,6,1646.27,1125,55,274.37833333333333,306,29.932181818181817,3.3066666666666666,0.208125562174795,0.05263157894736842,57,-37.581,4.792553381265638,-0.3900000000000091,0.16666666666666666,1,0
14632.0,1,114.56,96,8,114.56,82,14.32,0.0,0.0,0.125,8,0.0,2.596811231381398,0.0,0.0,1,0
14633.0,1,344.90000000000003,96,20,344.90000000000003,85,17.245,0.0,0.0,0.05,20,0.0,3.0092172001859114,0.0,0.0,1,0
14634.0,7,1971.82,1850,105,281.68857142857144,404,18.779238095238096,1.2307692307692308,0.16172378682855704,0.025423728813559324,105,-1243.42,2.687221794621685,-73.85799999999999,0.42857142857142855,1,1
14635.0,1,215.22,118,15,215.22,273,14.348,0.0,0.0,0.06666666666666667,15,0.0,3.5831404156263877,0.0,0.0,1,1
14636.0,1,300.19,117,16,300.19,88,18.761875,0.0,0.0,0.0625,16,0.0,1.9140215080644556,0.0,0.0,1,0
14637.0,1,106.67999999999999,100,7,106.67999999999999,496,15.239999999999998,0.0,0.0,0.14285714285714285,7,0.0,1.1284776935154301,0.0,0.0,1,1
14639.0,7,3197.45,1487,133,456.7785714285714,481,24.04097744360902,1.9635416666666667,0.12980620834637677,0.025906735751295335,135,7.51099999999999,4.580053495376391,-113.03514285714286,0.2857142857142857,1,1
14640.0,10,1800.98,897,105,180.098,505,17.152190476190476,3.3851851851851853,0.16216182290810935,0.03676470588235294,106,-37.885000000000005,2.476647142315216,32.99892857142857,0.5,1,0
14643.0,5,1318.82,888,42,263.764,548,31.40047619047619,7.770833333333333,0.19042343199963757,0.061224489795918366,41,-4.001999999999998,5.5702350675247985,-4.001999999999998,0.2,1,1
14644.0,9,1484.51,569,37,164.94555555555556,555,40.12189189189189,8.72,0.22029610118556206,0.0784313725490196,39,-19.21899999999999,5.914690550969296,-19.21899999999999,0.3333333333333333,1,1
14645.0,3,483.25,271,26,161.08333333333334,454,18.58653846153846,11.15625,0.17802815814631856,0.09090909090909091,26,-3.049999999999983,3.047286734029789,-3.049999999999983,0.3333333333333333,1,1
14646.0,106,360002.64,249995,728,3396.251320754717,556,494.50912087912087,0.19530949634755862,0.0716200375889438,0.009992313604919293,805,2847.3664285714276,6.854712561290613,-110.49977192982456,0.05660377358490566,0,0
14647.0,2,506.04,175,42,253.02,342,12.04857142857143,6.851063829787234,0.14282414367906926,0.041666666666666664,42,-33.95999999999998,3.7945003537221034,-33.95999999999998,0.0,1,0
14648.0,19,4374.74,3218,285,230.24947368421053,548,15.3499649122807,0.7254004576659039,0.11484437661659276,0.0182648401826484,285,43.948999999999984,1.8293543630070443,-21.673212121212124,0.21052631578947367,1,1
14649.0,9,2809.57,1757,301,312.1744444444445,507,9.334119601328904,1.2122762148337596,0.09449136727394421,0.015306122448979591,301,-30.313000000000006,3.2976513356501487,33.41514285714286,0.2222222222222222,1,0
14650.0,1,62.5,22,4,62.5,408,15.625,0.0,0.0,0.25,4,0.0,5.716642371182581,0.0,0.0,1,1
14651.0,8,1787.24,722,185,223.405,451,9.660756756756756,1.7416666666666667,0.11485304663737357,0.016597510373443983,187,0.554000000000002,5.2530613550181435,5.343214285714284,0.0,1,0
14653.0,5,1832.91,1328,149,366.582,557,12.301409395973154,2.2742857142857145,0.12074613622086716,0.017045454545454544,150,-17.5,3.2587945898094626,-17.5,0.0,1,1
14654.0,1,246.86,273,27,246.86,557,9.142962962962963,0.0,0.0,0.037037037037037035,27,0.0,1.113087643702913,0.0,0.0,1,1
14655.0,7,2717.14,1760,55,388.16285714285715,415,49.402545454545454,5.152777777777778,0.20031298890412697,0.0547945205479452,58,-51.89,2.948819875912801,14.683,0.42857142857142855,1,0
14656.0,4,632.0600000000001,229,112,158.01500000000001,423,5.6433928571428575,2.0580645161290323,0.12940444026521733,0.02564102564102564,110,-2.045999999999995,2.8705484355652997,-2.045999999999995,0.0,1,1
14657.0,5,1116.42,683,120,223.28400000000002,254,9.303500000000001,0.9433962264150944,0.09661672623068403,0.025,121,146.10000000000002,2.82465620925303,-33.528000000000006,0.2,1,1
14659.0,6,1328.26,640,96,221.37666666666667,135,13.836041666666667,0.9545454545454546,0.14222045526387908,0.03007518796992481,98,-570.52,2.554637001535629,-71.91399999999999,0.16666666666666666,1,0
14662.0,6,1147.34,651,139,191.22333333333333,555,8.254244604316547,2.9940119760479043,0.1422266703376802,0.023809523809523808,141,33.86300000000001,2.614023655472831,10.302285714285716,0.0,1,0
14663.0,2,490.6,397,60,245.3,249,8.176666666666668,0.0,0.0,0.04411764705882353,60,0.0,2.5319052564012834,0.0,0.0,1,1
14665.0,6,1627.81,670,78,271.3016666666667,412,20.869358974358974,3.5,0.15296090209051655,0.03529411764705882,80,217.13,3.7735047978482488,217.13,0.16666666666666666,1,1
14667.0,47,14876.5,8857,473,316.52127659574467,557,31.45137420718816,0.5107033639143731,0.1226356217130413,0.014256619144602852,495,24.605357142857134,3.4182663269941935,-10.045118679050569,0.14893617021276595,1,0
14668.0,1,111.63,49,10,111.63,264,11.163,0.0,0.0,0.16666666666666666,10,0.0,2.8523562827312374,0.0,0.0,1,1
14669.0,7,3216.78,2043,334,459.54,556,9.631077844311378,1.2772020725388602,0.0731116394901533,0.0103359173126615,341,-147.78799999999998,2.346595689934946,-58.007999999999996,0.0,1,0
14670.0,3,583.33,423,159,194.44333333333336,551,3.66874213836478,2.533707865168539,0.07279958226846728,0.01675977653631285,159,202.39000000000001,1.4736197185878672,202.39000000000001,0.0,1,1
14671.0,2,1127.45,571,48,563.725,387,23.488541666666666,0.3333333333333333,0.09663264951887852,0.03636363636363636,48,0.0,2.668836654969556,-760.45,0.0,1,1
14672.0,4,1113.14,646,93,278.285,500,11.969247311827958,4.228571428571429,0.15998530420756654,0.03773584905660377,94,106.678,2.7968161159331193,106.678,0.0,1,0
14673.0,3,1674.41,1031,65,558.1366666666667,229,25.760153846153848,0.4772727272727273,0.10913466531714207,0.033707865168539325,66,0.0,1.8509746280120734,-90.08499999999998,0.0,1,1
14674.0,1,173.66,103,14,173.66,328,12.404285714285715,0.0,0.0,0.07142857142857142,14,0.0,3.4930392320904553,0.0,0.0,1,1
14675.0,1,419.22,324,114,419.22,208,3.677368421052632,0.0,0.0,0.024193548387096774,114,0.0,2.1140448810857086,0.0,0.0,1,1
14676.0,13,6885.77,7324,66,529.6746153846154,459,104.3298484848485,3.736842105263158,0.22877594580918859,0.05217391304347826,67,-64.26142857142855,1.828116356434155,-100.89678571428571,0.3076923076923077,1,0
14677.0,1,184.91,139,14,184.91,412,13.207857142857142,0.0,0.0,0.07142857142857142,14,0.0,2.4383727234492967,0.0,0.0,1,1
14678.0,2,386.44,178,24,193.22,398,16.101666666666667,0.2916666666666667,0.12008332465458577,0.08,24,0.0,4.586834892748303,0.0,0.5,1,1
14679.0,5,1272.95,789,49,254.59,550,25.978571428571428,5.409090909090909,0.17368998468587496,0.05970149253731343,49,-34.375,3.0765111196581705,-141.555,0.4,1,1
14680.0,77,40523.63,19636,215,526.2809090909091,555,188.482,0.38996138996138996,0.10527774767105522,0.030864197530864196,247,127.74821428571431,2.2110181897675805,-15.047275541795669,0.33766233766233766,1,0
14681.0,4,770.1500000000001,144,18,192.53750000000002,473,42.78611111111112,25.941176470588236,0.35045317939967524,0.05555555555555555,18,112.975,3.50964590508572,106.51499999999999,0.0,1,0
14682.0,6,1514.81,949,79,252.46833333333333,491,19.174810126582276,5.682352941176471,0.18970998851153356,0.03488372093023256,79,-53.197,3.3284319112290843,-35.53171428571429,0.0,1,0
14683.0,1,146.56,386,21,146.56,407,6.979047619047619,0.0,0.0,0.047619047619047616,21,0.0,1.8882793881253503,0.0,0.0,1,1
14684.0,3,721.96,454,195,240.65333333333334,209,3.7023589743589747,0.6692307692307692,0.06521004635038753,0.011494252873563218,195,-71.80000000000001,1.9419033644049584,48.27999999999998,0.0,1,0
14685.0,13,4241.16,1909,110,326.2430769230769,546,38.556,0.7538461538461538,0.11797211238082807,0.030612244897959183,116,-207.35500000000002,2.917606552158341,-135.537,0.38461538461538464,1,1
14686.0,6,844.58,456,185,140.76333333333335,478,4.565297297297297,1.1141552511415524,0.06370973002746565,0.013636363636363636,186,254.64,1.895163206230069,254.64,0.16666666666666666,1,1
14687.0,2,773.6800000000001,380,23,386.84000000000003,371,33.63826086956522,6.291666666666667,0.19770973505875536,0.08,23,150.36000000000007,2.5773509009575446,150.36000000000007,0.0,1,1
14688.0,19,4378.66,3514,152,230.4557894736842,276,28.806973684210526,0.7283236994219653,0.14211124182884144,0.025936599423631124,165,63.364,2.0502753083669716,-17.80483333333333,0.10526315789473684,1,0
14689.0,1,112.8,76,13,112.8,28,8.676923076923076,0.0,0.0,0.07692307692307693,13,0.0,1.897535513670568,0.0,0.0,1,0
14690.0,2,422.63,174,43,211.315,230,9.82860465116279,0.3333333333333333,0.09663264951887851,0.03636363636363636,43,0.0,3.4768611274630024,-61.610000000000014,0.0,1,1
14691.0,1,439.6,162,17,439.6,32,25.858823529411765,0.0,0.0,0.058823529411764705,17,0.0,3.4213430455442664,0.0,0.0,1,0
14692.0,12,1594.3899999999999,844,95,132.8658333333333,436,16.783052631578947,2.606896551724138,0.2208967575403655,0.04794520547945205,95,-27.221,2.007338002765179,-1.4091666666666673,0.08333333333333333,1,0
14693.0,8,1139.86,386,43,142.4825,345,26.508372093023254,3.44,0.1697446228221626,0.09210526315789473,43,-338.78000000000003,3.9324622057942284,-25.045999999999996,0.125,1,0
14694.0,1,244.31,193,15,244.31,436,16.287333333333333,0.0,0.0,0.06666666666666667,15,0.0,2.9867394230083715,0.0,0.0,1,1
14695.0,4,1466.72,607,85,366.68,552,17.255529411764705,2.3555555555555556,0.10089431426302195,0.02197802197802198,85,-221.64,2.9070774359413303,-221.64,0.25,1,1
14696.0,7,1557.74,984,88,222.53428571428572,241,17.70159090909091,2.5376344086021505,0.19614041676017455,0.031914893617021274,88,-55.64500000000004,2.459712698495453,-21.355999999999995,0.2857142857142857,1,0
14697.0,2,188.60999999999999,181,22,94.30499999999999,37,8.573181818181817,0.0,0.0,0.045454545454545456,22,0.0,2.8033112764290222,0.0,0.0,1,0
14699.0,4,702.6,484,45,175.65,345,15.613333333333333,6.326530612244898,0.18862301627357905,0.04,45,-484.34000000000003,2.318503431799337,-39.914,0.0,1,0
14700.0,4,2422.06,1140,88,605.515,305,27.52340909090909,2.269230769230769,0.12514845439515673,0.030534351145038167,92,599.865,2.256844787960963,161.64999999999998,0.0,1,0
14701.0,13,3638.22,1371,363,279.8630769230769,504,10.022644628099172,0.8870636550308009,0.08103213356604347,0.010245901639344262,364,-68.048,3.49549867553624,-28.9775,0.15384615384615385,1,0
14702.0,20,4273.89,1816,239,213.6945,548,17.882384937238495,0.9667405764966741,0.13522085502132997,0.017699115044247787,250,27.502,3.631288762876196,-24.916208791208792,0.1,1,1
14704.0,2,258.96,121,53,129.48,443,4.886037735849056,3.262295081967213,0.1232015296465001,0.03225806451612903,53,34.67999999999999,2.063948105482756,34.67999999999999,0.0,1,1
14705.0,1,179.0,100,1,179.0,18,179.0,0.0,0.0,1.0,1,0.0,0.0,0.0,0.0,1,0
14706.0,1,367.54,246,25,367.54,438,14.701600000000001,0.0,0.0,0.04,25,0.0,3.296646376749155,0.0,0.0,1,1
14707.0,2,139.2,96,1,69.6,396,139.2,141.0,141.0,1.0,1,0.0,0.0,0.0,0.0,1,1
14708.0,4,1056.21,882,14,264.0525,275,75.44357142857143,3.76,0.2787057666209972,0.11538461538461539,14,445.39,15.438553823264868,41.97500000000002,0.25,1,1
14709.0,19,5888.4800000000005,2574,85,309.92,553,69.27623529411765,2.1781376518218623,0.22018412088870898,0.06048387096774194,97,54.525000000000006,3.7305123435750946,4.740941176470588,0.10526315789473684,1,0
14710.0,9,1300.31,760,203,144.4788888888889,555,6.405467980295566,1.1966101694915254,0.11784908351149387,0.016891891891891893,204,16.851,1.7055202520200068,4.204999999999998,0.0,1,1
14711.0,7,1565.7,662,138,223.67142857142858,81,11.345652173913043,0.36318407960199006,0.10974957432123635,0.024752475247524754,139,1164.66,13.6727595099027,-32.50199999999999,0.14285714285714285,1,0
14712.0,1,411.0,96,7,411.0,237,58.714285714285715,0.0,0.0,0.14285714285714285,7,0.0,0.6447590912226718,0.0,0.0,1,1
14713.0,21,3856.4,2561,185,183.63809523809525,555,20.845405405405405,1.0131086142322097,0.1349522641364126,0.026168224299065422,202,64.85749999999999,1.9344323216423462,11.944527472527476,0.19047619047619047,1,0
14714.0,6,736.21,408,59,122.70166666666667,507,12.47813559322034,3.2758620689655173,0.14577992350462537,0.056818181818181816,60,66.46,2.581909402961163,-47.956999999999994,0.5,1,1
14715.0,6,1189.62,635,68,198.26999999999998,509,17.49441176470588,4.523255813953488,0.21106627417021914,0.04597701149425287,68,-16.95800000000001,3.5474038569869135,-43.100571428571435,0.0,1,1
14716.0,1,235.77,148,44,235.77,264,5.358409090909091,0.0,0.0,0.044444444444444446,44,0.0,1.7022004475491022,0.0,0.0,1,1
14717.0,2,72.8,30,12,36.4,553,6.066666666666666,0.0,0.0,0.08333333333333333,12,0.0,2.598761359967591,0.0,0.5,1,1
14718.0,1,226.42,202,11,226.42,229,20.583636363636362,0.0,0.0,0.09090909090909091,11,0.0,1.2646846534718734,0.0,0.0,1,1
14719.0,1,223.46,188,40,223.46,68,5.5865,0.0,0.0,0.025,40,0.0,1.4035562890066993,0.0,0.0,1,0
14721.0,1,109.07,57,24,109.07,198,4.544583333333333,0.0,0.0,0.08,24,0.0,1.7619759741078573,0.0,0.0,1,1
14722.0,2,309.1,96,53,154.55,305,5.832075471698114,0.15517241379310345,0.07112265485380553,0.03389830508474576,53,0.0,2.057257541356205,0.0,0.0,1,1
14723.0,8,1134.65,692,179,141.83125,555,6.3388268156424585,1.5690376569037656,0.11839382547671808,0.016666666666666666,183,282.065,2.111366805898872,42.23971428571429,0.0,1,1
14724.0,1,341.9,184,40,341.9,409,8.5475,0.0,0.0,0.04878048780487805,40,0.0,3.3483352616472324,0.0,0.0,1,1
14725.0,4,540.88,695,40,135.22,354,13.522,2.641509433962264,0.13057078085610604,0.05555555555555555,41,19.019999999999982,1.070405136308249,19.019999999999982,0.25,1,1
14726.0,1,116.5,82,15,116.5,474,7.766666666666667,0.0,0.0,0.06666666666666667,15,0.0,2.5038446627612694,0.0,0.0,1,1
14727.0,4,291.13,76,42,72.7825,365,6.931666666666667,4.0,0.11769952163731844,0.043478260869565216,42,246.02999999999997,3.367536900181429,246.02999999999997,0.25,1,1
14728.0,1,190.58,68,14,190.58,232,13.612857142857143,0.0,0.0,0.07142857142857142,14,0.0,2.4416716485966004,0.0,0.0,1,1
14729.0,3,586.24,372,126,195.41333333333333,444,4.652698412698412,1.916030534351145,0.08356009109861945,0.015151515151515152,126,40.74000000000001,1.8930912902859351,40.74000000000001,0.0,1,1
14730.0,3,529.3,312,80,176.4333333333333,96,6.616249999999999,0.44329896907216493,0.10868578181874032,0.030612244897959183,80,-205.26000000000002,2.747022740433938,-205.26000000000002,0.0,1,0
14731.0,2,251.01999999999998,182,23,125.50999999999999,31,10.91391304347826,0.20689655172413793,0.0978617391962667,0.06666666666666667,23,0.0,1.5598277609012354,0.0,0.0,1,0
14732.0,18,4044.38,1597,128,224.6877777777778,550,31.59671875,2.5,0.1953690460193336,0.04186046511627907,129,13.47107142857142,3.0665166641005333,-6.583181818181821,0.16666666666666666,1,0
14733.0,12,12559.6,5267,133,1046.6333333333334,221,94.43308270676692,0.6783216783216783,0.11545050566339565,0.0313588850174216,132,-4379.599999999999,2.900368472266964,-992.0582857142857,0.08333333333333333,1,0
14734.0,5,1045.47,377,48,209.094,370,21.780625,2.126984126984127,0.2025128814611876,0.0625,50,10.864999999999995,3.7013502469765878,21.476999999999997,0.2,1,1
14735.0,44,8404.380000000001,2998,158,191.00863636363638,555,53.192278481012664,1.9124087591240877,0.25334125564957155,0.04363636363636364,168,29.469999999999985,2.7988942678780218,-3.7057172342621243,0.06818181818181818,1,0
14736.0,2,374.05,148,70,187.025,304,5.343571428571429,0.0,0.0,0.03409090909090909,70,0.0,3.4422321119043824,0.0,0.0,1,1
14737.0,2,2823.62,876,28,1411.81,220,100.84357142857142,1.3428571428571427,0.15013300355982456,0.05555555555555555,28,0.0,3.508112593440235,-1955.62,0.0,1,1
14738.0,7,999.39,370,42,142.77,552,23.794999999999998,10.392156862745098,0.2602143298420783,0.057692307692307696,43,7.14300000000001,3.7085523025832425,-17.915142857142857,0.14285714285714285,1,0
14739.0,23,8964.210000000001,6945,116,389.7482608695653,556,77.27767241379311,2.4210526315789473,0.20835304932214868,0.0380952380952381,120,-182.9603571428571,2.545094925447725,-36.21115384615385,0.08695652173913043,1,0
14740.0,13,4068.86,2059,173,312.9892307692308,472,23.51942196531792,1.919831223628692,0.1518155935611844,0.025210084033613446,176,15.563428571428567,3.8060575709305304,-7.328121212121212,0.15384615384615385,1,0
14741.0,3,808.05,575,26,269.34999999999997,237,31.07884615384615,1.5714285714285714,0.18244816031849598,0.08333333333333333,26,0.0,1.287411578101025,182.55,0.0,1,1
14742.0,1,579.85,374,34,579.85,254,17.054411764705883,0.0,0.0,0.029411764705882353,34,0.0,1.9711465939474566,0.0,0.0,1,1
14743.0,1,50.48,40,3,50.48,412,16.826666666666664,0.0,0.0,0.3333333333333333,3,0.0,0.5892367945062493,0.0,0.0,1,1
14744.0,14,3476.68,2289,53,248.3342857142857,389,65.5977358490566,2.5727272727272728,0.17389949805870433,0.036036036036036036,58,-223.05999999999997,3.8090559254764216,-163.05785714285716,0.14285714285714285,1,1
14745.0,14,1832.47,1378,58,130.8907142857143,457,31.594310344827587,4.177570093457944,0.1712511313053747,0.06481481481481481,59,-32.496,2.1892876229381457,-54.470000000000006,0.35714285714285715,1,0
14746.0,4,593.5,398,7,148.375,243,84.78571428571429,2.125,0.42983116068487354,0.3333333333333333,7,0.0,0.33082388735465346,0.0,0.0,1,1
14747.0,2,294.3,82,18,147.15,68,16.35,0.05555555555555555,0.04495869056496965,0.10526315789473684,18,0.0,4.767040839197111,0.0,0.5,1,0
14748.0,14,1564.27,1377,96,111.73357142857142,558,16.294479166666665,3.527027027027027,0.2016676337734212,0.026845637583892617,96,29.73178571428571,1.5535942219088712,30.056309523809517,0.42857142857142855,1,0
14749.0,1,310.15,403,18,310.15,299,17.230555555555554,0.0,0.0,0.05555555555555555,18,0.0,1.3991940957733702,0.0,0.0,1,1
14750.0,1,112.03,65,32,112.03,555,3.5009375,0.0,0.0,0.03125,32,0.0,2.4125397372625734,0.0,0.0,1,1
14751.0,2,126.45,65,7,63.225,545,18.064285714285713,6.833333333333333,0.3852330604595545,0.14285714285714285,7,-3.750000000000014,1.7276463482906173,-3.750000000000014,0.0,1,1
14753.0,1,306.36,201,18,306.36,280,17.02,0.0,0.0,0.05555555555555555,18,0.0,0.9256285622722097,0.0,0.0,1,1
14754.0,6,1133.95,695,90,188.99166666666667,510,12.599444444444446,3.5636363636363635,0.17463581247872526,0.036036036036036036,91,-12.849000000000009,2.7063423582150428,2.7689999999999944,0.16666666666666666,1,1
14755.0,23,6703.68,2906,185,291.46434782608696,555,36.23610810810811,1.5057803468208093,0.17603316520614343,0.03170028818443804,195,66.28464285714286,4.467114274137007,14.50364835164835,0.21739130434782608,1,0
14756.0,3,1824.5,1002,67,608.1666666666666,244,27.23134328358209,0.5975609756097561,0.10666235656964733,0.03614457831325301,67,0.0,4.116440558061977,-946.9000000000001,0.3333333333333333,1,1
14758.0,6,2587.85,740,84,431.30833333333334,430,30.807738095238093,3.330578512396694,0.1696300024300785,0.040983606557377046,85,25.707999999999995,4.650044518334224,-46.42142857142857,0.0,1,0
14759.0,1,572.25,119,35,572.25,52,16.35,0.0,0.0,0.02857142857142857,35,0.0,4.242351991545264,0.0,0.0,1,0
14760.0,2,53.8,28,5,26.9,116,10.76,0.3333333333333333,0.18350341907227397,0.2857142857142857,5,0.0,1.5851994016076156,0.0,0.5,1,1
14761.0,2,289.52,146,20,144.76,263,14.475999999999999,5.7368421052631575,0.2205941944120843,0.05,20,-94.52000000000001,2.241679586475519,-94.52000000000001,0.0,1,1
14762.0,2,417.57,428,28,208.785,445,14.913214285714286,12.482758620689655,0.1829733991991267,0.06666666666666667,28,183.46999999999997,2.1021478069581243,183.46999999999997,0.0,1,0
14766.0,11,4994.72,3347,203,454.06545454545454,371,24.604532019704436,1.224264705882353,0.1260934683633221,0.02564102564102564,209,-263.362,2.664309131974334,-108.61428571428574,0.2727272727272727,1,0
14767.0,1,382.81,117,18,382.81,293,21.267222222222223,0.0,0.0,0.05555555555555555,18,0.0,3.6251255105610154,0.0,0.0,1,1
14769.0,16,10679.17,7557,616,667.448125,543,17.336314935064934,0.5506937033084311,0.08560256664138184,0.009594882729211088,629,333.2139285714286,2.8370713356015718,127.52654545454547,0.1875,1,0
14770.0,9,3624.89,1597,152,402.7655555555555,471,23.847960526315788,2.1065989847715736,0.14723106296921085,0.04040404040404041,153,-172.92800000000003,3.3195552131740143,-37.533214285714294,0.1111111111111111,1,0
14771.0,3,579.92,608,46,193.30666666666664,556,12.60695652173913,2.6530612244897958,0.1514009983767303,0.04,46,-151.035,0.6476516133268704,-151.035,0.3333333333333333,1,1
14773.0,2,125.7,50,10,62.85,412,12.57,0.4,0.17660737604490115,0.18181818181818182,10,0.0,3.329974064873069,0.0,0.5,1,1
14774.0,1,241.45,99,13,241.45,348,18.573076923076922,0.0,0.0,0.07692307692307693,13,0.0,4.8150139121667115,0.0,0.0,1,1
14775.0,1,406.56,384,20,406.56,191,20.328,0.0,0.0,0.05,20,0.0,0.45673296355748183,0.0,0.0,1,1
14776.0,9,2218.04,2820,62,246.4488888888889,265,35.77483870967742,1.829268292682927,0.1630788872530529,0.04838709677419355,62,38.82400000000001,0.8216127245754957,-24.72228571428571,0.2222222222222222,1,0
14777.0,3,242.21,201,16,80.73666666666666,223,15.138125,2.3684210526315788,0.22297746811353694,0.1,16,0.0,6.286284548209111,-271.21,0.6666666666666666,1,1
14778.0,1,334.05,141,18,334.05,128,18.558333333333334,0.0,0.0,0.05555555555555555,18,0.0,1.044065864498866,0.0,0.0,1,1
14779.0,3,386.15,84,40,128.71666666666667,143,9.653749999999999,1.075,0.1407323953174954,0.04878048780487805,39,0.0,8.606241354035015,-310.15,0.0,1,1
14782.0,1,200.10000000000002,114,6,200.10000000000002,139,33.35,0.0,0.0,0.16666666666666666,6,0.0,0.8773064838850029,0.0,0.0,1,1
14783.0,2,305.35,261,17,152.675,478,17.961764705882356,0.17647058823529413,0.10214742183412542,0.1111111111111111,17,0.0,2.5568657411566713,0.0,0.5,1,1
14784.0,2,274.62,182,14,137.31,209,19.615714285714287,4.333333333333333,0.24367940835671156,0.125,14,-45.25999999999999,1.734250918984909,-45.25999999999999,0.0,1,1
14786.0,1,90.96,112,7,90.96,369,12.994285714285713,0.0,0.0,0.14285714285714285,7,0.0,0.5499047536576112,0.0,0.0,1,1
14787.0,1,110.65,59,14,110.65,290,7.903571428571429,0.0,0.0,0.13333333333333333,14,0.0,0.8479909029161643,0.0,0.0,1,1
14788.0,1,476.88,298,28,476.88,415,17.03142857142857,0.0,0.0,0.03571428571428571,28,0.0,3.0878604046016846,0.0,0.0,1,1
14790.0,7,1933.72,2079,54,276.2457142857143,547,35.80962962962963,4.37037037037037,0.20256042536584493,0.045871559633027525,60,-96.876,3.9233172351673002,-50.519428571428584,0.0,1,0
14791.0,1,303.63,127,19,303.63,426,15.980526315789474,0.0,0.0,0.05263157894736842,19,0.0,2.25203079243124,0.0,0.0,1,1
14793.0,1,396.91,270,25,396.91,354,15.8764,0.0,0.0,0.04,25,0.0,1.722923581203376,0.0,0.0,1,1
14794.0,9,1262.68,418,57,140.29777777777778,306,22.152280701754385,4.292307692307692,0.27721767090493876,0.06060606060606061,57,-55.126,18.47510840012232,3.961142857142851,0.2222222222222222,1,0
14796.0,26,5536.13,3490,313,212.92807692307693,544,17.68731629392971,0.5662100456621004,0.07900926658169005,0.020524515393386546,314,214.88249999999996,2.088364642896512,32.61835164835164,0.2692307692307692,1,0
14797.0,1,300.31,99,16,300.31,326,18.769375,0.0,0.0,0.0625,16,0.0,2.926623694635168,0.0,0.0,1,1
14798.0,7,617.05,525,26,88.14999999999999,468,23.732692307692307,7.613636363636363,0.26990809970291174,0.1111111111111111,26,-62.987,1.3333415908835209,-33.17000000000001,0.14285714285714285,1,1
14799.0,1,180.45,349,10,180.45,557,18.044999999999998,0.0,0.0,0.1,10,0.0,2.5796263726017035,0.0,0.0,1,1
14800.0,17,5949.2,5412,285,349.9529411764706,254,20.874385964912282,0.4704724409448819,0.09007360241345301,0.0137524557956778,286,-89.68399999999997,7.004087167699714,-69.71523809523809,0.29411764705882354,1,0
14803.0,2,730.79,264,15,365.395,111,48.71933333333333,0.8888888888888888,0.1863015910136641,0.10526315789473684,15,0.0,3.110357625965784,-353.51,0.0,1,1
14805.0,4,645.4,331,82,161.35,441,7.870731707317073,3.101010101010101,0.16579218672864265,0.04,84,-24.316,2.765514977523913,-24.316,0.0,1,1
14806.0,1,110.03999999999999,93,9,110.03999999999999,258,12.226666666666667,0.0,0.0,0.1111111111111111,9,0.0,1.1404713937666302,0.0,0.0,1,1
14807.0,2,504.14,234,37,252.07,469,13.625405405405406,7.0,0.1606265805654596,0.05263157894736842,37,-195.14,2.93049682891756,-195.14,0.0,1,1
14809.0,2,686.76,232,18,343.38,440,38.153333333333336,0.0,0.0,0.05555555555555555,18,0.0,3.0498779574854393,0.0,0.0,1,1
14810.0,10,1544.85,757,100,154.48499999999999,248,15.4485,1.0511627906976744,0.15716353948099987,0.027777777777777776,102,-39.315,1.509767369751572,-3.8985714285714264,0.0,1,0
14811.0,1,170.5,74,28,170.5,206,6.089285714285714,0.0,0.0,0.03571428571428571,28,0.0,2.339251988932545,0.0,0.0,1,1
14812.0,1,178.85,135,36,178.85,418,4.968055555555555,0.0,0.0,0.027777777777777776,36,0.0,2.180548842371629,0.0,0.0,1,1
14813.0,4,888.91,392,110,222.2275,430,8.081,1.7518248175182483,0.08682569217643359,0.036231884057971016,111,17.589999999999975,3.171494720688582,-141.39000000000001,0.0,1,1
14814.0,1,152.96,92,27,152.96,400,5.6651851851851855,0.0,0.0,0.06896551724137931,27,0.0,2.4175229557088613,0.0,0.0,1,1
14816.0,1,271.85,5,4,271.85,16,67.9625,0.0,0.0,0.25,4,0.0,67.59857616843716,0.0,0.0,1,0
14817.0,9,3539.21,2438,144,393.24555555555554,550,24.57784722222222,2.327433628318584,0.15701191841188109,0.02643171806167401,152,86.30571428571426,2.8495600043913716,53.555595238095236,0.2222222222222222,1,0
14818.0,4,614.01,250,62,153.5025,467,9.903387096774193,5.764705882352941,0.18800608098477242,0.043478260869565216,62,6.350000000000001,3.084031977713054,-10.699000000000002,0.0,1,0
14819.0,3,269.06,109,43,89.68666666666667,537,6.257209302325581,12.209302325581396,0.21210837978072797,0.045454545454545456,43,27.465,3.4612919886140747,27.465,0.0,1,0
14820.0,5,767.47,471,31,153.494,497,24.75709677419355,8.705882352941176,0.26454038593407947,0.08571428571428572,31,193.575,13.433652731639512,50.57299999999999,0.0,1,1
14821.0,7,1230.15,459,65,175.7357142857143,495,18.925384615384615,4.514705882352941,0.15069977882133737,0.028985507246376812,65,642.85,2.3597168469146803,56.155000000000015,0.0,1,1
14822.0,1,157.70000000000002,94,9,157.70000000000002,304,17.522222222222226,0.0,0.0,0.1111111111111111,9,0.0,2.330519136253647,0.0,0.0,1,1
14823.0,2,210.65,48,38,105.325,14,5.5434210526315795,0.0,0.0,0.043478260869565216,38,0.0,3.0967851882905055,0.0,0.0,1,0
14824.0,8,2824.8,1409,76,353.1,456,37.16842105263158,1.9318181818181819,0.13672201507478848,0.03007518796992481,79,256.47499999999997,1.8483595776458737,-21.459999999999994,0.25,1,1
14825.0,20,3495.2400000000002,2188,171,174.762,431,20.44,1.6088709677419355,0.18089815710257684,0.020080321285140562,173,-185.479,2.61506467348984,-9.555,0.15,1,0
14826.0,2,385.2,152,10,192.6,514,38.519999999999996,12.555555555555555,0.32471264367816094,0.1,10,29.400000000000006,2.4452277785288,29.400000000000006,0.0,1,1
14828.0,14,9803.460000000001,9670,72,700.2471428571429,552,136.1591666666667,5.247524752475248,0.3135909380517194,0.06862745098039216,74,-73.5035714285714,1.9754375057585207,-58.192181818181815,0.07142857142857142,1,0
14829.0,8,1237.05,831,72,154.63125,255,17.18125,2.929411764705882,0.14235535547769998,0.03488372093023256,73,-99.79999999999998,1.7356061951286885,-67.87899999999999,0.25,1,0
14831.0,7,1623.97,877,67,231.99571428571429,557,24.238358208955223,1.8089887640449438,0.17516691613359398,0.044444444444444446,70,-412.67499999999995,3.0554893684807474,-250.34699999999998,0.5714285714285714,1,1
14833.0,1,94.8,58,7,94.8,318,13.542857142857143,0.0,0.0,0.14285714285714285,7,0.0,1.0727690027836063,0.0,0.0,1,1
14834.0,3,715.1,217,28,238.36666666666667,226,25.539285714285715,5.4375,0.17925792584322495,0.09090909090909091,28,-256.62,3.847403443567591,-256.62,0.3333333333333333,1,0
14835.0,3,293.09999999999997,178,1,97.69999999999999,436,293.09999999999997,44.5,0.7117917016951814,1.0,1,0.0,0.17320508075688773,-63.3,0.3333333333333333,1,1
14837.0,8,2296.88,1930,114,287.11,504,20.148070175438598,3.628787878787879,0.14859327833490246,0.03759398496240601,114,124.20800000000001,1.391474394703025,42.21371428571429,0.25,1,0
14838.0,2,769.9200000000001,361,69,384.96000000000004,556,11.158260869565218,4.536231884057971,0.1172735611946856,0.02857142857142857,70,531.72,2.2927172890018053,531.72,0.0,1,1
14839.0,3,915.28,927,61,305.0933333333333,523,15.004590163934425,3.904109589041096,0.1585459208586853,0.04054054054054054,66,-59.43000000000001,2.5944189558787016,-59.43000000000001,0.0,1,1
14840.0,3,340.21,173,20,113.40333333333332,358,17.0105,11.782608695652174,0.21361566145810146,0.08333333333333333,20,-214.51000000000002,2.04263784946279,-214.51000000000002,0.3333333333333333,1,0
14841.0,11,5649.09,3337,166,513.5536363636364,556,34.03066265060241,1.8925619834710743,0.14975289761781246,0.0205761316872428,175,126.77114285714285,2.8306523233324725,-20.44869047619048,0.0,1,1
14842.0,4,1381.23,630,77,345.3075,127,17.93805194805195,1.525,0.11451095392865163,0.024691358024691357,77,1351.23,45.57350494727187,1351.23,0.5,1,0
14843.0,1,211.79999999999998,132,9,211.79999999999998,256,23.53333333333333,0.0,0.0,0.1111111111111111,9,0.0,0.579031758868007,0.0,0.0,1,1
14844.0,9,4373.17,3114,123,485.90777777777777,426,35.55422764227642,1.925531914893617,0.11481842277084124,0.026455026455026454,132,-155.205,2.450674658468888,-93.89800000000002,0.2222222222222222,1,0
14845.0,1,150.0,600,1,150.0,419,150.0,0.0,0.0,1.0,1,0.0,0.0,0.0,0.0,1,1
14846.0,2,406.79999999999995,181,12,203.39999999999998,246,33.9,0.25,0.13397459621556135,0.15384615384615385,12,0.0,2.6465843977396553,0.0,0.5,1,1
14847.0,3,1011.2,409,47,337.06666666666666,384,21.51489361702128,3.196078431372549,0.13989199666784266,0.038461538461538464,47,401.6,2.939719124238192,-166.575,0.3333333333333333,1,1
14848.0,1,310.56,260,11,310.56,224,28.232727272727274,0.0,0.0,0.09090909090909091,11,0.0,0.7008903428691771,0.0,0.0,1,1
14849.0,34,9688.53,7568,194,284.9567647058824,518,49.940876288659794,1.0125523012552302,0.14336914434457249,0.022964509394572025,204,-211.42314285714284,2.329505821893726,-12.329785714285714,0.17647058823529413,1,0
14850.0,9,1599.76,1377,129,177.7511111111111,387,12.401240310077519,1.2944162436548223,0.10092554048282179,0.025252525252525252,136,-73.785,2.782240219108534,-133.85999999999999,0.2222222222222222,1,1
14851.0,2,524.19,445,24,262.095,450,21.841250000000002,13.851851851851851,0.18981293217009795,0.07142857142857142,26,-111.93,2.4731354475238394,-111.93,0.0,1,0
14852.0,16,3762.59,2982,92,235.161875,463,40.89771739130435,2.0104166666666665,0.13684633377609967,0.04145077720207254,95,-44.26100000000002,2.038952740041471,1.9303571428571384,0.1875,1,0
14853.0,5,1102.82,296,21,220.564,425,52.51523809523809,15.68,0.326819295998728,0.19230769230769232,21,-183.685,5.437552348112296,-47.28600000000001,0.2,1,0
14854.0,9,2743.61,1847,110,304.84555555555556,506,24.941909090909093,3.226950354609929,0.18655222570202115,0.02112676056338028,112,45.83914285714285,3.0693031132878734,33.0075,0.2222222222222222,1,0
14855.0,5,5874.65,3243,156,1174.9299999999998,430,37.658012820512816,0.7311827956989247,0.08198943828199247,0.0213903743315508,160,2627.05,2.5919512432136584,-243.27999999999997,0.0,1,1
14857.0,7,2413.28,1609,124,344.75428571428574,454,19.46193548387097,1.2193548387096773,0.11933018860921425,0.019230769230769232,126,37.81999999999999,2.9733200642213204,37.81999999999999,0.2857142857142857,1,1
14858.0,1,180.75,105,11,180.75,325,16.431818181818183,0.0,0.0,0.09090909090909091,11,0.0,1.0516653460107925,0.0,0.0,1,1
14859.0,3,647.0600000000001,424,17,215.6866666666667,374,38.06235294117647,18.63157894736842,0.22931242858832424,0.1,17,-56.73999999999995,2.150239888697856,-56.73999999999995,0.3333333333333333,1,0
14861.0,13,1192.61,937,58,91.73923076923076,551,20.562241379310343,3.9204545454545454,0.18790492456808122,0.0449438202247191,59,59.125,2.0377076650221166,-3.988214285714282,0.3076923076923077,1,1
14865.0,3,77.52000000000001,192,3,25.840000000000003,557,25.840000000000003,91.25,0.5009081674077023,0.4,3,15.119999999999997,0.25768197453450253,3.0,0.0,1,1
14866.0,7,6450.32,2480,12,921.4742857142857,263,537.5266666666666,2.0833333333333335,0.2615032846295178,0.13513513513513514,12,1475.92,1.9442204718712444,-1191.7599999999998,0.0,1,1
14867.0,19,2910.41,993,67,153.1794736842105,553,43.4389552238806,3.8992805755395685,0.22244766203925465,0.06428571428571428,67,-8.500857142857134,4.755490049024606,-2.533601398601396,0.15789473684210525,1,0
14868.0,5,1669.75,1056,80,333.95,239,20.871875,2.0555555555555554,0.12350307855971489,0.03296703296703297,80,-791.0900000000001,2.390376176709069,-83.46000000000001,0.0,1,0
14869.0,6,2033.0,1570,136,338.8333333333333,543,14.948529411764707,1.8839779005524862,0.11171758773092644,0.027472527472527472,141,0.8839999999999861,2.1123545797428,0.8839999999999861,0.3333333333333333,1,1
14870.0,9,1794.6000000000001,478,43,199.4,503,41.734883720930235,6.161764705882353,0.2432341026295276,0.07246376811594203,48,-117.85,3.139205818571872,-35.11142857142857,0.3333333333333333,1,0
14871.0,7,956.0400000000001,338,89,136.57714285714286,558,10.742022471910113,3.404255319148936,0.17815863311131383,0.035211267605633804,91,-33.01657142857143,2.596587804206234,-33.01657142857143,0.0,1,0
14872.0,4,802.6800000000001,614,34,200.67000000000002,452,23.608235294117648,3.511627906976744,0.19631074952361702,0.06818181818181818,34,-4.030000000000001,1.344104089489599,-4.030000000000001,0.25,1,1
14873.0,2,854.13,311,48,427.065,453,17.794375,8.8125,0.1420115975366732,0.04081632653061224,49,185.22999999999996,3.4276300667005564,185.22999999999996,0.0,1,0
14874.0,1,116.18,148,6,116.18,354,19.363333333333333,0.0,0.0,0.16666666666666666,6,0.0,1.0849823347256244,0.0,0.0,1,1
14875.0,4,1750.93,871,47,437.7325,261,37.25382978723405,3.75,0.14524715648162076,0.04081632653061224,47,-1034.73,11.440855882902001,-1034.73,0.5,1,0
14876.0,2,256.7,162,12,128.35,380,21.391666666666666,3.3333333333333335,0.2656676419091314,0.15384615384615385,12,-150.5,2.4665848912293744,-150.5,0.0,1,1
14877.0,2,425.85,168,57,212.925,462,7.471052631578948,3.6129032258064515,0.12268744008384001,0.047619047619047616,57,12.450000000000017,2.240876993032118,12.450000000000017,0.0,1,1
14878.0,23,3293.78,1923,150,143.20782608695654,476,21.958533333333335,1.4396284829721362,0.17850715091065775,0.033950617283950615,153,-21.138285714285725,2.11705051563601,-0.34314285714285797,0.08695652173913043,1,0
14879.0,1,185.06,104,27,185.06,504,6.854074074074074,0.0,0.0,0.037037037037037035,27,0.0,2.1104306145707277,0.0,0.0,1,1
14880.0,2,347.67,237,25,173.835,108,13.9068,4.291666666666667,0.19485621698304792,0.04,25,89.27000000000001,3.3974778880810983,89.27000000000001,0.0,1,0
14882.0,13,2755.35,1264,31,211.95,438,88.88225806451612,4.090909090909091,0.22703553560516648,0.14285714285714285,31,519.365,3.0181820396847043,369.03999999999996,0.07692307692307693,1,1
14883.0,1,310.56,234,19,310.56,31,16.34526315789474,0.0,0.0,0.05263157894736842,19,0.0,0.6324509088038247,0.0,0.0,1,0
14884.0,1,120.6,72,8,120.6,488,15.075,0.0,0.0,0.125,8,0.0,1.0152409988344075,0.0,0.0,1,1
14885.0,3,730.8,560,16,243.6,285,45.675,2.375,0.2261904761904762,0.11764705882352941,16,248.40000000000003,1.0235973185722183,248.40000000000003,0.3333333333333333,1,1
14886.0,1,364.8,160,18,364.8,72,20.266666666666666,0.0,0.0,0.05555555555555555,18,0.0,2.2964308766522517,0.0,0.0,1,0
14888.0,1,369.2,184,20,369.2,26,18.46,0.0,0.0,0.05,20,0.0,1.2991495193718892,0.0,0.0,1,0
14889.0,1,135.9,90,10,135.9,155,13.59,0.0,0.0,0.1,10,0.0,1.5861904047118682,0.0,0.0,1,1
14890.0,3,817.25,636,55,272.4166666666667,479,14.85909090909091,7.25,0.14504979390098247,0.03508771929824561,55,-565.95,2.4299638110076907,-88.06999999999998,0.0,1,0
14891.0,3,1001.73,717,52,333.91,256,19.264038461538462,4.410714285714286,0.13990120175724594,0.03508771929824561,52,124.18999999999998,1.1557158540654993,124.18999999999998,0.0,1,0
14892.0,1,202.35000000000002,79,13,202.35000000000002,510,15.565384615384618,0.0,0.0,0.07692307692307693,13,0.0,2.4281469139855263,0.0,0.0,1,1
14893.0,3,547.16,236,33,182.38666666666666,437,16.58060606060606,1.4285714285714286,0.1860433813789738,0.08333333333333333,33,0.0,1.917072172424845,-552.26,0.6666666666666666,1,1
14894.0,4,756.46,326,23,189.115,557,32.88956521739131,11.72,0.2922553471733632,0.07692307692307693,24,122.00500000000001,2.88498524192999,122.00500000000001,0.5,1,1
14895.0,30,18152.670000000002,7662,351,605.089,556,51.717008547008554,0.8589540412044374,0.1234322117711518,0.00949367088607595,373,-0.010714285714292211,12.711298405221346,-24.47778021978022,0.23333333333333334,1,0
14896.0,10,1727.3,917,150,172.73,553,11.515333333333333,2.023166023166023,0.12698034528924612,0.023076923076923078,156,-29.377714285714294,2.554172189420786,-0.272857142857142,0.2,1,0
14897.0,6,1909.8600000000001,812,65,318.31,543,29.38246153846154,5.182926829268292,0.19903877455770802,0.03614457831325301,66,-2.672000000000003,3.4931819869239855,-48.34,0.16666666666666666,1,1
14898.0,16,2584.22,1606,135,161.51375,555,19.14237037037037,2.291079812206573,0.18837095219378047,0.037383177570093455,139,-30.41285714285715,3.7836356268075972,-32.06339393939394,0.25,1,0
14899.0,1,1331.38,570,126,1331.38,214,10.566507936507938,0.0,0.0,0.015503875968992248,126,0.0,4.226812701706816,0.0,0.0,1,1
14900.0,1,13.919999999999998,48,1,13.919999999999998,341,13.919999999999998,0.0,0.0,1.0,1,0.0,0.0,0.0,0.0,1,1
14901.0,7,988.46,423,61,141.20857142857145,318,16.204262295081968,1.7662337662337662,0.18759686782017754,0.05128205128205128,61,394.53999999999996,3.417826326268905,102.93199999999999,0.14285714285714285,1,1
14902.0,3,686.16,494,34,228.72,373,20.181176470588234,3.925,0.16081034625616136,0.04878048780487805,35,-77.04000000000002,2.4440316302691536,-77.04000000000002,0.3333333333333333,1,1
14903.0,7,1736.73,878,156,248.1042857142857,98,11.132884615384615,0.4056603773584906,0.0864933748921052,0.018779342723004695,157,723.77,2.9380511290756375,-148.715,0.5714285714285714,1,0
14904.0,2,605.05,537,62,302.525,247,9.758870967741935,0.2676056338028169,0.08221661331309692,0.027777777777777776,62,0.0,1.3644536574230308,0.0,0.0,1,1
14905.0,8,1648.34,854,43,206.0425,555,38.33348837209302,7.042253521126761,0.2740590554203913,0.06944444444444445,43,30.289142857142853,1.589130719501065,5.926428571428569,0.125,1,0
14907.0,17,2957.21,1226,82,173.95352941176472,550,36.06353658536585,2.3248407643312103,0.12564538542541387,0.04430379746835443,86,1343.845,2.8132696307819707,244.06800000000004,0.29411764705882354,1,1
14908.0,1,104.10000000000001,50,5,104.10000000000001,282,20.82,0.0,0.0,0.2,5,0.0,2.303367100572551,0.0,0.0,1,1
14909.0,5,1380.98,886,61,276.196,482,22.639016393442624,2.876543209876543,0.15586613560263057,0.036585365853658534,62,-151.628,3.2707671777957503,-151.628,0.4,1,1
14911.0,300,166855.51,85232,2019,556.1850333333333,558,82.64264982664686,0.06134969325153374,0.038092756323584484,0.008643524327338632,2168,889.749642857143,4.006627070657199,-145.35635087719297,0.20333333333333334,0,0
14912.0,5,1444.72,1280,36,288.944,410,40.13111111111111,6.979591836734694,0.20623216464844613,0.06,38,12.72999999999999,2.21233083291937,12.72999999999999,0.2,0,0
14913.0,7,3762.85,3574,161,537.55,305,23.371739130434783,1.3529411764705883,0.13213776738679203,0.02252252252252252,162,-559.4350000000001,3.1991011741629367,-112.02357142857142,0.0,1,0
14915.0,11,1636.1000000000001,670,63,148.73636363636365,556,25.96984126984127,5.290697674418604,0.27858366545710567,0.05747126436781609,63,21.27714285714286,3.0408312412558143,7.054666666666667,0.09090909090909091,1,1
14916.0,7,1918.42,1490,62,274.06,437,30.942258064516132,3.88,0.18251575851309804,0.039473684210526314,61,-386.58000000000004,3.115262991911265,-97.80799999999999,0.2857142857142857,1,1
14917.0,2,1123.75,891,29,561.875,416,38.75,0.0,0.0,0.034482758620689655,29,0.0,1.905572460952584,0.0,0.0,1,1
14918.0,7,4345.66,1876,64,620.8085714285714,430,67.9009375,2.1578947368421053,0.2003610309374461,0.041666666666666664,67,-239.29000000000005,3.563800005956583,28.539428571428566,0.0,1,1
14919.0,1,359.35,129,13,359.35,358,27.642307692307693,0.0,0.0,0.07692307692307693,13,0.0,1.318701770293177,0.0,0.0,1,1
14920.0,3,1607.17,886,90,535.7233333333334,384,17.857444444444447,3.6666666666666665,0.09929809903567313,0.020618556701030927,92,348.37,3.2747477343098805,348.37,0.0,1,0
14921.0,1,903.01,631,53,903.01,20,17.037924528301886,0.0,0.0,0.018867924528301886,53,0.0,1.379823825022127,0.0,0.0,1,0
14922.0,2,843.74,376,49,421.87,327,17.219183673469388,2.326530612244898,0.1345926800472255,0.04,49,-236.83999999999997,3.3736774339837865,-236.83999999999997,0.0,1,1
14924.0,3,931.01,312,30,310.33666666666664,458,31.033666666666665,13.1,0.19411624265223035,0.06451612903225806,30,-0.044999999999987494,25.517433235432033,-0.044999999999987494,0.0,1,0
14926.0,3,337.65,189,2,112.55,418,168.825,72.0,0.6145700801379738,0.75,2,-59.25,2.6499999999999995,-59.25,0.3333333333333333,1,1
14927.0,1,308.2,196,20,308.2,216,15.41,0.0,0.0,0.05,20,0.0,1.7055945097176373,0.0,0.0,1,1
14928.0,2,204.46,263,21,102.23,447,9.736190476190476,0.34782608695652173,0.1303639634061655,0.08333333333333333,21,0.0,1.4664567743423238,0.0,0.5,1,1
14929.0,1,612.8100000000001,351,23,612.8100000000001,241,26.643913043478264,0.0,0.0,0.043478260869565216,23,0.0,1.3306182996218479,0.0,0.0,1,1
14930.0,7,3867.91,1727,166,552.5585714285714,426,23.30066265060241,1.5137614678899083,0.11633249061991026,0.0182648401826484,180,-326.24699999999996,7.01453681426026,-39.233428571428576,0.42857142857142855,0,1
14931.0,1,243.0,96,8,243.0,60,30.375,0.0,0.0,0.125,8,0.0,2.918383848247911,0.0,0.0,0,0
14932.0,2,566.13,255,28,283.065,205,20.21892857142857,0.6896551724137931,0.1463022514038295,0.06666666666666667,28,0.0,4.0519203479026,60.92999999999998,0.0,0,1
14933.0,5,885.0,300,1,177.0,263,885.0,0.0,0.0,1.0,1,0.0,0.0,0.0,0.2,0,1
14934.0,6,1411.07,864,88,235.1783333333333,261,16.034886363636364,0.8092783505154639,0.09452938184746695,0.03076923076923077,95,-50.745,3.0962141549925963,-50.745,0.3333333333333333,0,1
14935.0,2,2849.83,1931,25,1424.915,439,113.9932,12.88,0.19694189602446488,0.07692307692307693,25,719.5900000000001,1.2400913117744443,719.5900000000001,0.0,0,1
14936.0,6,5837.4,3132,186,972.9,403,31.383870967741935,1.2540983606557377,0.10199610284183844,0.0163265306122449,193,79.23800000000006,4.371669049040566,79.23800000000006,0.16666666666666666,0,1
14938.0,4,2289.43,1361,71,572.3575,381,32.24549295774648,0.8,0.10700095197993534,0.02631578947368421,72,-2355.43,3.0833404390624617,-2355.43,0.5,0,1
14940.0,2,531.49,384,32,265.745,552,16.6090625,10.161290322580646,0.1764858367805184,0.03125,32,167.47000000000003,0.6974179770248393,167.47000000000003,0.0,1,1
14941.0,1,182.1,80,7,182.1,398,26.014285714285712,0.0,0.0,0.14285714285714285,7,0.0,0.6930780207575067,0.0,0.0,1,1
14942.0,4,746.56,354,12,186.64,549,62.21333333333333,18.166666666666668,0.36320473064063524,0.21052631578947367,12,68.12,1.3738755104188496,68.12,0.0,1,1
14943.0,1,107.62,46,5,107.62,482,21.524,0.0,0.0,0.2,5,0.0,2.281289109253801,0.0,0.0,1,1
14944.0,16,5524.4,3023,133,345.275,480,41.536842105263155,2.315270935960591,0.17555550824205735,0.03431372549019608,135,-10.100000000000003,3.116341769346691,-16.342909090909096,0.25,1,0
14945.0,1,179.4,156,11,179.4,233,16.30909090909091,0.0,0.0,0.09090909090909091,11,0.0,0.8876936408468861,0.0,0.0,1,1
14947.0,4,758.97,237,37,189.7425,444,20.512702702702704,6.0256410256410255,0.22951360795372522,0.05,37,-76.075,5.130844878445134,-48.852999999999994,0.0,1,1
14948.0,1,278.4,72,13,278.4,38,21.415384615384614,0.0,0.0,0.07692307692307693,13,0.0,2.5972618718121647,0.0,0.0,1,0
14949.0,6,498.55,243,16,83.09166666666667,540,31.159375,8.931034482758621,0.2576519447550061,0.16666666666666666,17,47.010000000000005,2.4788762748888646,-10.912,0.3333333333333333,1,1
14952.0,37,12839.77,5321,212,347.0208108108108,555,60.56495283018868,1.9144981412639406,0.22990416038926403,0.014814814814814815,220,7.396428571428568,3.0412530364419466,9.420821428571431,0.24324324324324326,1,0
14953.0,4,674.75,768,152,168.6875,255,4.439144736842105,0.08947368421052632,0.04006326897150846,0.020942408376963352,152,135.49,1.9138598703135168,135.49,0.25,1,1
14954.0,1,167.27,92,41,167.27,522,4.079756097560976,0.0,0.0,0.024390243902439025,41,0.0,2.5975156282541194,0.0,0.0,1,1
14955.0,1,163.77,74,30,163.77,552,5.4590000000000005,0.0,0.0,0.06451612903225806,30,0.0,2.258655276024648,0.0,0.0,1,1
14956.0,1,1325.0,2500,4,1325.0,240,331.25,0.0,0.0,0.25,4,0.0,0.0,0.0,0.0,1,1
14957.0,2,261.69,97,27,130.845,464,9.692222222222222,14.481481481481481,0.1899260874297896,0.07142857142857142,27,-144.70999999999998,2.4060788041209733,-144.70999999999998,0.0,1,0
14958.0,5,834.59,228,46,166.918,555,18.143260869565218,8.85483870967742,0.18539918691447926,0.047619047619047616,46,54.32099999999999,4.279657851530292,3.593999999999994,0.0,1,0
14959.0,2,422.38,342,31,211.19,115,13.62516129032258,1.8181818181818181,0.1392127600139779,0.06666666666666667,31,65.06,0.6708468942728703,65.06,0.0,1,0
14961.0,24,12463.880000000001,6323,266,519.3283333333334,555,46.85669172932331,0.9960707269155207,0.12152620306252195,0.01568627450980392,300,-263.1302857142857,2.7068548615783397,-129.5613286713287,0.25,1,0
14962.0,4,366.91,123,14,91.7275,403,26.207857142857144,24.0,0.32050087852764925,0.07142857142857142,14,-113.51000000000003,3.438867450289316,-30.205000000000005,0.0,1,0
14963.0,9,1939.58,1292,217,215.5088888888889,345,8.93815668202765,1.0526315789473684,0.08207431449267058,0.021604938271604937,230,-110.61499999999997,1.6552252099177158,39.101,0.1111111111111111,1,0
14964.0,1,206.21,143,13,206.21,66,15.862307692307693,0.0,0.0,0.07692307692307693,13,0.0,3.8581658323280497,0.0,0.0,1,0
14966.0,5,881.24,881,93,176.248,543,9.475698924731184,2.9473684210526314,0.09481706269233935,0.034782608695652174,93,232.29999999999995,2.358339834174748,232.29999999999995,0.0,1,1
14967.0,5,1518.81,512,19,303.762,555,79.93736842105262,13.318181818181818,0.2702211174126071,0.13043478260869565,19,256.475,2.8850830061835606,256.475,0.0,1,1
14968.0,1,349.9,129,46,349.9,277,7.606521739130434,0.0,0.0,0.021739130434782608,46,0.0,4.095414143262061,0.0,0.0,1,1
14969.0,1,906.23,665,13,906.23,523,69.71000000000001,0.0,0.0,0.07692307692307693,13,0.0,3.446857171246635,0.0,0.0,1,1
14970.0,14,2783.59,628,60,198.82785714285714,482,46.393166666666666,3.9038461538461537,0.2140212822102377,0.06666666666666667,66,-130.164,2.556835251210273,-11.60107142857143,0.2857142857142857,1,0
14972.0,1,30.300000000000004,12,2,30.300000000000004,200,15.150000000000002,0.0,0.0,0.5,2,0.0,0.6010407640085653,0.0,0.0,1,1
14973.0,1,654.6,51,5,654.6,45,130.92000000000002,0.0,0.0,0.2,5,0.0,130.9264325871594,0.0,0.0,1,0
14975.0,1,192.45,127,15,192.45,240,12.83,0.0,0.0,0.06666666666666667,15,0.0,3.0092990799156123,0.0,0.0,1,1
14976.0,4,425.26,111,35,106.315,146,12.150285714285713,2.8260869565217392,0.1925212497096977,0.06382978723404255,35,-117.77999999999997,3.407410029367337,-1.1049999999999898,0.25,1,0
14977.0,1,31.929999999999996,17,4,31.929999999999996,545,7.982499999999999,0.0,0.0,0.25,4,0.0,1.8865488773595733,0.0,0.0,1,1
14978.0,11,2682.25,624,159,243.8409090909091,410,16.86949685534591,1.3873517786561265,0.1326921462585859,0.031496062992125984,170,44.71200000000002,3.2585343867020895,37.24000000000001,0.18181818181818182,1,0
14979.0,1,429.66,209,42,429.66,554,10.23,0.0,0.0,0.04081632653061224,42,0.0,1.8978916650085282,0.0,0.0,1,1
14980.0,1,150.68,79,24,150.68,556,6.278333333333333,0.0,0.0,0.041666666666666664,24,0.0,2.9410619939358496,0.0,0.0,1,1
14981.0,3,313.52,229,20,104.50666666666666,243,15.675999999999998,7.6521739130434785,0.24063921653241038,0.08333333333333333,20,-109.27999999999997,1.3707968696969712,-84.34,0.3333333333333333,1,0
14982.0,1,234.88,123,38,234.88,391,6.181052631578948,0.0,0.0,0.02631578947368421,38,0.0,2.2448083299298256,0.0,0.0,1,1
14983.0,1,183.20000000000002,90,30,183.20000000000002,508,6.106666666666667,0.0,0.0,0.03333333333333333,29,0.0,2.4589596903204187,0.0,0.0,1,1
14984.0,5,1160.37,310,27,232.07399999999998,516,42.97666666666666,17.166666666666668,0.31745945251166324,0.06451612903225806,27,11.183000000000003,3.5290231674117742,11.183000000000003,0.0,1,0
14985.0,2,292.01,256,78,146.005,177,3.7437179487179484,1.9390243902439024,0.10448110681765924,0.024096385542168676,78,52.47000000000001,1.554060713657534,52.47000000000001,0.0,1,0
14986.0,2,563.1,338,87,281.55,503,6.472413793103448,3.1649484536082473,0.0983785375963107,0.02040816326530612,88,-83.66,2.019089106114553,-83.66,0.0,1,1
14987.0,8,1305.85,511,4,163.23125,556,326.4625,28.307692307692307,0.31144331081412513,0.5,4,335.65000000000003,2.0537823589713633,-160.95,0.125,1,1
14988.0,7,2038.65,1260,171,291.2357142857143,421,11.921929824561404,1.6538461538461537,0.10478094381662963,0.01702127659574468,173,-1.918999999999994,1.8874621707682264,63.91400000000002,0.0,1,0
14989.0,1,342.4,200,18,342.4,481,19.022222222222222,0.0,0.0,0.05555555555555555,18,0.0,3.4071244080641,0.0,0.0,1,1
14990.0,2,304.17,129,41,152.085,549,7.418780487804878,2.8780487804878048,0.14813537855916958,0.047619047619047616,41,-96.30999999999997,2.4895895789822475,-96.30999999999997,0.0,1,1
14991.0,1,314.67,191,21,314.67,249,14.984285714285715,0.0,0.0,0.047619047619047616,21,0.0,3.1911783164873513,0.0,0.0,1,1
14992.0,1,210.5,145,27,210.5,261,7.796296296296297,0.0,0.0,0.037037037037037035,27,0.0,1.811632954026273,0.0,0.0,1,1
14993.0,1,36.13,21,9,36.13,383,4.014444444444445,0.0,0.0,0.2,9,0.0,1.6418363702472507,0.0,0.0,1,1
14994.0,7,886.64,479,232,126.66285714285713,443,3.8217241379310343,0.775974025974026,0.07743428616723505,0.012944983818770227,237,65.49999999999999,2.196590554446671,65.49999999999999,0.2857142857142857,1,1
14995.0,1,119.31,51,37,119.31,99,3.2245945945945946,0.0,0.0,0.02702702702702703,37,0.0,2.117946445769379,0.0,0.0,1,1
14996.0,2,442.28999999999996,404,37,221.14499999999998,300,11.953783783783782,0.0,0.0,0.04878048780487805,37,0.0,2.0123271324029,0.0,0.0,1,1
14997.0,1,230.4,288,12,230.4,475,19.2,0.0,0.0,0.08333333333333333,12,0.0,0.3076991840723467,0.0,0.0,1,1
14998.0,3,521.95,199,85,173.98333333333335,424,6.140588235294119,3.9456521739130435,0.1428464527063085,0.021505376344086023,85,35.074999999999996,3.7137241898906246,35.074999999999996,0.0,1,0
14999.0,1,129.48000000000002,88,9,129.48000000000002,412,14.386666666666668,0.0,0.0,0.1111111111111111,9,0.0,3.8816398310221643,0.0,0.0,1,1
15001.0,2,197.10999999999999,69,43,98.55499999999999,213,4.583953488372092,0.0,0.0,0.044444444444444446,43,0.0,3.9484069796270593,0.0,0.0,1,1
15002.0,8,3643.91,1877,194,455.48875,516,18.7830412371134,1.3412162162162162,0.10761401665154145,0.026936026936026935,198,-189.411,2.4258009940503085,-96.6892857142857,0.0,1,1
15003.0,7,1022.03,521,253,146.00428571428571,501,4.039644268774704,0.6261398176291794,0.06533624312721634,0.015151515151515152,260,-679.3700000000001,2.056926802640133,-48.834999999999994,0.14285714285714285,1,1
15005.0,58,10102.28,6138,496,174.17724137931035,557,20.3675,0.2841031149301826,0.08996263491818281,0.02147074610842727,533,40.00392857142857,2.370407473024876,-8.457561403508771,0.29310344827586204,1,0
15006.0,1,277.4,101,47,277.4,272,5.902127659574467,0.0,0.0,0.04,47,0.0,3.4980084187947833,0.0,0.0,1,1
15008.0,2,360.0,1500,6,180.0,457,60.0,14.272727272727273,0.29527368830657097,0.16666666666666666,6,120.0,0.10444659357341872,120.0,0.0,1,1
15011.0,2,416.6,289,17,208.3,236,24.50588235294118,1.0526315789473684,0.18836297519219083,0.1,17,0.0,1.2977846508569901,-29.400000000000006,0.0,1,1
15012.0,2,429.78,242,107,214.89,396,4.016635514018692,1.6916666666666667,0.0866132009062863,0.01652892561983471,113,-52.66,2.797021516969646,-52.66,0.0,1,1
15013.0,10,1610.82,1715,177,161.082,497,9.100677966101694,0.5486725663716814,0.11800498355423321,0.023529411764705882,178,-147.49000000000004,1.5565272312158793,-11.020000000000001,0.0,1,1
15015.0,20,2255.27,1529,157,112.7635,544,14.364777070063694,0.7171052631578947,0.1392947996665408,0.022950819672131147,162,102.04899999999998,2.4570238969355125,56.35214285714285,0.35,1,1
15016.0,5,442.85,164,77,88.57000000000001,362,5.751298701298702,1.744186046511628,0.12128026451737084,0.034482758620689655,77,162.23000000000002,2.3452450201968413,-6.144999999999996,0.2,1,1
15018.0,3,251.39000000000001,93,17,83.79666666666667,187,14.78764705882353,6.9411764705882355,0.24265255269709027,0.1111111111111111,17,28.889999999999986,12.24242825885464,28.889999999999986,0.3333333333333333,1,0
15019.0,1,252.81,150,64,252.81,86,3.95015625,0.0,0.0,0.030303030303030304,64,0.0,1.8269065655001626,0.0,0.0,1,0
15020.0,1,198.47,111,27,198.47,198,7.350740740740741,0.0,0.0,0.037037037037037035,27,0.0,2.030896045207323,0.0,0.0,1,1
15021.0,10,1238.58,548,231,123.85799999999999,317,5.361818181818181,0.7818696883852692,0.08496708155455408,0.01694915254237288,236,-22.60399999999999,2.122779092531064,-8.684999999999993,0.4,1,0
15022.0,1,281.05,113,19,281.05,496,14.792105263157895,0.0,0.0,0.05263157894736842,19,0.0,1.485288480849774,0.0,0.0,1,1
15023.0,15,7571.58,3508,385,504.772,493,19.66644155844156,0.6676557863501483,0.10436413487997243,0.014814814814814815,405,-24.294857142857154,3.3113165328595677,11.513146853146853,0.13333333333333333,1,0
15024.0,9,2603.55,1355,124,289.28333333333336,243,20.996370967741935,0.543859649122807,0.0887793064714924,0.026200873362445413,124,-2224.8099999999995,2.767150431815375,-238.873,0.0,1,1
15025.0,1,609.88,318,71,609.88,387,8.589859154929577,0.0,0.0,0.014084507042253521,71,0.0,3.1027868371742273,0.0,0.0,1,1
15026.0,4,810.67,451,83,202.6675,267,9.76710843373494,2.019607843137255,0.15064430936472856,0.02912621359223301,83,-84.73899999999999,2.2768110068551164,-84.73899999999999,0.0,1,0
15027.0,11,2562.01,2043,52,232.91000000000003,443,49.26942307692308,5.847222222222222,0.21905885434903608,0.0547945205479452,52,47.88499999999997,3.7540898043003574,-73.03100000000002,0.2727272727272727,1,0
15028.0,3,521.78,333,45,173.92666666666665,213,11.59511111111111,0.3582089552238806,0.11470912534023947,0.04411764705882353,45,0.0,2.4883064008503313,-149.84,0.0,1,1
15029.0,2,362.15,233,10,181.075,439,36.214999999999996,0.1,0.07597469266479578,0.18181818181818182,10,0.0,2.736801384496474,0.0,0.5,1,1
15030.0,8,1601.64,1008,21,200.205,464,76.26857142857143,12.862068965517242,0.38095251577602046,0.16666666666666666,21,-116.60999999999999,4.3603570585630855,-112.28100000000002,0.125,1,0
15031.0,13,2311.37,1074,218,177.7976923076923,550,10.602614678899082,1.2869565217391303,0.11081525320761142,0.028901734104046242,224,-76.36399999999999,2.575652296822269,-25.587500000000006,0.15384615384615385,1,1
15032.0,10,10515.05,6301,39,1051.5049999999999,548,269.6166666666667,4.845360824742268,0.21581302388813356,0.061224489795918366,42,381.52500000000003,1.6546487248636896,196.26428571428565,0.2,1,0
15033.0,3,1152.32,657,150,384.1066666666666,148,7.682133333333333,0.6857142857142857,0.09113786125631824,0.017045454545454544,149,-320.23999999999995,2.727539445237167,-70.25499999999997,0.0,1,0
15034.0,12,6588.17,3656,308,549.0141666666667,396,21.39016233766234,0.6238532110091743,0.095135803749376,0.01098901098901099,326,32.229,3.7481914283334654,10.504333333333337,0.08333333333333333,1,0
15037.0,2,397.76,298,40,198.88,196,9.943999999999999,0.0,0.0,0.044444444444444446,40,0.0,2.217243784521675,0.0,0.0,1,1
15038.0,7,958.49,292,176,136.92714285714285,244,5.445965909090909,1.0934579439252337,0.10700438958463265,0.018604651162790697,176,-200.84999999999997,2.830095125209624,-29.28257142857143,0.0,1,0
15039.0,85,33092.54,15116,487,389.324,549,67.95182751540041,0.2373667130273528,0.09324563663710761,0.013901760889712697,533,1049.3860714285715,2.9802043368359006,97.64124561403507,0.1411764705882353,1,0
15040.0,1,7.49,1,1,7.49,361,7.49,0.0,0.0,1.0,1,0.0,0.0,0.0,0.0,1,1
15041.0,1,109.05,89,34,109.05,263,3.2073529411764703,0.0,0.0,0.08108108108108109,34,0.0,0.8943155485063986,0.0,0.0,1,1
15042.0,2,315.45,238,9,157.725,414,35.05,49.5,0.35104604675319384,0.1111111111111111,9,-43.59,4.286743454470357,-43.59,0.0,1,0
15043.0,5,2318.3199999999997,707,38,463.66399999999993,352,61.00842105263157,1.4565217391304348,0.23650943711713643,0.06382978723404255,38,1519.96,3.311381963589848,113.072,0.0,1,1
15044.0,34,12484.56,3790,255,367.1929411764706,542,48.95905882352941,0.7318840579710145,0.11453946239333843,0.024602026049204053,276,5.329642857142874,2.9574231332647067,-36.209214285714275,0.23529411764705882,1,0
15045.0,2,286.9,30,4,143.45,77,71.725,1.0,0.3333333333333333,0.4,4,-490.9,2.1372880011828075,-490.9,0.5,1,0
15046.0,20,4711.78,2387,197,235.589,513,23.91766497461929,1.5737179487179487,0.1671918021769211,0.04472843450479233,205,38.974857142857154,3.0255469108125417,20.214560439560444,0.1,1,0
15047.0,1,343.62,222,22,343.62,89,15.61909090909091,0.0,0.0,0.045454545454545456,22,0.0,1.4216489419985916,0.0,0.0,1,0
15048.0,2,254.25,120,58,127.125,188,4.383620689655173,2.5344827586206895,0.12483878741894783,0.03389830508474576,58,56.85000000000001,2.1562887110171687,56.85000000000001,0.0,1,0
15049.0,1,121.17000000000002,63,3,121.17000000000002,93,40.39000000000001,0.0,0.0,0.3333333333333333,3,0.0,1.0569768209379051,0.0,0.0,1,1
15050.0,2,2349.5,1384,58,1174.75,300,40.508620689655174,0.8194444444444444,0.10303308425297604,0.0273972602739726,58,-224.67999999999984,2.1980454251493047,-224.67999999999984,0.0,1,1
15051.0,7,2528.55,2030,113,361.2214285714286,557,22.376548672566372,2.4285714285714284,0.15926344904069603,0.033783783783783786,114,32.85600000000001,6.7069965129462865,3.9054285714285775,0.14285714285714285,1,1
15052.0,1,207.73000000000002,79,27,207.73000000000002,138,7.693703703703704,0.0,0.0,0.07142857142857142,27,0.0,7.220266450696098,0.0,0.0,1,1
15053.0,1,222.65,257,19,222.65,101,11.718421052631578,0.0,0.0,0.1,19,0.0,1.1936670610482552,0.0,0.0,1,1
15055.0,3,549.12,225,77,183.04,542,7.131428571428572,3.0875,0.15117902643174902,0.024691358024691357,77,-53.485,2.870469914641886,-53.485,0.0,1,1
15056.0,1,113.64999999999999,69,6,113.64999999999999,339,18.941666666666666,0.0,0.0,0.16666666666666666,6,0.0,3.7306389086410743,0.0,0.0,1,1
15057.0,6,3184.56,1382,62,530.76,553,51.36387096774193,6.5285714285714285,0.2177924625800515,0.04225352112676056,63,396.808,2.72625167753374,75.026,0.16666666666666666,1,1
15058.0,12,2252.6,1062,163,187.71666666666667,472,13.81963190184049,2.0086206896551726,0.15353276102974367,0.03862660944206009,163,66.70285714285714,2.7622606338618483,11.941500000000005,0.08333333333333333,1,0
15059.0,21,2630.7,1203,249,125.27142857142856,553,10.565060240963854,1.1159737417943107,0.12854117664703069,0.021834061135371178,252,-11.373928571428568,2.645062449095866,-5.0080909090909085,0.3333333333333333,1,0
15061.0,117,101849.20999999999,61074,115,870.5060683760684,558,885.645304347826,0.6937416777629827,0.15956346566079715,0.031914893617021274,130,-88.2189285714286,2.6087441951464685,-254.88407636738904,0.06837606837606838,1,0
15062.0,7,2411.8,1650,95,344.54285714285714,429,25.387368421052635,2.6575342465753424,0.18405610456785804,0.04081632653061224,96,-69.014,2.1056212445844404,-61.82857142857142,0.0,1,0
15063.0,1,370.79999999999995,56,5,370.79999999999995,32,74.16,0.0,0.0,0.2,5,0.0,6.284266066932557,0.0,0.0,1,0
15064.0,4,1154.41,808,74,288.6025,536,15.600135135135137,3.91025641025641,0.18246718658143754,0.02531645569620253,75,28.757000000000005,2.9413205044060953,28.757000000000005,0.0,1,1
15065.0,5,1552.98,756,79,310.596,230,19.657974683544303,2.1294117647058823,0.14687127435974948,0.03488372093023256,79,232.005,13.586395346407814,59.622000000000014,0.4,1,0
15067.0,4,2953.42,1531,125,738.355,426,23.62736,2.4846153846153847,0.12046236089142769,0.015267175572519083,126,48.079999999999984,8.13522865740598,48.079999999999984,0.25,1,1
15068.0,3,861.5,598,139,287.1666666666667,440,6.197841726618705,2.3947368421052633,0.10911216995158896,0.0196078431372549,142,-47.45500000000001,2.6711019600746333,-47.45500000000001,0.0,1,0
15070.0,3,737.0500000000001,339,26,245.68333333333337,543,28.348076923076924,11.32258064516129,0.24518011359383574,0.0625,26,-109.3,3.285736755771194,-109.3,0.0,1,1
15071.0,3,1062.16,312,31,354.05333333333334,390,34.263225806451615,7.538461538461538,0.21583449315655517,0.05,31,211.215,3.2144923334079456,211.215,0.0,1,1
15072.0,1,187.51999999999998,164,13,187.51999999999998,298,14.424615384615382,0.0,0.0,0.07692307692307693,13,0.0,1.1352668273277298,0.0,0.0,1,1
15073.0,8,2175.59,1133,109,271.94875,501,19.95954128440367,2.8941176470588235,0.12784351525121407,0.023391812865497075,110,62.81900000000002,3.5682453948402184,-3.8539999999999908,0.125,1,0
15074.0,2,817.46,608,31,408.73,287,26.36967741935484,1.2666666666666666,0.15957363815121636,0.03225806451612903,31,98.13999999999999,1.0229723716299868,98.13999999999999,0.0,1,1
15076.0,4,544.99,293,30,136.2475,341,18.166333333333334,0.90625,0.18601908650667887,0.12121212121212122,30,0.0,3.9554678064903794,-523.0899999999999,0.5,1,1
15077.0,4,2423.88,526,28,605.97,549,86.56714285714285,8.242424242424242,0.21140203449751702,0.058823529411764705,28,676.9200000000001,3.354449209764737,-107.34400000000002,0.5,1,1
15078.0,44,11546.48,5715,98,262.42,555,117.82122448979591,0.9652650822669104,0.1633515660170523,0.041970802919708027,123,116.3075,2.4602257848706093,-10.824148606811148,0.22727272727272727,1,0
15079.0,17,3546.75,1440,119,208.63235294117646,551,29.804621848739497,3.472972972972973,0.21174847460897087,0.03355704697986577,123,-87.82892857142856,5.673372665415985,-52.64866666666667,0.35294117647058826,1,0
15080.0,2,546.25,287,31,273.125,321,17.620967741935484,2.466666666666667,0.16999196504457645,0.03225806451612903,31,-176.45000000000002,1.5122119382667758,-176.45000000000002,0.0,1,1
15081.0,10,1580.3700000000001,670,65,158.037,355,24.313384615384617,3.802325581395349,0.19732749061870336,0.08045977011494253,65,-65.31299999999999,4.707495842560587,-28.057499999999997,0.1,1,0
15082.0,1,93.35000000000001,43,6,93.35000000000001,488,15.558333333333335,0.0,0.0,0.16666666666666666,6,0.0,0.7002975558051499,0.0,0.0,1,1
15083.0,1,88.2,38,5,88.2,76,17.64,0.0,0.0,0.2,5,0.0,5.731230234426113,0.0,0.0,1,0
15084.0,2,965.2,600,31,482.6,465,31.135483870967743,8.866666666666667,0.1788906355929245,0.03225806451612903,31,266.4,4.719812097590235,266.4,0.0,1,1
15085.0,1,347.54,169,9,347.54,549,38.61555555555556,0.0,0.0,0.1111111111111111,9,0.0,1.0847004194707404,0.0,0.0,1,1
15086.0,2,218.53,95,10,109.265,444,21.853,6.0,0.3003955313817873,0.18181818181818182,10,-1.5300000000000011,1.8347826227450688,-1.5300000000000011,0.0,1,1
15087.0,1,306.94,470,15,306.94,101,20.462666666666667,0.0,0.0,0.06666666666666667,15,0.0,1.3132174229730582,0.0,0.0,1,1
15090.0,1,381.32,208,23,381.32,127,16.57913043478261,0.0,0.0,0.043478260869565216,23,0.0,2.8845492040649847,0.0,0.0,1,1
15091.0,4,546.15,231,28,136.5375,558,19.505357142857143,9.5,0.23315732445014714,0.06896551724137931,29,1.9250000000000111,2.1810258805492464,1.9250000000000111,0.5,1,1
15092.0,4,773.16,228,39,193.29,282,19.824615384615385,5.466666666666667,0.19949157117537453,0.043478260869565216,39,-90.35000000000001,3.151312379016864,-90.35000000000001,0.25,1,0
15093.0,32,11833.81,9828,104,369.8065625,551,113.78663461538461,1.7194719471947195,0.1973890313332487,0.039473684210526314,112,1.4964285714285501,2.944263650643798,-12.53175,0.34375,1,0
15094.0,2,83.0,28,4,41.5,463,20.75,45.25,0.49453551912568305,0.4,4,-17.0,0.7,-17.0,0.0,1,1
15095.0,8,2535.64,1857,89,316.955,507,28.490337078651685,4.654205607476635,0.17915591741912149,0.027777777777777776,89,106.61700000000002,2.5954705917410417,1.9332142857142915,0.125,1,0
15097.0,4,338.97,128,39,84.7425,402,8.691538461538462,0.0,0.0,0.11627906976744186,39,0.0,2.629777285518409,0.0,0.5,1,1
15098.0,4,39619.5,61,1,9904.875,1,39619.5,0.0,0.0,1.0,2,0.0,372.1311160061733,0.0,0.25,1,0
15100.0,14,1750.1,226,11,125.00714285714285,520,159.1,16.59090909090909,0.2615975491549509,0.4782608695652174,11,9.275000000000006,4.061844048594038,-44.27999999999999,0.5,1,1
15101.0,10,1088.24,448,49,108.824,409,22.208979591836734,4.203389830508475,0.274849004203448,0.06666666666666667,49,-179.482,8.668144348168065,-60.87885714285714,0.5,1,1
15102.0,2,554.67,339,26,277.335,366,21.33346153846154,0.6153846153846154,0.14872056780597875,0.07407407407407407,26,0.0,3.0499588059429126,0.0,0.0,1,1
15104.0,2,993.54,635,66,496.77,101,15.053636363636363,1.2878787878787878,0.11235312506295278,0.029850746268656716,66,244.26,5.584905587440503,244.26,0.0,1,0
15105.0,2,795.98,536,50,397.99,446,15.9196,4.0,0.13793103448275865,0.02,50,135.22000000000003,1.9483151905255611,135.22000000000003,0.0,1,1
15106.0,2,778.45,560,51,389.225,88,15.26372549019608,1.0961538461538463,0.12310141832466136,0.03773584905660377,51,-42.94999999999999,3.311534280182584,-42.94999999999999,0.0,1,0
15107.0,12,752.6,321,32,62.71666666666667,271,23.51875,3.0,0.3093766843293952,0.10869565217391304,32,-117.67500000000001,4.191607816453792,-68.715,0.25,1,1
15108.0,3,533.95,157,23,177.98333333333335,47,23.21521739130435,1.5172413793103448,0.1798016568289517,0.06666666666666667,23,0.0,4.075789183859288,223.15,0.3333333333333333,0,0
15109.0,4,961.9,254,46,240.475,555,20.91086956521739,9.86,0.18751269967629142,0.0392156862745098,46,116.275,3.827913986781322,116.275,0.25,1,0
15110.0,4,670.9,159,17,167.725,304,39.46470588235294,7.666666666666667,0.3180514982878107,0.10714285714285714,17,-70.25000000000001,7.187876284146138,-96.89000000000001,0.25,1,1
15111.0,3,1163.39,454,60,387.7966666666667,411,19.389833333333335,3.3181818181818183,0.1473527984190809,0.029850746268656716,61,589.77,2.8532083633555128,0.8449999999999989,0.0,1,1
15112.0,1,209.4,72,7,209.4,430,29.914285714285715,0.0,0.0,0.14285714285714285,7,0.0,2.620818665262913,0.0,0.0,1,1
15114.0,6,1666.81,1439,79,277.8016666666667,240,21.09886075949367,2.269230769230769,0.18905069598064597,0.0380952380952381,79,64.32000000000005,2.8162987394350747,-14.813999999999995,0.0,1,0
15115.0,2,187.99,87,14,93.995,552,13.427857142857144,1.0,0.21089672205953397,0.13333333333333333,14,0.0,1.603001054569953,0.0,0.5,1,1
15116.0,1,479.65,147,15,479.65,24,31.976666666666667,0.0,0.0,0.06666666666666667,15,0.0,2.3255721262273745,0.0,0.0,1,0
15117.0,4,1246.5900000000001,1815,51,311.64750000000004,453,24.44294117647059,7.084745762711864,0.17988344382590768,0.03333333333333333,52,-23.64500000000001,1.3324905952541195,-23.64500000000001,0.0,1,0
15119.0,1,266.4,88,14,266.4,65,19.02857142857143,0.0,0.0,0.07142857142857142,14,0.0,10.382079869543599,0.0,0.0,1,0
15121.0,1,295.15,125,18,295.15,108,16.397222222222222,0.0,0.0,0.05555555555555555,18,0.0,2.0155928108338172,0.0,0.0,1,1
15122.0,14,3750.15,1705,139,267.86785714285713,438,26.9794964028777,2.1269035532994924,0.16008994658770362,0.03535353535353535,142,-89.45114285714287,2.842523552251745,1.4466666666666612,0.2857142857142857,1,0
15123.0,4,3526.33,1838,113,881.5825,453,31.20646017699115,3.302325581395349,0.12499875655421452,0.023076923076923078,115,90.94300000000001,3.008096448865428,90.94300000000001,0.0,1,0
15124.0,3,357.38,318,25,119.12666666666667,471,14.2952,19.125,0.28225432840371156,0.04,25,-21.64,4.006070685014598,-21.64,0.0,1,0
15125.0,20,12220.31,6046,128,611.0155,437,95.471171875,2.0445544554455446,0.1248409169748373,0.019704433497536946,145,332.4070000000001,6.634032564372983,103.17266666666667,0.35,1,0
15126.0,2,449.49,273,25,224.745,506,17.9796,6.25,0.19766832477836174,0.04,25,64.59,3.3155071507488363,64.59,0.0,1,1
15127.0,1,304.97,213,12,304.97,339,25.41416666666667,0.0,0.0,0.08333333333333333,12,0.0,11.1709365875214,0.0,0.0,1,1
15128.0,4,765.4300000000001,592,48,191.35750000000002,249,15.946458333333334,4.089285714285714,0.14037553910966627,0.05263157894736842,48,140.07,2.8465484639989422,140.07,0.5,1,0
15129.0,16,4533.16,3067,68,283.3225,429,66.66411764705882,2.425925925925926,0.21860032845373709,0.05521472392638037,68,-256.012,2.3511036340650886,-12.941363636363638,0.0,1,0
15131.0,1,80.28,88,7,80.28,214,11.468571428571428,0.0,0.0,0.14285714285714285,7,0.0,2.7352087062355346,0.0,0.0,1,1
15132.0,2,489.87,377,24,244.935,82,20.41125,2.5833333333333335,0.18917623410249862,0.08,24,-137.67,1.7972347277600293,-137.67,0.0,1,0
15133.0,4,1482.38,592,34,370.595,340,43.599411764705884,7.277777777777778,0.26012607599391785,0.05405405405405406,34,69.56,1.9207486106269154,-55.473999999999975,0.0,1,0
15134.0,4,447.75,333,20,111.9375,242,22.3875,8.32,0.2767016938404446,0.11538461538461539,20,31.150000000000006,1.4502413592226642,12.244999999999997,0.0,1,0
15135.0,3,293.78,82,17,97.92666666666666,375,17.281176470588235,16.1,0.22413000123351723,0.09523809523809523,17,-39.47999999999999,3.286909099529743,-39.47999999999999,0.3333333333333333,1,0
15137.0,5,747.55,507,39,149.51,550,19.16794871794872,5.333333333333333,0.20312101481501407,0.05,39,235.74,2.4001367348869618,98.667,0.6,1,1
15138.0,2,486.59000000000003,278,31,243.29500000000002,213,15.696451612903227,0.25,0.10355339059327377,0.06060606060606061,31,0.0,6.9091886830202975,0.0,0.5,1,1
15139.0,2,178.96,208,13,89.48,156,13.766153846153847,8.0,0.2786212560219248,0.07692307692307693,13,-65.24000000000001,1.1737448287753702,-65.24000000000001,0.0,1,0
15140.0,5,2012.6399999999999,1334,67,402.52799999999996,261,30.039402985074624,3.507042253521127,0.15457720960127397,0.027777777777777776,67,-106.19500000000005,1.6916930373300179,-190.70100000000002,0.2,1,0
15141.0,9,1378.31,1184,44,153.14555555555555,440,31.325227272727272,1.9390243902439024,0.22859819723313393,0.060240963855421686,44,54.53999999999999,1.5075852390535163,-51.944857142857146,0.2222222222222222,1,1
15142.0,6,2110.23,1789,97,351.705,320,21.754948453608247,0.7758620689655172,0.14874400455669712,0.017094017094017096,102,-433.9899999999999,2.1621438477291273,34.831,0.16666666666666666,1,1
15143.0,2,563.63,320,27,281.815,251,20.875185185185185,6.866666666666666,0.17784554426487786,0.06451612903225806,29,-44.73000000000002,2.940489060339877,-44.73000000000002,0.0,1,0
15144.0,21,7121.09,2953,121,339.0995238095238,546,58.851983471074384,2.6898395721925135,0.21808946334479895,0.026595744680851064,136,58.06000000000001,2.509737459178977,13.726048951048954,0.19047619047619047,1,0
15145.0,2,724.03,438,35,362.015,67,20.686571428571426,0.525,0.12151676410651562,0.04878048780487805,35,0.0,4.1951966871533495,0.0,0.0,1,0
15146.0,2,820.72,900,63,410.36,110,13.027301587301588,0.030303030303030304,0.024316678001333376,0.029850746268656716,63,0.0,1.321754980301248,0.0,0.5,1,1
15147.0,2,608.65,363,28,304.325,59,21.7375,0.75,0.1509471338947569,0.06896551724137931,28,0.0,3.384114221482397,-638.35,0.5,1,0
15149.0,3,1003.8100000000001,251,43,334.60333333333335,469,23.344418604651164,1.6363636363636365,0.13803840567034303,0.044444444444444446,43,356.15000000000003,16.12713527636642,356.15000000000003,0.0,1,1
15150.0,5,5004.68,3479,318,1000.936,363,15.737987421383648,1.0923076923076922,0.08253176597540458,0.006134969325153374,318,-478.302,3.2570098843115396,-478.302,0.0,1,0
15151.0,2,2085.61,795,56,1042.805,329,37.24303571428572,1.5357142857142858,0.12293352487631407,0.03508771929824561,56,146.90999999999997,54.23442215677418,146.90999999999997,0.0,1,1
15152.0,2,1274.24,719,70,637.12,520,18.20342857142857,7.23943661971831,0.11676401967560181,0.027777777777777776,72,237.96000000000004,3.0617107203671723,237.96000000000004,0.0,1,0
15154.0,2,1089.44,244,101,544.72,297,10.786534653465347,0.0,0.0,0.0196078431372549,101,0.0,3.037584537324666,0.0,0.0,1,1
15155.0,1,383.96999999999997,192,24,383.96999999999997,202,15.99875,0.0,0.0,0.041666666666666664,24,0.0,3.298548401641397,0.0,0.0,1,1
15157.0,4,1773.26,2080,81,443.315,548,21.8920987654321,4.524390243902439,0.15080931528589606,0.024096385542168676,81,303.51,1.7397304062902026,303.51,0.25,1,1
15158.0,2,36.25999999999999,12,4,18.129999999999995,220,9.064999999999998,0.0,0.0,0.3333333333333333,5,0.0,83.04707253519938,0.0,0.5,1,1
15159.0,20,9124.89,4667,203,456.24449999999996,251,44.95019704433497,0.8485915492957746,0.14579031376759297,0.014035087719298246,203,-1510.9499999999998,10.574805779751525,-209.86964285714288,0.1,1,0
15160.0,4,589.27,307,17,147.3175,240,34.66294117647059,2.8181818181818183,0.3345621989903696,0.13043478260869565,17,0.0,2.0681709855078334,28.424999999999994,0.0,1,1
15161.0,1,119.92,144,33,119.92,207,3.633939393939394,0.0,0.0,0.030303030303030304,33,0.0,1.6281061804589052,0.0,0.0,1,1
15162.0,2,241.5,66,12,120.75,550,20.125,0.13333333333333333,0.08792767645557778,0.125,12,0.0,2.840422503783548,0.0,0.5,1,1
15163.0,1,155.0,48,10,155.0,11,15.5,0.0,0.0,0.1,10,0.0,1.8670312144031112,0.0,0.0,1,0
15164.0,9,1549.8600000000001,701,223,172.20666666666668,509,6.950044843049328,1.5537459283387622,0.12858471182612263,0.01948051948051948,225,-8.712571428571428,2.2528935223162163,0.4559523809523811,0.1111111111111111,1,0
15165.0,1,487.75,160,27,487.75,192,18.064814814814813,0.0,0.0,0.037037037037037035,27,0.0,4.003906568124163,0.0,0.0,1,1
15166.0,1,167.16,140,12,167.16,287,13.93,0.0,0.0,0.08333333333333333,12,0.0,3.449015669855545,0.0,0.0,1,1
15167.0,5,1627.62,863,262,325.524,492,6.2122900763358775,1.1584158415841583,0.07653689928319236,0.01644736842105263,265,-113.01999999999998,3.3081343887798584,-113.01999999999998,0.0,1,1
15169.0,2,569.22,356,58,284.61,546,9.814137931034484,5.931034482758621,0.12846241937543862,0.03389830508474576,58,-143.12,1.8562698971417069,-143.12,0.0,1,1
15170.0,1,81.15,33,4,81.15,226,20.2875,0.0,0.0,0.25,4,0.0,1.9872510326243806,0.0,0.0,1,1
15171.0,2,1034.5,190,5,517.25,150,206.9,1.0,0.28989794855663564,0.2857142857142857,5,0.0,1.8318608805567869,0.0,0.5,1,1
15172.0,2,526.2,480,38,263.1,56,13.847368421052632,1.054054054054054,0.14221756043898143,0.02631578947368421,38,0.0,2.206176655178571,-166.59999999999997,0.0,1,0
15173.0,8,1399.26,828,68,174.9075,437,20.57735294117647,2.6666666666666665,0.18337603196229102,0.056818181818181816,74,-581.72,2.4220567974541893,-23.541000000000004,0.125,1,1
15174.0,2,481.46,382,34,240.73,230,14.160588235294117,2.6363636363636362,0.16329535269754206,0.029411764705882353,34,-209.95999999999998,2.191436114968745,-209.95999999999998,0.0,1,1
15176.0,2,985.09,447,52,492.545,487,18.94403846153846,1.3653846153846154,0.12588914056781822,0.03773584905660377,52,-990.99,7.612210943127532,-990.99,0.5,1,1
15177.0,1,948.93,485,26,948.93,245,36.49730769230769,0.0,0.0,0.038461538461538464,26,0.0,3.685567277075017,0.0,0.0,1,1
15178.0,1,40.5,30,3,40.5,79,13.5,0.0,0.0,0.3333333333333333,3,0.0,0.5567764362830022,0.0,0.0,1,0
15179.0,14,6679.24,4720,194,477.0885714285714,556,34.42907216494845,1.8205128205128205,0.17010606407355205,0.01824817518248175,206,-86.78678571428571,3.606322385306224,-9.169790209790213,0.21428571428571427,1,0
15180.0,3,816.9300000000001,654,46,272.31,408,17.75934782608696,4.333333333333333,0.1678764671882166,0.057692307692307696,48,-88.75,1.6610703971395653,-182.67000000000002,0.0,1,1
15181.0,5,568.17,143,7,113.63399999999999,550,81.16714285714285,65.71428571428571,0.5716268930401481,0.25,7,187.44,2.3541194896242144,77.16900000000001,0.4,1,0
15182.0,13,2690.38,1063,74,206.9523076923077,498,36.35648648648649,3.6339285714285716,0.20902660520681557,0.035398230088495575,76,-39.61500000000001,2.717943984086521,25.48785714285715,0.23076923076923078,1,0
15183.0,4,637.03,295,33,159.2575,404,19.303939393939395,0.9473684210526315,0.18948716184820386,0.07692307692307693,33,0.0,3.0161035628363937,-221.89,0.25,1,1
15184.0,3,518.42,336,34,172.80666666666664,543,15.247647058823528,12.975609756097562,0.21241842373743486,0.07142857142857142,33,56.02000000000001,3.5088964086972765,56.02000000000001,0.0,1,0
15186.0,3,991.7900000000001,501,22,330.5966666666667,516,45.08136363636364,6.9375,0.24432722094144993,0.09090909090909091,22,154.765,2.810189960418399,154.765,0.0,1,1
15187.0,1,431.6,172,9,431.6,31,47.955555555555556,0.0,0.0,0.1111111111111111,9,0.0,3.2882366094914763,0.0,0.0,1,0
15188.0,1,310.43,233,23,310.43,544,13.496956521739131,0.0,0.0,0.043478260869565216,22,0.0,2.8493553809513688,0.0,0.0,1,1
15189.0,32,6427.93,2556,55,200.8728125,328,116.87145454545455,2.3692307692307693,0.2693841983431179,0.11450381679389313,56,913.183,3.188405932421431,97.95169696969695,0.3125,1,0
15190.0,1,834.4399999999999,790,40,834.4399999999999,253,20.860999999999997,0.0,0.0,0.025,40,0.0,3.864969225671094,0.0,0.0,1,1
15191.0,3,588.05,287,33,196.01666666666665,508,17.819696969696967,6.617647058823529,0.16716641048485917,0.05714285714285714,33,-97.44999999999999,2.544583140977032,-97.44999999999999,0.0,1,1
15192.0,4,1360.06,1167,56,340.015,499,24.286785714285713,6.177215189873418,0.1846228799495509,0.0375,59,33.94199999999999,2.515471238912794,33.94199999999999,0.0,1,0
15194.0,31,7839.43,5736,207,252.88483870967744,556,37.871642512077294,1.504225352112676,0.1630340999213066,0.028089887640449437,213,104.02785714285713,3.1424180151531687,-14.729824175824175,0.2903225806451613,1,0
15196.0,2,313.7,130,34,156.85,546,9.226470588235294,7.146341463414634,0.15283378338121087,0.07142857142857142,34,14.300000000000011,1.0778010262867672,14.300000000000011,0.0,1,1
15197.0,7,1135.25,775,35,162.17857142857142,547,32.43571428571428,10.772727272727273,0.23208650616982393,0.08888888888888889,35,-63.77600000000001,7.540046807453244,-48.659142857142854,0.2857142857142857,1,0
15198.0,4,365.81,205,20,91.4525,509,18.2905,13.380952380952381,0.27721085282385,0.09090909090909091,20,38.85,4.148197543167738,38.85,0.25,1,1
15199.0,8,2510.85,725,17,313.85625,395,147.6970588235294,7.813953488372093,0.3878590640413025,0.13636363636363635,17,-89.37500000000003,1.9631286782042996,2.1494047619047505,0.0,1,0
15200.0,1,549.05,195,30,549.05,314,18.301666666666666,0.0,0.0,0.03333333333333333,30,0.0,2.4350505671069373,0.0,0.0,1,1
15201.0,7,1188.55,1094,36,169.79285714285714,430,33.015277777777776,5.243589743589744,0.17555145637710176,0.0759493670886076,40,148.715,1.599366608238867,0.20300000000000296,0.42857142857142855,1,0
15203.0,11,3265.28,3102,126,296.8436363636364,550,25.914920634920637,2.0625,0.16260760212358844,0.03501945525291829,140,-10.483928571428578,1.174943265353528,4.759636363636362,0.0,1,0
15204.0,1,316.58,258,9,316.58,176,35.175555555555555,0.0,0.0,0.1111111111111111,9,0.0,2.6600193190610057,0.0,0.0,1,1
15206.0,1,17.700000000000003,6,1,17.700000000000003,95,17.700000000000003,0.0,0.0,1.0,1,0.0,0.0,0.0,0.0,1,1
15207.0,5,657.27,399,19,131.454,366,34.59315789473684,5.44,0.2164446321088818,0.07692307692307693,20,-146.23,0.5930344392645727,-146.23,0.4,1,1
15208.0,2,165.8,60,8,82.9,243,20.725,8.75,0.339822488533737,0.2222222222222222,8,0.0,2.013772027260727,-35.0,0.0,1,1
15209.0,1,178.98000000000002,94,13,178.98000000000002,549,13.76769230769231,0.0,0.0,0.07692307692307693,13,0.0,3.0218221281801108,0.0,0.0,1,1
15210.0,3,1176.19,841,66,392.06333333333333,394,17.821060606060605,5.287878787878788,0.1685272375556452,0.029850746268656716,66,14.629999999999995,7.823307411267856,14.629999999999995,0.0,1,0
15211.0,1,383.07,117,23,383.07,184,16.655217391304348,0.0,0.0,0.043478260869565216,23,0.0,3.980044391672509,0.0,0.0,1,1
15212.0,3,195.42999999999998,81,7,65.14333333333333,196,27.918571428571425,12.363636363636363,0.2966680336061115,0.25,7,-17.53,3.732697050756634,-17.53,0.3333333333333333,1,0
15213.0,3,325.05,270,22,108.35000000000001,149,14.775,0.4583333333333333,0.14122702652643004,0.08,22,0.0,0.7098960017730297,0.0,0.3333333333333333,1,1
15214.0,2,651.63,556,46,325.815,62,14.165869565217392,1.288888888888889,0.13361720751851547,0.021739130434782608,46,0.0,2.75149870448324,-378.2300000000001,0.0,1,0
15215.0,7,839.67,255,59,119.95285714285714,432,14.231694915254236,2.889830508474576,0.17140312109606404,0.04201680672268908,67,-272.085,3.3087085525925595,-101.01971428571427,0.42857142857142855,1,0
15216.0,1,389.49,189,22,389.49,438,17.704090909090908,0.0,0.0,0.045454545454545456,22,0.0,3.7595882902991007,0.0,0.0,1,1
15217.0,1,426.24,190,28,426.24,382,15.222857142857142,0.0,0.0,0.03571428571428571,28,0.0,2.4942043932997056,0.0,0.0,1,1
15218.0,17,7393.63,4123,113,434.9194117647059,502,65.43035398230089,1.5335570469798658,0.1657475347159414,0.04013377926421405,122,-183.05914285714283,2.450624000528083,-15.02663636363636,0.17647058823529413,1,0
15219.0,1,379.7,226,17,379.7,468,22.33529411764706,0.0,0.0,0.058823529411764705,17,0.0,2.545684930368619,0.0,0.0,1,1
15220.0,4,838.15,767,53,209.5375,100,15.814150943396227,1.3157894736842106,0.1806780321079871,0.05172413793103448,53,205.92999999999995,2.0285891392657027,15.14499999999998,0.25,1,0
15221.0,7,1702.0,214,21,243.14285714285714,457,81.04761904761905,7.052631578947368,0.22714183338606292,0.1282051282051282,21,347.975,6.235297146032835,-8.189999999999987,0.42857142857142855,1,1
15222.0,17,3415.66,4141,98,200.92117647058822,542,34.85367346938775,2.5384615384615383,0.15747376463792978,0.050955414012738856,99,-35.492,0.8299565472511222,3.3323809523809547,0.35294117647058826,1,1
15223.0,6,1117.1,270,26,186.1833333333333,554,42.965384615384615,11.266666666666667,0.20139357901137067,0.06521739130434782,26,69.33000000000001,3.187044403359562,69.33000000000001,0.16666666666666666,1,0
15224.0,8,837.26,423,24,104.6575,512,34.88583333333333,8.538461538461538,0.26886880209682673,0.175,25,-28.10999999999998,2.7900913963524565,57.052,0.375,1,1
15225.0,1,409.40000000000003,226,23,409.40000000000003,53,17.8,0.0,0.0,0.043478260869565216,23,0.0,2.7883686987197374,0.0,0.0,1,0
15226.0,1,154.41,71,8,154.41,130,19.30125,0.0,0.0,0.125,8,0.0,3.8086958772937343,0.0,0.0,1,1
15227.0,7,2145.91,1056,79,306.5585714285714,453,27.163417721518986,3.9903846153846154,0.22084890711839905,0.05714285714285714,81,18.482571428571433,4.0383716684575655,-6.818571428571436,0.0,1,0
15228.0,3,3098.41,1871,119,1032.8033333333333,319,26.03705882352941,1.457142857142857,0.10633126712804039,0.02127659574468085,119,-27.779999999999973,2.7537142366746115,-27.779999999999973,0.0,1,1
15229.0,1,160.5,114,9,160.5,405,17.833333333333332,0.0,0.0,0.1111111111111111,9,0.0,0.6516538788174117,0.0,0.0,1,1
15230.0,2,429.6,351,23,214.8,60,18.678260869565218,0.045454545454545456,0.03746663255449474,0.043478260869565216,23,0.0,1.4413839693279418,0.0,0.0,1,0
15231.0,2,228.35999999999999,182,14,114.17999999999999,440,16.31142857142857,1.5625,0.21551724137931033,0.11764705882352941,14,-272.15999999999997,1.152188454765156,-272.15999999999997,0.5,1,1
15233.0,1,59.400000000000006,12,1,59.400000000000006,220,59.400000000000006,0.0,0.0,1.0,1,0.0,0.0,0.0,0.0,1,1
15234.0,1,197.0,196,14,197.0,96,14.071428571428571,0.0,0.0,0.07142857142857142,14,0.0,1.2023530044262156,0.0,0.0,1,1
15235.0,16,2772.76,1676,161,173.2975,208,17.22211180124224,0.9322033898305084,0.17439642330570257,0.016853932584269662,159,-216.66,2.785782961268493,-45.45771428571428,0.0,1,0
15236.0,1,321.05,269,15,321.05,118,21.403333333333332,0.0,0.0,0.06666666666666667,15,0.0,1.4536204390941885,0.0,0.0,1,1
15237.0,2,1093.65,798,74,546.825,46,14.779054054054056,0.30666666666666664,0.08388471030894801,0.02631578947368421,74,0.0,2.914887340966425,-784.19,0.0,1,0
15238.0,1,300.14,222,14,300.14,3,21.43857142857143,0.0,0.0,0.07142857142857142,14,0.0,2.0924790754792943,0.0,0.0,1,0
15240.0,17,3666.32,2542,108,215.6658823529412,553,33.94740740740741,2.6176470588235294,0.2115200786395628,0.03414634146341464,112,46.21857142857143,3.0686095471476222,2.227902097902098,0.4117647058823529,1,0
15241.0,8,2326.23,2482,100,290.77875,473,23.2623,3.265734265734266,0.16099473103564718,0.034722222222222224,106,54.364000000000004,1.7761858911527448,-29.686571428571423,0.125,1,0
15242.0,1,302.04,196,4,302.04,241,75.51,0.0,0.0,0.25,4,0.0,1.387575823754027,0.0,0.0,1,1
15243.0,1,610.6,358,39,610.6,254,15.656410256410258,0.0,0.0,0.02564102564102564,39,0.0,3.1892878648720693,0.0,0.0,1,1
15244.0,3,516.5500000000001,305,28,172.18333333333337,485,18.44821428571429,13.9,0.18242757571204224,0.06451612903225806,29,79.32999999999998,10.393680410380066,79.32999999999998,0.3333333333333333,1,0
15245.0,7,3832.72,2471,72,547.5314285714286,414,53.23222222222222,3.292682926829268,0.18122302254621636,0.04838709677419355,77,15.31600000000001,1.4230159970747915,57.78857142857144,0.0,1,0
15246.0,3,780.4,359,45,260.1333333333333,375,17.342222222222222,6.32,0.19033652125814085,0.0392156862745098,45,30.950000000000017,2.1111431714111855,30.950000000000017,0.0,1,0
15247.0,3,611.11,353,10,203.70333333333335,356,61.111000000000004,6.545454545454546,0.3476265098377898,0.16666666666666666,10,-12.009999999999991,2.829474198932417,-160.255,0.3333333333333333,1,1
15248.0,4,1865.03,1057,103,466.2575,353,18.107087378640777,1.1,0.12526535507132572,0.018018018018018018,103,-495.22999999999996,2.554560217211155,-495.22999999999996,0.25,1,1
15249.0,12,5322.71,2822,214,443.55916666666667,442,24.87247663551402,1.3973509933774835,0.11033594623381865,0.019801980198019802,220,171.2208571428571,3.602904772637028,69.0325,0.16666666666666666,1,0
15250.0,1,60.0,48,3,60.0,460,20.0,0.0,0.0,0.3333333333333333,3,0.0,0.0,0.0,0.0,1,1
15251.0,18,13837.58,8518,137,768.7544444444444,499,101.00423357664233,2.754385964912281,0.17103852667009975,0.023255813953488372,138,-392.99800000000005,4.013294818714118,-15.601181818181825,0.3333333333333333,1,0
15252.0,6,1612.83,992,82,268.805,431,19.668658536585365,4.7444444444444445,0.15546155191559502,0.02197802197802198,82,-334.46000000000004,2.721760612228936,-87.429,0.3333333333333333,1,0
15253.0,6,1117.99,713,58,186.33166666666668,406,19.275689655172414,2.8615384615384616,0.19134136781934305,0.045454545454545456,58,-95.77999999999999,2.811231955014581,-109.07099999999998,0.5,1,1
15254.0,3,773.04,435,47,257.68,557,16.447659574468084,3.8979591836734695,0.1480812219680606,0.04,47,802.94,3.9269990827498757,176.29999999999998,0.3333333333333333,1,1
15255.0,10,2756.52,1706,101,275.652,556,27.29227722772277,2.3402777777777777,0.1304254617689105,0.027586206896551724,101,423.02199999999993,3.1231031530510958,130.4017142857143,0.2,1,1
15256.0,1,71.95,37,4,71.95,381,17.9875,0.0,0.0,0.25,4,0.0,0.8650626181573988,0.0,0.0,1,1
15257.0,3,600.9,70,11,200.29999999999998,233,54.627272727272725,11.0,0.28586507790531646,0.23076923076923078,12,-136.60000000000002,57.59082264184202,-136.60000000000002,0.3333333333333333,1,1
15258.0,1,315.66,78,16,315.66,36,19.72875,0.0,0.0,0.0625,16,0.0,4.301794199323503,0.0,0.0,1,0
15259.0,4,1182.3799999999999,631,50,295.59499999999997,502,23.647599999999997,3.017857142857143,0.17913946202014283,0.05263157894736842,51,72.465,38.83362707731471,72.465,0.0,1,1
15260.0,27,8167.59,4192,177,302.50333333333333,553,46.144576271186445,1.4806629834254144,0.14154309583637206,0.030303030303030304,189,206.15171428571423,3.0793188235136517,8.05923076923076,0.14814814814814814,1,0
15261.0,3,1253.18,536,70,417.7266666666667,254,17.90257142857143,0.7083333333333334,0.12852763475540066,0.0410958904109589,70,0.0,3.6476873837569306,-953.1800000000001,0.0,1,1
15262.0,3,418.82,218,22,139.60666666666665,307,19.037272727272725,6.52,0.2635769384444732,0.11538461538461539,22,25.940000000000012,2.6177707780005965,25.940000000000012,0.0,1,1
15264.0,2,450.46000000000004,176,32,225.23000000000002,349,14.076875000000001,1.5151515151515151,0.15613868661906957,0.058823529411764705,32,-458.86,2.6715933044372084,-458.86,0.5,1,1
15265.0,3,2551.76,1198,146,850.5866666666667,557,17.477808219178083,3.3026315789473686,0.10085185683511519,0.0196078431372549,147,209.05,3.0012496365355807,209.05,0.0,1,0
15266.0,5,852.21,236,38,170.442,521,22.426578947368423,8.204545454545455,0.20042494304111572,0.06666666666666667,39,-86.44999999999999,3.3634226044554096,-57.371,0.0,1,1
15267.0,1,1035.76,488,5,1035.76,2,207.152,0.0,0.0,0.2,5,0.0,1.2014241549094973,0.0,0.0,1,0
15268.0,4,941.2500000000001,422,21,235.31250000000003,425,44.82142857142858,4.8076923076923075,0.21385399237280842,0.07407407407407407,21,-112.64999999999998,3.102154384192028,-112.64999999999998,0.25,1,1
15269.0,2,816.56,346,32,408.28,209,25.5175,0.3125,0.11290690484799541,0.06060606060606061,32,0.0,2.9416943298553355,0.0,0.0,1,1
15270.0,27,6215.34,2848,65,230.1977777777778,541,95.62061538461539,2.657303370786517,0.19677192848058603,0.0782122905027933,66,-95.05607142857141,21.16229219531202,4.691454545454548,0.3333333333333333,1,0
15271.0,15,2721.81,1486,274,181.454,310,9.93361313868613,0.7588075880758808,0.10825574362537373,0.01891891891891892,276,-289.561,3.10245219768286,-68.98988095238096,0.06666666666666667,1,0
15272.0,4,1309.01,355,209,327.2525,482,6.263205741626794,0.954954954954955,0.10212570562171491,0.008968609865470852,210,-22.32499999999999,9.084671911397173,-83.94699999999999,0.0,1,1
15273.0,1,228.96,216,1,228.96,419,228.96,0.0,0.0,1.0,1,0.0,0.0,0.0,0.0,1,1
15276.0,4,472.67,252,115,118.1675,254,4.110173913043479,0.30303030303030304,0.06761725120201516,0.022556390977443608,115,0.0,2.495002060397001,-284.23,0.25,1,1
15277.0,1,220.44,168,14,220.44,244,15.745714285714286,0.0,0.0,0.07142857142857142,14,0.0,1.7894282038414666,0.0,0.0,1,1
15278.0,4,496.15999999999997,458,29,124.03999999999999,484,17.10896551724138,3.6785714285714284,0.17974790162342366,0.034482758620689655,29,-19.279999999999973,1.3371235025545487,-19.279999999999973,0.0,1,1
15279.0,7,1554.84,738,74,222.11999999999998,495,21.01135135135135,3.3229166666666665,0.17292489579174158,0.041237113402061855,74,-33.82499999999999,3.5315110500169404,-14.237000000000007,0.2857142857142857,1,1
15280.0,2,284.4,353,39,142.2,390,7.292307692307692,1.9069767441860466,0.141206464139565,0.06818181818181818,39,18.599999999999994,3.39352280678488,18.599999999999994,0.0,1,1
15281.0,19,7912.88,4975,415,416.46736842105264,247,19.067180722891568,0.4498069498069498,0.10261672059616408,0.009633911368015413,416,-2596.365,4.043213579459936,-449.90071428571434,0.3157894736842105,1,0
15282.0,1,348.59,395,27,348.59,389,12.91074074074074,0.0,0.0,0.037037037037037035,27,0.0,1.2512354009098483,0.0,0.0,1,1
15283.0,4,135.43,25,9,33.8575,337,15.047777777777778,14.0,0.4308744636770048,0.2,9,-67.63,3.9901836493519385,-26.39,0.25,1,1
15284.0,1,24.75,5,1,24.75,319,24.75,0.0,0.0,1.0,1,0.0,0.0,0.0,0.0,1,1
15285.0,1,94.92,120,6,94.92,227,15.82,0.0,0.0,0.16666666666666666,6,0.0,0.5710954386089947,0.0,0.0,1,1
15287.0,3,369.34000000000003,577,13,123.11333333333334,557,28.410769230769233,23.8,0.30029898470008454,0.1875,14,63.94999999999999,1.5156335309038267,63.94999999999999,0.0,1,1
15288.0,8,3024.01,1131,113,378.00125,484,26.761150442477877,3.492424242424242,0.183748258587671,0.022556390977443608,113,72.002,2.7707542302284773,49.001071428571436,0.0,1,0
15289.0,4,1011.0600000000001,946,45,252.76500000000001,441,22.468,6.396551724137931,0.19936605531250073,0.05084745762711865,45,-42.38999999999999,1.0484453158664793,-42.38999999999999,0.25,1,0
15290.0,19,4537.73,3161,62,238.82789473684207,473,73.1891935483871,2.642857142857143,0.25021239083723107,0.05325443786982249,66,107.7042857142857,2.5950665923024174,11.392813186813187,0.15789473684210525,1,0
15291.0,46,11398.85,3436,112,247.80108695652174,556,101.77544642857143,2.2948717948717947,0.2448004544777173,0.06382978723404255,121,-98.96071428571429,3.654860888986009,-34.797464285714284,0.2608695652173913,1,0
15292.0,1,178.39,55,24,178.39,20,7.432916666666666,0.0,0.0,0.041666666666666664,23,0.0,4.178551318721406,0.0,0.0,1,0
15293.0,1,247.5,178,19,247.5,485,13.026315789473685,0.0,0.0,0.05263157894736842,19,0.0,0.6733111860175609,0.0,0.0,1,1
15294.0,2,222.3,95,15,111.15,230,14.82,0.625,0.17857142857142858,0.11764705882352941,15,0.0,2.684634244997215,-244.39999999999998,0.5,1,1
15295.0,1,207.04,139,50,207.04,473,4.1408,0.0,0.0,0.038461538461538464,50,0.0,1.6029010629156837,0.0,0.0,1,1
15296.0,13,8671.41,4808,325,667.0315384615385,506,26.681261538461538,1.0921052631578947,0.10382675731382308,0.010940919037199124,350,-150.34714285714284,2.75734266278631,-77.53133333333335,0.3076923076923077,1,0
15298.0,20,5961.53,4181,167,298.0765,550,35.69778443113772,1.6163141993957704,0.17472401935753462,0.030120481927710843,178,11.09821428571429,1.9519325619368886,7.738395604395605,0.2,1,0
15299.0,8,4078.52,2980,6,509.815,516,679.7533333333333,56.875,0.6215893909954011,0.2222222222222222,6,-436.56000000000006,2.3282492230095224,-62.70400000000001,0.125,1,0
15301.0,11,4635.63,2541,181,421.4209090909091,269,25.61121546961326,1.1365638766519823,0.12834324997253815,0.017543859649122806,181,95.90099999999998,2.790023765951839,-23.963214285714283,0.0,1,0
15302.0,2,291.05,101,15,145.525,549,19.403333333333332,0.5333333333333333,0.17397406007792474,0.125,15,0.0,5.024563621184762,0.0,0.5,1,1
15303.0,4,1178.78,510,63,294.695,503,18.71079365079365,5.6,0.15877618164877705,0.04225352112676056,63,135.91,4.188760922804077,120.88199999999999,0.25,1,1
15304.0,7,478.65,55,5,68.37857142857142,241,95.72999999999999,15.461538461538462,0.5665227473089498,0.42857142857142855,5,-61.574999999999996,4.384488141589194,-17.415000000000003,0.14285714285714285,1,0
15305.0,1,93.6,40,5,93.6,374,18.72,0.0,0.0,0.2,5,0.0,2.7508180601413827,0.0,0.0,1,1
15306.0,7,2306.63,2263,80,329.5185714285714,478,28.832875,1.5,0.1593364327485771,0.0380952380952381,81,71.40500000000003,2.52215933126908,150.29500000000002,0.14285714285714285,1,1
15308.0,2,302.27,173,19,151.135,93,15.908947368421051,0.15,0.08977625638638083,0.09523809523809523,19,0.0,3.5491407410808606,0.0,0.5,1,0
15309.0,10,715.53,417,49,71.553,554,14.602653061224489,2.0166666666666666,0.18002449394309625,0.11475409836065574,49,-44.325,2.9532540448718443,-58.549,0.6,1,1
15310.0,1,1634.64,1476,45,1634.64,298,36.32533333333333,0.0,0.0,0.022222222222222223,45,0.0,1.1877899433380255,0.0,0.0,1,1
15311.0,211,85143.43,52472,704,403.5233649289099,558,120.9423721590909,0.13623018203170875,0.07189364139957159,0.009392427355444672,780,378.515357142857,2.4908608482379093,-71.9737894736842,0.23696682464454977,1,0
15312.0,12,2599.54,1513,111,216.62833333333333,543,23.41927927927928,3.458904109589041,0.18494654893763585,0.04081632653061224,112,-20.563428571428584,2.4418799291315674,2.8869999999999947,0.16666666666666666,1,0
15314.0,4,800.65,738,49,200.1625,247,16.339795918367347,4.54,0.15763635749361854,0.058823529411764705,49,-144.70999999999992,1.7655448750689833,-82.25499999999997,0.25,1,0
15316.0,1,165.0,100,1,165.0,146,165.0,0.0,0.0,1.0,1,0.0,0.0,0.0,0.0,1,1
15317.0,2,112.05000000000001,39,6,56.025000000000006,550,18.675,10.6,0.42910948279578526,0.16666666666666666,6,147.45,1.839202725820802,147.45,0.5,1,1
15319.0,1,204.5,175,16,204.5,103,12.78125,0.0,0.0,0.0625,16,0.0,3.88117658277315,0.0,0.0,1,1
15321.0,15,5069.39,2996,207,337.95933333333335,541,24.489806763285024,1.6307692307692307,0.12582033586913263,0.01532567049808429,212,42.57171428571428,2.406132842329499,63.50583333333333,0.3333333333333333,1,1
15322.0,1,711.18,555,41,711.18,295,17.345853658536583,0.0,0.0,0.024390243902439025,41,0.0,12.467383255675685,0.0,0.0,1,1
15323.0,4,320.9,139,30,80.225,481,10.696666666666665,3.5277777777777777,0.2675510319056327,0.05405405405405406,30,104.50000000000001,2.844140755419224,-60.39000000000001,0.25,1,1
15324.0,1,140.22000000000003,74,8,140.22000000000003,520,17.527500000000003,0.0,0.0,0.125,8,0.0,1.16688152783391,0.0,0.0,1,1
15325.0,8,1434.52,1143,141,179.315,480,10.173900709219858,1.4943181818181819,0.1382471779576926,0.022598870056497175,141,41.458000000000006,2.2763261696789585,70.90500000000002,0.125,1,1
15326.0,10,1529.82,1320,95,152.982,557,16.103368421052632,2.7655172413793103,0.11849846112483549,0.0410958904109589,95,-97.324,4.38380976371038,-28.77800000000001,0.5,1,1
15328.0,1,107.24,88,8,107.24,227,13.405,0.0,0.0,0.125,8,0.0,2.665520252086957,0.0,0.0,1,1
15329.0,16,1713.98,681,60,107.12375,545,28.566333333333333,3.1238938053097347,0.2198491764407377,0.07017543859649122,66,-6.827999999999992,3.7738942422783754,-21.231999999999996,0.5,1,1
15331.0,4,755.41,697,41,188.8525,428,18.42463414634146,2.4,0.14544291361854894,0.043478260869565216,41,49.22999999999996,1.7895295579138502,49.22999999999996,0.25,1,1
15332.0,6,4892.68,2306,113,815.4466666666667,332,43.29805309734513,0.9477124183006536,0.09148137652793527,0.025974025974025976,115,1480.2199999999998,1.6891383881096165,-22.585000000000036,0.0,0,1
15333.0,1,1028.56,344,16,1028.56,27,64.285,0.0,0.0,0.0625,16,0.0,0.9922289722303685,0.0,0.0,1,0
15336.0,1,240.5,84,15,240.5,221,16.033333333333335,0.0,0.0,0.06666666666666667,15,0.0,3.623741160734304,0.0,0.0,1,1
15337.0,2,344.72,192,21,172.36,230,16.415238095238095,0.34782608695652173,0.1303639634061655,0.08333333333333333,21,0.0,3.733453325258541,-401.32,0.5,1,1
15338.0,1,277.93,148,56,277.93,496,4.963035714285715,0.0,0.0,0.034482758620689655,56,0.0,2.1011456342687276,0.0,0.0,1,1
15339.0,9,1327.6,840,134,147.5111111111111,488,9.907462686567163,1.9333333333333333,0.12080212479385215,0.027624309392265192,135,17.103999999999992,2.8166844431533375,61.39199999999999,0.3333333333333333,1,1
15340.0,1,105.5,76,7,105.5,381,15.071428571428571,0.0,0.0,0.14285714285714285,7,0.0,0.7814059368185261,0.0,0.0,1,1
15341.0,2,380.5,194,8,190.25,380,47.5625,15.857142857142858,0.36916519993070396,0.125,8,383.9,0.38890872965260126,383.9,0.5,1,1
15346.0,4,591.65,257,36,147.9125,250,16.43472222222222,2.6216216216216215,0.1767181707877711,0.05263157894736842,36,-86.81,1.9717708535019405,-86.81,0.25,1,1
15347.0,6,1132.3,536,29,188.71666666666667,257,39.04482758620689,1.864864864864865,0.237986093614649,0.10526315789473684,30,20.600000000000023,2.399816627062938,-177.125,0.3333333333333333,1,1
15349.0,1,356.21,244,58,356.21,6,6.141551724137931,0.0,0.0,0.03389830508474576,58,0.0,2.7962970839394297,0.0,0.0,1,0
15350.0,2,547.6,272,26,273.8,202,21.06153846153846,0.3103448275862069,0.11617927677579235,0.06666666666666667,26,0.0,1.213123876704224,-316.30000000000007,0.0,1,1
15351.0,7,1745.09,725,103,249.29857142857142,252,16.9426213592233,0.40397350993377484,0.09655973690935908,0.039473684210526314,103,0.0,2.543222045409158,-1222.53,0.42857142857142855,1,1
15352.0,1,111.15,40,34,111.15,368,3.269117647058824,0.0,0.0,0.029411764705882353,34,0.0,3.0538034056961996,0.0,0.0,1,1
15353.0,8,2772.57,1389,274,346.57125,557,10.118868613138687,1.3333333333333333,0.09649712914588994,0.0110803324099723,280,63.108000000000004,2.7621517714335244,6.852500000000004,0.125,1,0
15356.0,8,1683.2,887,232,210.4,241,7.255172413793104,0.46403712296983757,0.08621014833327428,0.016203703703703703,233,-144.505,1.3821430497858478,11.272,0.0,1,0
15358.0,42,12240.32,11476,308,291.43619047619046,552,39.7412987012987,0.6081242532855436,0.1254754859539606,0.011933174224343675,330,174.8103571428571,3.0127322530710163,12.648995098039213,0.2619047619047619,1,0
15359.0,9,162.6,130,10,18.066666666666666,513,16.259999999999998,8.5,0.30804655038924866,0.17647058823529413,10,-200.1,0.2837576119735666,-50.175,0.1111111111111111,1,1
15361.0,4,689.07,373,10,172.2675,362,68.90700000000001,20.0,0.3628887662552822,0.1,10,114.36,24.631431681221187,114.36,0.0,1,1
15362.0,2,613.08,368,38,306.54,558,16.133684210526315,7.435897435897436,0.1567525693842308,0.05,38,-8.420000000000016,2.8602395452846703,-8.420000000000016,0.0,1,1
15363.0,3,670.16,382,32,223.38666666666666,312,20.9425,7.171428571428572,0.23446881163496727,0.05555555555555555,32,-180.03,2.272931328790385,-180.03,0.3333333333333333,1,0
15364.0,1,331.80000000000007,84,3,331.80000000000007,73,110.60000000000002,0.0,0.0,0.3333333333333333,3,0.0,1.5275252316519465,0.0,0.0,1,0
15365.0,7,2451.42,1132,87,350.20285714285717,492,28.177241379310345,3.0956521739130434,0.14330464808496335,0.034482758620689655,92,25.688,2.971927601013721,25.688,0.0,1,1
15366.0,6,1892.11,1887,68,315.35166666666663,471,27.82514705882353,2.871287128712871,0.192991408961172,0.0392156862745098,70,-7.328999999999996,1.908077866196055,-46.84314285714285,0.0,1,1
15367.0,11,4544.32,2629,191,413.11999999999995,548,23.79225130890052,2.084,0.13848226410596612,0.0199203187250996,199,2.294642857142865,2.3436854520195274,-52.805,0.18181818181818182,1,0
15368.0,1,275.8,176,4,275.8,213,68.95,0.0,0.0,0.25,4,0.0,3.451418790391376,0.0,0.0,1,1
15369.0,12,3346.43,1788,45,278.8691666666667,551,74.3651111111111,3.5918367346938775,0.20659707412120698,0.06060606060606061,47,-271.97600000000006,1.4071253725446633,-208.22821428571424,0.08333333333333333,1,1
15370.0,4,2480.9,1029,77,620.225,230,32.21948051948052,2.05,0.15224425753436824,0.0297029702970297,77,-489.61999999999995,3.328769293582989,-255.19000000000005,0.0,1,0
15371.0,1,59.400000000000006,12,1,59.400000000000006,481,59.400000000000006,0.0,0.0,1.0,1,0.0,0.0,0.0,0.0,1,1
15372.0,9,3947.02,3412,19,438.5577777777778,483,207.7378947368421,6.59375,0.22205662748298904,0.15151515151515152,19,-885.1399999999999,2.777516501601146,-407.89399999999995,0.2222222222222222,1,1
15373.0,12,1657.58,445,91,138.13166666666666,406,18.215164835164835,2.7279411764705883,0.225489583974974,0.058394160583941604,94,-26.766,4.163155188153889,-6.976999999999999,0.08333333333333333,1,0
15374.0,1,139.32,164,6,139.32,444,23.22,0.0,0.0,0.2857142857142857,6,0.0,0.5466216590067009,0.0,0.0,1,1
15375.0,1,60.959999999999994,84,6,60.959999999999994,509,10.159999999999998,0.0,0.0,0.16666666666666666,6,0.0,0.9203622475235862,0.0,0.0,1,1
15376.0,1,642.37,371,57,642.37,41,11.269649122807017,0.0,0.0,0.034482758620689655,57,0.0,3.452670358922283,0.0,0.0,1,0
15377.0,5,1179.95,249,15,235.99,235,78.66333333333334,1.4761904761904763,0.27335764987467803,0.18181818181818182,15,0.0,2.506463506089667,634.95,0.2,1,1
15378.0,2,246.5,130,8,123.25,321,30.8125,3.5454545454545454,0.2778799702667407,0.16666666666666666,8,0.0,0.20207259421636894,26.5,0.0,1,1
15379.0,8,4675.64,2950,175,584.455,220,26.71794285714286,0.8203125,0.11741945762205616,0.023346303501945526,177,-1073.725,2.560837018517297,-254.85942857142862,0.125,1,0
15380.0,8,1739.8400000000001,640,6,217.48000000000002,557,289.97333333333336,20.555555555555557,0.5376234614341214,0.42105263157894735,6,9.228000000000009,0.7188908773710038,-22.924571428571422,0.125,1,1
15381.0,6,1887.62,801,20,314.6033333333333,402,94.381,15.333333333333334,0.382119444002459,0.12,20,-225.86400000000003,9.193580858403324,-53.50100000000001,0.16666666666666666,1,0
15382.0,17,9833.01,6754,243,578.4123529411764,554,40.465061728395064,1.167381974248927,0.11174614274695611,0.014989293361884369,263,-46.42285714285715,2.1458390700460774,-28.740454545454547,0.4117647058823529,1,0
15384.0,4,1682.3,1416,77,420.575,412,21.848051948051946,2.357142857142857,0.10596333957690676,0.030303030303030304,78,1129.3,2.2023044938173144,10.210000000000008,0.25,1,1
15385.0,2,625.2,267,8,312.6,496,78.15,35.5,0.350066985811069,0.2222222222222222,8,9.599999999999966,0.956927955026454,9.599999999999966,0.0,1,1
15386.0,1,394.14,446,31,394.14,5,12.714193548387096,0.0,0.0,0.03225806451612903,31,0.0,1.3190010067903581,0.0,0.0,1,0
15387.0,1,468.65,335,20,468.65,311,23.432499999999997,0.0,0.0,0.05,20,0.0,2.337176659313991,0.0,0.0,1,1
15388.0,1,140.54,88,10,140.54,89,14.053999999999998,0.0,0.0,0.1,10,0.0,1.4344960400394589,0.0,0.0,0,0
15389.0,4,2233.8,3540,2,558.45,501,1116.9,70.0,0.877339956779096,0.6,2,-177.39999999999998,0.45460972272928785,-93.53999999999999,0.0,1,1
15390.0,2,1216.66,894,77,608.33,228,15.800779220779221,0.15789473684210525,0.06644018880412422,0.012987012987012988,77,0.0,1.329242392622905,-453.11999999999995,0.0,0,1
15391.0,2,282.92,108,12,141.46,403,23.576666666666668,1.0833333333333333,0.22793692832180493,0.15384615384615385,12,0.0,3.1284132129194875,0.0,0.5,1,1
15392.0,5,1695.27,1257,54,339.054,251,31.39388888888889,0.9113924050632911,0.1579663701666528,0.0375,57,0.0,3.758326991116114,-36.11500000000001,0.2,1,1
15393.0,4,783.58,322,35,195.895,543,22.388,11.307692307692308,0.2236502096839315,0.075,35,-7.032000000000001,3.079649903096296,-7.032000000000001,0.0,1,1
15394.0,11,4504.3,2004,119,409.4818181818182,543,37.85126050420168,2.6142131979695433,0.1473422988454785,0.030303030303030304,124,166.508,3.2987324301613308,30.876833333333334,0.18181818181818182,1,0
15395.0,1,107.45,17,7,107.45,145,15.35,0.0,0.0,0.14285714285714285,7,0.0,1.3736898520131133,0.0,0.0,1,1
15396.0,1,508.20000000000005,156,2,508.20000000000005,403,254.10000000000002,0.0,0.0,0.5,2,0.0,0.5656854249492379,0.0,0.0,1,1
15397.0,1,94.0,20,6,94.0,109,15.666666666666666,0.0,0.0,0.16666666666666666,6,0.0,1.1973582031567105,0.0,0.0,1,1
15400.0,5,1044.9,508,15,208.98000000000002,380,69.66000000000001,17.80952380952381,0.43626326901837925,0.13636363636363635,15,-10.36,3.6190460882316198,-10.36,0.0,1,0
15401.0,2,216.95000000000002,93,14,108.47500000000001,388,15.496428571428572,8.923076923076923,0.2689892821694072,0.07142857142857142,14,-55.45000000000002,4.145605378716594,-55.45000000000002,0.0,1,1
15402.0,6,1630.86,1769,72,271.81,411,22.65083333333333,3.330508474576271,0.15418429853796084,0.04201680672268908,72,-124.91,3.009823147557936,-39.317999999999984,0.16666666666666666,1,0
15403.0,2,170.88,492,6,85.44,550,28.48,34.0,0.3738089872192148,0.25,6,-20.639999999999986,0.18792095602748965,-20.639999999999986,0.0,1,1
15404.0,1,257.06,334,16,257.06,195,16.06625,0.0,0.0,0.0625,16,0.0,2.3454735662547974,0.0,0.0,1,1
15405.0,2,659.84,348,29,329.92,395,22.753103448275862,13.310344827586206,0.18314031031723818,0.06666666666666667,29,38.360000000000014,4.298147703157828,38.360000000000014,0.0,1,0
15406.0,3,717.45,423,101,239.15,272,7.103465346534654,1.3693693693693694,0.08876330332651562,0.026785714285714284,102,-212.86999999999998,2.3519874789954454,-212.86999999999998,0.0,1,1
15407.0,3,740.73,329,62,246.91,124,11.947258064516129,1.9836065573770492,0.15725540380195435,0.016129032258064516,62,410.73,24.564913321092053,122.935,0.0,1,0
15408.0,1,267.18,106,34,267.18,83,7.858235294117647,0.0,0.0,0.029411764705882353,34,0.0,4.929825133481137,0.0,0.0,1,0
15409.0,2,117.2,54,9,58.6,540,13.022222222222222,1.7272727272727273,0.25670170112163615,0.16666666666666666,9,-145.3,2.0963171168850994,-145.3,0.5,1,1
15410.0,6,3035.77,1267,71,505.96166666666664,419,42.75732394366197,3.910891089108911,0.12277721724528393,0.029411764705882353,75,91.70499999999993,2.879659876052592,26.40200000000001,0.0,1,0
15411.0,1,156.4,48,10,156.4,2,15.64,0.0,0.0,0.1,10,0.0,2.876803781977492,0.0,0.0,1,0
15413.0,5,6798.72,2694,20,1359.7440000000001,558,339.93600000000004,1.8333333333333333,0.2874269393513077,0.08,20,-2228.12,2.472849773035151,-2228.12,0.0,1,1
15414.0,1,36.2,12,5,36.2,61,7.24,0.0,0.0,0.2,5,0.0,2.963865718955567,0.0,0.0,1,0
15415.0,1,559.61,551,46,559.61,132,12.165434782608695,0.0,0.0,0.0425531914893617,46,0.0,1.6694834322687353,0.0,0.0,1,1
15416.0,5,2862.93,1638,123,572.586,496,23.275853658536583,3.063380281690141,0.12543587535292322,0.02097902097902098,124,270.625,3.3703600795600246,270.625,0.0,1,0
15418.0,2,449.42,264,64,224.71,406,7.0221875,2.4029850746268657,0.11625876719887784,0.029411764705882353,64,36.44,1.9202102195056516,36.44,0.0,1,1
15420.0,6,743.0,844,52,123.83333333333333,553,14.288461538461538,5.418181818181818,0.24409287553967002,0.03571428571428571,52,-18.312,1.4680658602834789,-20.270000000000003,0.0,1,1
15421.0,9,3594.34,1806,170,399.37111111111113,551,21.143176470588237,1.693069306930693,0.13498164285670022,0.019736842105263157,202,-25.153571428571425,2.4637614526777725,8.159523809523808,0.0,1,0
15422.0,8,1615.02,709,80,201.8775,490,20.18775,2.8583333333333334,0.1698181700418541,0.03305785123966942,91,-41.51400000000001,2.9251879339686564,-41.51400000000001,0.125,1,1
15423.0,3,175.64,92,12,58.54666666666666,440,14.636666666666665,2.7142857142857144,0.29704730646854954,0.13333333333333333,12,-131.45999999999998,5.468554523037013,-41.85499999999999,0.3333333333333333,1,1
15424.0,3,597.78,873,33,199.26,282,18.114545454545453,6.5,0.17209629314659738,0.030303030303030304,33,168.89999999999998,1.1251685058988572,168.89999999999998,0.0,1,0
15425.0,4,1941.1200000000001,1041,114,485.28000000000003,483,17.027368421052632,1.8450704225352113,0.12422656576708152,0.027972027972027972,117,-674.36,2.8254383694765726,-228.17000000000002,0.0,1,1
15426.0,7,1381.46,639,218,197.35142857142858,405,6.33697247706422,1.2386363636363635,0.11017636995900451,0.018867924528301886,219,-42.651999999999994,2.196776113866402,-8.424999999999995,0.14285714285714285,1,0
15428.0,3,668.97,245,35,222.99,541,19.11342857142857,9.0,0.20530648845739918,0.05263157894736842,36,51.404999999999994,6.491761734114846,51.404999999999994,0.0,1,1
15430.0,3,903.75,301,36,301.25,347,25.104166666666668,1.5,0.15444948189454508,0.04878048780487805,36,-769.75,3.2427903145886945,-359.375,0.3333333333333333,1,1
15431.0,1,153.24,84,2,153.24,322,76.62,0.0,0.0,0.5,2,0.0,1.9374725804511403,0.0,0.0,1,1
15432.0,3,130.07,25,6,43.35666666666666,360,21.67833333333333,1.8571428571428572,0.3383957674653841,0.25,6,0.0,4.544213746230317,0.0,0.6666666666666666,1,1
15433.0,2,533.3,534,40,266.65,86,13.3325,1.325,0.1412574566163412,0.04878048780487805,40,-211.98,0.6643757385329625,-211.98,0.0,1,0
15434.0,9,1782.5900000000001,965,70,198.06555555555556,503,25.46557142857143,5.073684210526316,0.15869865217523776,0.041666666666666664,71,6.834999999999996,2.6100306427588835,-11.966000000000003,0.2222222222222222,1,0
15436.0,1,484.1,246,124,484.1,53,3.9040322580645164,0.0,0.0,0.016,124,0.0,2.1106927222459304,0.0,0.0,1,0
15437.0,2,393.45,177,56,196.725,460,7.025892857142857,6.75,0.1310364749538425,0.03508771929824561,56,6.869999999999976,2.1613569312959746,6.869999999999976,0.0,1,0
15439.0,4,1269.05,572,49,317.2625,473,25.898979591836735,4.428571428571429,0.1398767715787856,0.03508771929824561,49,-228.64999999999998,1.9586975078654427,-228.64999999999998,0.0,1,1
15440.0,1,125.8,78,20,125.8,28,6.29,0.0,0.0,0.05,20,0.0,1.86868684543874,0.0,0.0,1,0
15441.0,3,1254.21,587,45,418.07,549,27.871333333333332,5.946428571428571,0.14205200801054763,0.05263157894736842,45,651.0699999999999,2.6078261816086807,30.91500000000002,0.0,1,1
15442.0,1,594.0,120,2,594.0,68,297.0,0.0,0.0,0.5,2,0.0,0.0,0.0,0.0,1,0
15443.0,9,2303.31,1206,249,255.92333333333332,462,9.250240963855422,1.0459016393442624,0.09596259085248304,0.013071895424836602,251,-35.903000000000006,2.6077407229088294,-24.123142857142867,0.1111111111111111,1,1
15445.0,2,284.5,118,12,142.25,409,23.708333333333332,25.076923076923077,0.2743161686289322,0.14285714285714285,12,-57.5,4.449578631735818,-57.5,0.0,1,0
15446.0,4,390.0,261,90,97.5,545,4.333333333333333,3.135135135135135,0.1364783266442182,0.026785714285714284,92,2.5559999999999947,1.6907841249571773,2.5559999999999947,0.25,1,1
15447.0,6,484.93,227,27,80.82166666666667,444,17.96037037037037,10.10344827586207,0.26119710068658386,0.06666666666666667,27,26.934999999999985,3.5911813443873672,11.854999999999993,0.16666666666666666,1,1
15448.0,2,788.81,487,49,394.405,493,16.09816326530612,7.520833333333333,0.14161964572678382,0.02040816326530612,49,200.46999999999997,3.18897213570657,200.46999999999997,0.0,1,1
15449.0,3,646.05,515,30,215.35,81,21.535,1.9,0.18222553298096844,0.04878048780487805,30,-45.79000000000002,1.8552939416049674,-22.07000000000002,0.3333333333333333,1,0
15451.0,2,226.86,76,56,113.43,418,4.051071428571428,2.7796610169491527,0.12436415954615787,0.03333333333333333,56,17.33999999999999,2.5090506454121124,17.33999999999999,0.0,1,1
15452.0,4,1493.63,941,148,373.4075,330,10.092094594594595,1.3442622950819672,0.10828082382613476,0.02717391304347826,147,-419.42499999999995,2.3540051022422936,-192.747,0.0,1,0
15453.0,1,194.34,95,39,194.34,7,4.983076923076923,0.0,0.0,0.02564102564102564,39,0.0,3.0490724679777212,0.0,0.0,1,0
15454.0,2,303.89,141,34,151.945,437,8.937941176470588,6.7368421052631575,0.1584070209048468,0.05128205128205128,34,54.30999999999999,2.682803461484919,54.30999999999999,0.0,1,1
15455.0,1,38.25,3,2,38.25,417,19.125,0.0,0.0,0.5,2,0.0,0.0,0.0,0.0,1,1
15456.0,10,2091.52,2727,128,209.152,550,16.34,1.9601769911504425,0.15728568045761743,0.030837004405286344,132,-31.298285714285726,2.191146816034995,-17.438095238095237,0.0,1,1
15457.0,1,237.07,132,56,237.07,81,4.233392857142857,0.0,0.0,0.034482758620689655,56,0.0,1.4129831083094435,0.0,0.0,1,0
15458.0,1,208.79999999999998,144,6,208.79999999999998,221,34.8,0.0,0.0,0.16666666666666666,6,0.0,0.17888543819998304,0.0,0.0,1,1
15459.0,2,202.82999999999998,121,6,101.41499999999999,316,33.805,13.333333333333334,0.3961196526382114,0.2857142857142857,6,7.170000000000002,4.215751076956175,7.170000000000002,0.0,1,1
15460.0,1,214.26,107,53,214.26,173,4.042641509433962,0.0,0.0,0.03571428571428571,53,0.0,2.591757539365352,0.0,0.0,1,1
15461.0,3,391.29999999999995,226,4,130.4333333333333,558,97.82499999999999,69.25,0.8147296551611592,0.4,4,129.05,4.587779419283365,129.05,0.3333333333333333,1,1
15462.0,2,607.45,399,32,303.725,265,18.9828125,7.588235294117647,0.16770827929394194,0.05714285714285714,32,-397.45,2.4890449047405965,-397.45,0.0,1,0
15464.0,1,1044.65,348,155,1044.65,157,6.739677419354839,0.0,0.0,0.0064516129032258064,154,0.0,5.460683296178661,0.0,0.0,1,1
15465.0,33,9757.24,2142,91,295.6739393939394,549,107.22241758241758,2.3612334801762116,0.21298400104822793,0.09649122807017543,98,327.42499999999995,3.4210467721269398,44.40879120879121,0.18181818181818182,1,0
15466.0,3,1225.93,695,172,408.6433333333334,556,7.1275,1.696078431372549,0.09112678182697496,0.014634146341463415,177,-207.11999999999998,1.9263916817525937,-207.11999999999998,0.0,1,1
15468.0,3,947.77,1239,56,315.92333333333335,212,16.924464285714286,0.5254237288135594,0.1212322829669327,0.05,56,0.0,3.5419710231470787,-950.27,0.6666666666666666,1,1
15469.0,2,329.90000000000003,130,19,164.95000000000002,258,17.363157894736844,0.5789473684210527,0.16430689998370562,0.1,19,-341.5,3.844048715393158,-341.5,0.5,1,1
15470.0,1,63.419999999999995,232,4,63.419999999999995,395,15.854999999999999,0.0,0.0,0.25,4,0.0,0.1212435565298214,0.0,0.0,1,1
15471.0,2,837.53,414,67,418.765,370,12.50044776119403,2.0987654320987654,0.10552451893234013,0.036585365853658534,68,299.03,1.7905025124848875,299.03,0.0,1,1
15473.0,1,274.8,104,3,274.8,264,91.60000000000001,0.0,0.0,0.3333333333333333,3,0.0,0.2309401076758505,0.0,0.0,1,1
15474.0,1,150.35,55,19,150.35,415,7.913157894736842,0.0,0.0,0.05263157894736842,19,0.0,3.58398517123081,0.0,0.0,1,1
15476.0,5,2180.28,1168,67,436.05600000000004,261,32.54149253731344,0.7721518987341772,0.1159560393649281,0.025,67,505.41999999999996,2.57221694263917,505.41999999999996,0.2,1,1
15477.0,1,368.4,216,2,368.4,469,184.2,0.0,0.0,0.5,2,0.0,1.34350288425444,0.0,0.0,1,1
15478.0,1,541.06,269,23,541.06,394,23.524347826086956,0.0,0.0,0.043478260869565216,23,0.0,3.162912364341752,0.0,0.0,1,1
15479.0,1,147.4,38,9,147.4,552,16.37777777777778,0.0,0.0,0.1111111111111111,9,0.0,1.9265325789557202,0.0,0.0,1,1
15480.0,2,2686.75,1547,161,1343.375,495,16.687888198757765,1.2395209580838322,0.07283527409881267,0.011904761904761904,161,1050.37,2.806230714689394,1050.37,0.0,0,1
15481.0,1,1993.34,1450,38,1993.34,220,52.456315789473685,0.0,0.0,0.02631578947368421,38,0.0,2.1381704067912715,0.0,0.0,0,1
15482.0,10,4799.84,1936,43,479.98400000000004,556,111.62418604651162,7.666666666666667,0.23810533016834887,0.0625,44,85.81000000000002,2.8638453681472975,55.287857142857135,0.0,1,0
15483.0,7,696.37,723,190,99.48142857142857,503,3.6651052631578946,1.7659574468085106,0.11735840961915814,0.025423728813559324,191,-4.667999999999997,1.3056712235596426,-4.667999999999997,0.0,1,0
15484.0,2,1061.69,924,53,530.845,553,20.03188679245283,3.730769230769231,0.13370514437747927,0.018867924528301886,53,-317.31,2.116734929892086,-317.31,0.0,1,1
15485.0,7,3367.55,1422,58,481.0785714285715,557,58.061206896551724,4.123711340206185,0.18869982959759574,0.061224489795918366,61,49.541000000000025,3.1122650228540207,4.558000000000004,0.14285714285714285,1,1
15486.0,1,102.0,40,1,102.0,346,102.0,0.0,0.0,1.0,1,0.0,0.0,0.0,0.0,1,1
15487.0,1,231.32,144,14,231.32,499,16.52285714285714,0.0,0.0,0.07142857142857142,14,0.0,1.9552461130602876,0.0,0.0,1,1
15488.0,4,340.6,178,8,85.15,402,42.575,15.75,0.4612866721677097,0.2222222222222222,8,264.64,0.5056678751908212,57.95999999999998,0.0,1,1
15489.0,9,1585.5900000000001,852,66,176.17666666666668,512,24.024090909090912,5.311111111111111,0.2130893401568833,0.04395604395604396,66,22.249999999999996,2.7329006134738534,17.222261904761904,0.3333333333333333,1,0
15490.0,2,181.35,72,22,90.675,249,8.243181818181817,0.0,0.0,0.11538461538461539,22,0.0,2.2537474092309866,0.0,0.5,1,1
15491.0,4,1635.68,872,80,408.92,55,20.446,0.5888888888888889,0.11372214339993915,0.02197802197802198,80,0.0,4.002895563685479,-515.845,0.25,1,0
15493.0,7,3066.48,910,233,438.06857142857143,474,13.160858369098712,0.8720173535791758,0.08409521226771167,0.01948051948051948,250,30.302285714285723,3.0840327603446265,30.302285714285723,0.14285714285714285,1,0
15494.0,3,2422.02,1913,219,807.34,548,11.059452054794521,1.0204081632653061,0.07015018716605186,0.012195121951219513,219,634.8000000000001,1.8726831535160324,260.78000000000003,0.0,1,1
15495.0,1,246.5,194,20,246.5,198,12.325,0.0,0.0,0.05,20,0.0,2.023498468650663,0.0,0.0,1,1
15496.0,1,146.14000000000001,98,22,146.14000000000001,450,6.6427272727272735,0.0,0.0,0.045454545454545456,22,0.0,3.437995647068808,0.0,0.0,1,1
15497.0,10,8351.86,2836,65,835.186,540,128.49015384615385,3.4444444444444446,0.2120261591358476,0.05084745762711865,65,149.30628571428568,2.6650594257390496,202.76690476190478,0.2,1,1
15498.0,32,18613.66,9470,502,581.676875,542,37.079003984063746,0.7172131147540983,0.11616819920354378,0.010914051841746248,517,222.06749999999997,4.865696471637826,-31.84182142857143,0.0625,1,0
15499.0,1,158.65,59,40,158.65,543,3.96625,0.0,0.0,0.04878048780487805,40,0.0,1.992619002168974,0.0,0.0,1,1
15501.0,2,399.95,205,64,199.975,235,6.24921875,0.14705882352941177,0.06646191411927027,0.028985507246376812,63,0.0,2.6950566505235316,0.0,0.0,1,1
15502.0,13,4747.78,3094,155,365.21384615384613,374,30.630838709677416,1.2772727272727273,0.11116532251245698,0.027149321266968326,159,-39.06999999999998,4.23250923326907,-34.933000000000014,0.5384615384615384,1,0
15503.0,2,257.3,130,112,128.65,546,2.2973214285714287,3.1293103448275863,0.09017222933108984,0.02564102564102564,113,24.779999999999987,1.6934187809570918,24.779999999999987,0.0,1,1
15504.0,4,328.67,104,32,82.1675,485,10.2709375,2.86,0.20008149482875084,0.09803921568627451,32,-37.959999999999994,2.1466936181477037,-11.859000000000002,0.25,1,1
15506.0,3,1058.25,795,82,352.75,297,12.90548780487805,0.8558558558558559,0.11360493734147456,0.026785714285714284,83,667.23,2.3449364637412398,100.46499999999999,0.0,1,1
15508.0,6,1000.27,440,78,166.71166666666667,54,12.82397435897436,0.4835164835164835,0.11441056785555502,0.03260869565217391,78,0.0,2.7903569701782702,-73.655,0.0,1,0
15509.0,1,152.41,58,26,152.41,199,5.861923076923077,0.0,0.0,0.038461538461538464,26,0.0,3.7152226768339927,0.0,0.0,1,1
15510.0,1,250.0,2,1,250.0,150,250.0,0.0,0.0,1.0,1,0.0,0.0,0.0,0.0,1,1
15512.0,3,311.78,223,28,103.92666666666666,495,11.135,10.5,0.19761747339583113,0.06451612903225806,28,233.77999999999997,2.4884793473857867,31.1,0.0,1,1
15513.0,32,17355.9,7003,220,542.371875,514,78.89045454545455,1.2512953367875648,0.1631315745081342,0.015503875968992248,236,-109.99942857142854,22.614591448955725,10.036219780219774,0.125,1,0
15514.0,15,3750.23,2818,128,250.01533333333333,554,29.298671875,1.799283154121864,0.13551688177571464,0.03571428571428571,129,-64.47785714285716,1.652046997477384,-54.63869047619048,0.13333333333333333,1,0
15515.0,1,171.81,131,7,171.81,206,24.544285714285714,0.0,0.0,0.14285714285714285,7,0.0,2.313034494215028,0.0,0.0,1,1
15517.0,1,267.03,293,27,267.03,52,9.889999999999999,0.0,0.0,0.037037037037037035,27,0.0,2.449118103967117,0.0,0.0,1,0
15518.0,16,3143.36,2195,213,196.46,539,14.75755868544601,1.4367816091954022,0.1229241853714155,0.03151862464183381,222,17.34821428571429,2.4865596147122706,40.41816666666667,0.3125,1,0
15519.0,2,344.61,116,34,172.305,265,10.135588235294119,1.75,0.15217391304347827,0.05405405405405406,34,50.389999999999986,1.2468689314166634,50.389999999999986,0.0,1,1
15521.0,15,5748.5199999999995,3565,176,383.2346666666666,523,32.66204545454545,1.4222873900293256,0.12052227343282394,0.023391812865497075,191,17.693142857142846,7.753399404761056,6.668727272727274,0.2,1,0
15523.0,17,16707.23,15478,64,982.7782352941176,556,261.05046875,1.6363636363636365,0.1789964031412162,0.05238095238095238,73,1312.436,2.9300263821571138,329.6746060606061,0.11764705882352941,1,1
15524.0,1,151.4,24,8,151.4,426,18.925,0.0,0.0,0.125,8,0.0,4.279686236830252,0.0,0.0,1,1
15525.0,2,430.78,253,66,215.39,202,6.526969696969696,0.1267605633802817,0.061293143137021194,0.027777777777777776,66,0.0,2.8410500239619405,119.08000000000001,0.0,1,1
15527.0,25,3901.65,1536,167,156.066,543,23.363173652694613,2.078125,0.1926323858197184,0.0311284046692607,168,8.770357142857144,3.369808429139585,6.408626373626373,0.24,1,0
15528.0,1,229.33,123,26,229.33,73,8.820384615384615,0.0,0.0,0.038461538461538464,26,0.0,2.3256815047504813,0.0,0.0,1,0
15529.0,8,2749.07,2423,295,343.63375,213,9.318881355932204,0.4326923076923077,0.08851713302714927,0.011990407673860911,296,-265.12,1.5434007676937844,-54.44542857142856,0.0,1,0
15530.0,2,859.46,702,71,429.73,332,12.105070422535212,3.057471264367816,0.10357921367924128,0.03409090909090909,71,236.72000000000003,2.786214156993525,236.72000000000003,0.0,1,0
15532.0,7,2516.17,906,296,359.45285714285717,368,8.500574324324324,0.4563106796116505,0.08638829836716864,0.012106537530266344,299,16.5,2.553116635764878,-73.11800000000001,0.0,1,1
15534.0,1,162.25,63,8,162.25,545,20.28125,0.0,0.0,0.125,8,0.0,2.7336200488415674,0.0,0.0,1,1
15535.0,9,830.11,261,75,92.23444444444445,268,11.068133333333334,1.9351851851851851,0.16715683101071896,0.05504587155963303,76,-36.869,3.564586306314969,-24.252857142857142,0.4444444444444444,1,0
15536.0,1,259.09,242,16,259.09,228,16.193125,0.0,0.0,0.0625,16,0.0,1.4155362646949976,0.0,0.0,1,1
15538.0,11,3036.1,989,20,276.0090909090909,483,151.805,3.935483870967742,0.32358204273631175,0.1875,20,-781.5,25.47698751110753,-15.860000000000024,0.45454545454545453,1,1
15540.0,1,247.38,244,16,247.38,195,15.46125,0.0,0.0,0.0625,16,0.0,1.118831049205673,0.0,0.0,1,1
15542.0,4,833.16,401,212,208.29,557,3.9299999999999997,0.9911894273127754,0.062206819020097184,0.008771929824561403,212,-186.39999999999998,2.390927461769629,-186.39999999999998,0.25,1,1
15543.0,2,242.26,167,50,121.13,279,4.8452,3.109090909090909,0.12923510024181226,0.05357142857142857,50,13.459999999999994,2.2741598063186603,13.459999999999994,0.0,1,1
15544.0,19,5996.54,5003,147,315.6073684210526,499,40.79278911564626,1.155388471177945,0.13046131646391967,0.025,176,-221.0948571428572,1.4534071108777042,0.44606060606061376,0.21052631578947367,1,0
15545.0,1,135.32999999999998,75,31,135.32999999999998,190,4.365483870967742,0.0,0.0,0.03225806451612903,31,0.0,2.592851960741797,0.0,0.0,1,1
15546.0,3,539.5500000000001,99,6,179.85000000000002,426,89.92500000000001,0.0,0.0,0.16666666666666666,6,0.0,0.0,0.0,0.3333333333333333,1,1
15547.0,21,7461.68,4851,449,355.3180952380952,552,16.61844097995546,0.5765472312703583,0.09722126386395971,0.01193058568329718,471,30.590000000000003,2.7517657132199353,-27.938021978021972,0.09523809523809523,1,0
15548.0,1,158.09,64,23,158.09,415,6.8734782608695655,0.0,0.0,0.043478260869565216,23,0.0,3.4730820339043604,0.0,0.0,1,1
15549.0,7,1545.5,626,94,220.78571428571428,516,16.44148936170213,3.5514018691588785,0.18714196495424312,0.037037037037037035,98,158.19000000000003,2.8449340104924703,122.49000000000001,0.14285714285714285,1,1
15550.0,11,1550.1200000000001,932,142,140.92000000000002,555,10.916338028169015,2.2925531914893615,0.1537819700021827,0.026455026455026454,142,-9.385714285714283,3.976879153767429,0.17035714285714118,0.18181818181818182,1,1
15551.0,8,1192.95,570,95,149.11875,369,12.557368421052631,1.3391304347826087,0.11666980015422349,0.04310344827586207,95,91.04499999999999,2.5924273413617356,9.714999999999993,0.25,1,1
15552.0,2,252.52,166,29,126.26,442,8.707586206896552,13.96551724137931,0.18325860292013788,0.06666666666666667,29,-72.28,1.3797493108965626,-72.28,0.0,1,0
15554.0,1,217.2,74,14,217.2,97,15.514285714285714,0.0,0.0,0.07142857142857142,14,0.0,3.2035544304742176,0.0,0.0,1,1
15555.0,34,7863.83,5138,501,231.28911764705882,553,15.69626746506986,0.5225933202357563,0.08086796758536,0.013738959764474975,511,86.73114285714283,2.17482915783481,-34.7161978021978,0.23529411764705882,1,0
15558.0,2,131.88,49,23,65.94,458,5.73391304347826,0.0,0.0,0.08333333333333333,23,0.0,4.507457267073395,0.0,0.5,1,1
15559.0,1,1109.4,526,62,1109.4,387,17.893548387096775,0.0,0.0,0.016129032258064516,62,0.0,2.952011745815931,0.0,0.0,1,1
15560.0,2,153.52,72,10,76.76,217,15.352,0.0,0.0,0.1,10,0.0,1.2207119962455428,0.0,0.0,1,1
15561.0,5,1399.55,1118,49,279.90999999999997,483,28.562244897959182,6.28169014084507,0.20876610835402754,0.041666666666666664,49,-80.869,3.791182998094279,-28.377,0.0,1,0
15562.0,3,671.4300000000001,560,32,223.81000000000003,545,20.982187500000002,11.65625,0.21074358146218497,0.06060606060606061,32,-45.69,2.337168466198776,-112.00499999999998,0.0,1,1
15563.0,6,2189.6,2234,151,364.93333333333334,500,14.500662251655628,2.325242718446602,0.12930574014613144,0.024154589371980676,154,-17.903000000000002,1.794652298515496,-17.903000000000002,0.16666666666666666,1,0
15564.0,2,70.74000000000001,42,4,35.370000000000005,495,17.685000000000002,70.66666666666667,0.572671513728189,0.25,4,0.6600000000000037,2.5189068396164767,0.6600000000000037,0.0,1,1
15566.0,2,227.87,153,9,113.935,543,25.31888888888889,30.09090909090909,0.29852016817238114,0.16666666666666666,9,-48.56999999999999,0.8571778041216349,-48.56999999999999,0.0,1,1
15569.0,6,2496.24,1250,108,416.03999999999996,469,23.11333333333333,2.739130434782609,0.17101394683656318,0.02586206896551724,109,-24.390000000000008,2.5243834938432004,-24.203428571428574,0.0,1,1
15570.0,23,7032.34,2939,392,305.7539130434783,440,17.939642857142857,0.6347962382445141,0.10884985420197581,0.017214397496087636,392,-38.42228571428571,3.690149412809788,-30.26748251748252,0.08695652173913043,1,0
15571.0,10,3241.92,2147,410,324.192,553,7.907121951219512,0.6328413284132841,0.07219093351368265,0.014732965009208104,415,735.4739999999999,2.7566798954280185,271.99028571428573,0.0,1,1
15572.0,6,2305.32,1296,174,384.22,423,13.24896551724138,1.5972850678733033,0.102099174722264,0.02252252252252252,175,-30.484,13.266579916953699,9.412999999999988,0.0,1,0
15573.0,3,597.23,415,104,199.07666666666668,548,5.742596153846154,0.9734513274336283,0.11054156298332131,0.017543859649122806,104,41.06999999999999,2.4745483686805567,-32.014999999999986,0.0,1,1
15574.0,6,947.34,604,186,157.89000000000001,283,5.093225806451613,0.4660633484162896,0.08854663598888234,0.013513513513513514,186,658.0,2.2464762586534976,209.435,0.16666666666666666,1,1
15575.0,1,30.1,6,3,30.1,439,10.033333333333333,0.0,0.0,0.3333333333333333,3,0.0,0.6806859285554044,0.0,0.0,1,1
15577.0,3,166.8,38,24,55.6,545,6.95,18.217391304347824,0.20717459778577427,0.041666666666666664,24,-107.5,3.173246406067954,-107.5,0.0,1,1
15579.0,6,1083.13,575,125,180.52166666666668,251,8.665040000000001,0.8297872340425532,0.10592538990522561,0.02112676056338028,125,-692.43,2.851123467945151,-278.68,0.3333333333333333,1,1
15580.0,14,1216.15,902,155,86.86785714285715,490,7.846129032258065,1.1422924901185771,0.13927027991720115,0.01968503937007874,160,117.525,2.408904905549916,40.06250000000001,0.42857142857142855,1,1
15581.0,35,4263.39,2929,522,121.81114285714287,557,8.16741379310345,0.7244897959183674,0.0989765386061195,0.010189228529839884,528,-52.303214285714276,2.351990707713084,-34.971,0.08571428571428572,1,0
15582.0,1,303.61,255,22,303.61,39,13.800454545454546,0.0,0.0,0.045454545454545456,22,0.0,2.203585232930162,0.0,0.0,1,0
15583.0,1,95.96,56,37,95.96,195,2.5935135135135132,0.0,0.0,0.05128205128205128,37,0.0,1.6825881355840164,0.0,0.0,1,1
15584.0,2,547.34,170,93,273.67,490,5.885376344086022,2.783505154639175,0.09796125906657806,0.02040816326530612,94,-156.64000000000001,2.8300149338056158,-156.64000000000001,0.0,1,1
15586.0,4,1128.66,1302,30,282.165,520,37.622,2.8684210526315788,0.21117624555543038,0.07692307692307693,30,-781.86,1.0536781538125684,-253.41,0.25,1,1
15587.0,4,953.28,336,3,238.32,311,317.76,19.714285714285715,0.6112929732377587,0.375,3,588.96,0.6676384286637277,26.351999999999993,0.0,1,1
15588.0,1,579.6,96,4,579.6,497,144.9,0.0,0.0,0.25,4,0.0,2.386900011870348,0.0,0.0,1,1
15589.0,4,456.58,242,28,114.145,130,16.306428571428572,1.9655172413793103,0.1783085167434159,0.06666666666666667,28,-500.48,5.352145815239548,-103.44999999999999,0.25,1,0
15590.0,5,1496.6,832,75,299.32,426,19.954666666666665,2.5930232558139537,0.13444065427260424,0.022988505747126436,75,107.08000000000004,2.098753343638514,-31.964,0.0,1,1
15591.0,3,217.9,58,6,72.63333333333334,493,36.31666666666667,15.0,0.5894868893301048,0.2857142857142857,6,12.900000000000006,2.191216231098285,37.05,0.0,1,1
15594.0,2,263.66,144,15,131.83,54,17.577333333333335,0.13333333333333333,0.08792767645557778,0.125,15,0.0,1.948376995518749,0.0,0.5,1,0
15595.0,1,357.6,144,4,357.6,307,89.4,0.0,0.0,0.25,4,0.0,1.6360521589077373,0.0,0.0,1,1
15596.0,15,2604.37,1183,82,173.62466666666666,319,31.76060975609756,1.7975460122699387,0.2010742930013245,0.054878048780487805,89,-134.705,2.9952276146004326,-8.394880952380953,0.4666666666666667,1,0
15597.0,1,238.8,114,15,238.8,394,15.92,0.0,0.0,0.06666666666666667,15,0.0,2.2691775308835287,0.0,0.0,1,1
15598.0,1,307.34,244,22,307.34,247,13.969999999999999,0.0,0.0,0.045454545454545456,22,0.0,2.1301344895857968,0.0,0.0,1,1
15599.0,2,937.15,741,58,468.575,265,16.157758620689656,4.084745762711864,0.12616769740231687,0.03333333333333333,59,-39.49000000000001,2.4807205247737802,-39.49000000000001,0.0,1,0
15600.0,5,1178.71,651,56,235.74200000000002,413,21.048392857142858,2.2465753424657535,0.20932994695815144,0.04054054054054054,56,-261.76,3.438246218691736,-35.623000000000005,0.2,1,1
15601.0,29,12146.87,9004,246,418.8575862068966,557,49.37752032520326,0.7400568181818182,0.12371175235846676,0.02553191489361702,259,-58.31392857142857,2.6359652003537177,-18.054175824175825,0.13793103448275862,1,0
15602.0,19,2159.9900000000002,1347,53,113.68368421052632,557,40.75452830188679,5.086538461538462,0.25821301810358654,0.11428571428571428,54,7.139142857142854,2.905048003234869,-10.808424242424246,0.3684210526315789,1,0
15603.0,2,26.25,21,2,13.125,467,13.125,7.0,0.6422315933637285,0.6666666666666666,2,0.0,0.0,0.0,0.5,1,1
15605.0,8,1230.5,462,59,153.8125,513,20.85593220338983,6.169014084507042,0.2116439935640896,0.041666666666666664,63,-15.423000000000002,5.0784850657829335,19.04685714285714,0.125,1,0
15606.0,14,4137.18,1276,73,295.5128571428572,466,56.67369863013699,3.5508474576271185,0.2666589407123079,0.05042016806722689,74,69.47542857142857,2.1709002784100284,8.971393939393943,0.0,1,0
15607.0,12,1616.3700000000001,1452,95,134.69750000000002,520,17.01442105263158,3.1946902654867255,0.14875952988555458,0.02631578947368421,95,-623.385,2.8241754920791577,-108.47857142857144,0.25,1,1
15608.0,1,692.3,548,45,692.3,235,15.384444444444444,0.0,0.0,0.022222222222222223,45,0.0,2.1245034595158816,0.0,0.0,1,1
15609.0,2,270.03000000000003,145,16,135.01500000000001,3,16.876875000000002,0.058823529411764705,0.04734152343522918,0.1111111111111111,16,0.0,5.128234416960102,0.0,0.5,1,0
15611.0,22,1706.18,272,27,77.55363636363637,502,63.19185185185185,7.415384615384616,0.46608224038442664,0.13636363636363635,30,-65.24685714285715,3.447530449534304,-8.049181818181818,0.22727272727272727,1,0
15613.0,1,433.71999999999997,700,27,433.71999999999997,429,16.063703703703702,0.0,0.0,0.037037037037037035,27,0.0,3.6997021517138395,0.0,0.0,1,1
15614.0,7,3008.86,1606,74,429.83714285714285,558,40.660270270270274,3.6547619047619047,0.2071216552728896,0.023529411764705882,76,27.93000000000002,3.351837938061029,-7.693142857142863,0.42857142857142855,1,1
15615.0,42,16112.79,9220,244,383.6378571428572,556,66.03602459016393,0.7760115606936416,0.14969491001731577,0.021645021645021644,265,148.69250000000002,2.5152014000327134,-5.2474561403508755,0.14285714285714285,1,0
15616.0,1,317.11,137,13,317.11,257,24.393076923076926,0.0,0.0,0.07692307692307693,13,0.0,10.620576243480848,0.0,0.0,1,1
15617.0,3,828.5500000000001,485,41,276.18333333333334,326,20.208536585365856,2.682926829268293,0.17370301705137534,0.047619047619047616,41,418.25,2.5936911419514463,-49.925,0.0,1,1
15620.0,6,1239.59,916,84,206.59833333333333,229,14.757023809523808,2.182795698924731,0.13793952897939468,0.02127659574468085,84,-380.45,4.322955037233959,54.931,0.5,1,0
15622.0,24,6594.55,3619,297,274.7729166666667,520,22.203872053872054,1.2688442211055277,0.11339678890629738,0.012531328320802004,305,-78.06899999999999,4.865846545049202,-41.540787878787896,0.4583333333333333,1,0
15623.0,7,2136.02,962,77,305.1457142857143,548,27.74051948051948,3.784090909090909,0.2421305905233808,0.033707865168539325,79,-41.97,2.4489160846761355,-22.478571428571424,0.0,1,1
15624.0,2,311.4,120,18,155.7,75,17.299999999999997,2.8823529411764706,0.22371142437593766,0.05555555555555555,18,-56.400000000000006,3.5237800929954255,-56.400000000000006,0.0,1,0
15625.0,7,2394.02,2340,101,342.0028571428571,361,23.703168316831682,2.111111111111111,0.13404125247511015,0.027586206896551724,101,41.68999999999998,1.025819535001554,59.419,0.14285714285714285,1,0
15626.0,3,655.45,679,50,218.48333333333335,240,13.109000000000002,1.7307692307692308,0.14385488500239935,0.03773584905660377,50,-91.69,1.9600008885990698,-91.69,0.3333333333333333,1,1
15627.0,2,566.9,344,23,283.45,342,24.64782608695652,2.8260869565217392,0.19418691084986694,0.08333333333333333,23,0.0,0.7623817323343349,6.579999999999984,0.0,1,1
15628.0,14,3423.6600000000003,2281,105,244.5471428571429,545,32.60628571428572,2.6195121951219513,0.18896971491495965,0.05339805825242718,114,17.59428571428571,2.5563695008476057,1.9749090909090907,0.21428571428571427,1,0
15629.0,4,2240.9,1518,39,560.225,352,57.45897435897436,1.0789473684210527,0.14050900544634218,0.03896103896103896,43,-111.5,2.7832930922662955,-291.14000000000004,0.0,1,1
15630.0,3,685.96,466,41,228.65333333333334,463,16.730731707317073,10.804878048780488,0.15535967025371059,0.047619047619047616,41,95.86000000000001,2.7481431171491955,95.86000000000001,0.3333333333333333,1,0
15631.0,1,596.67,525,39,596.67,461,15.299230769230768,0.0,0.0,0.02564102564102564,39,0.0,2.0892704820339847,0.0,0.0,1,1
15632.0,5,1540.76,830,55,308.152,94,28.01381818181818,1.2465753424657535,0.17330050381481527,0.05405405405405406,55,150.29999999999995,2.6865266729749218,-190.535,0.2,1,0
15633.0,18,4156.91,2014,77,230.93944444444443,550,53.985844155844156,1.1639344262295082,0.1931233705659523,0.043478260869565216,83,-47.943000000000005,2.840696597711878,-4.668452380952378,0.2777777777777778,1,1
15634.0,1,311.1,128,19,311.1,202,16.373684210526317,0.0,0.0,0.05263157894736842,19,0.0,1.9085372985307467,0.0,0.0,1,1
15635.0,1,100.35,5,2,100.35,215,50.175,0.0,0.0,0.5,2,0.0,8.62670273047588,0.0,0.0,1,1
15636.0,3,1026.52,358,28,342.17333333333335,389,36.66142857142857,7.333333333333333,0.22186130738419604,0.075,28,-41.120000000000005,2.7413240180239313,-41.120000000000005,0.0,1,1
15637.0,4,574.23,523,23,143.5575,543,24.966521739130435,12.36,0.33839213634833437,0.07692307692307693,23,-60.859,3.548784840780552,-60.859,0.0,1,1
15638.0,9,2137.2,1078,20,237.46666666666664,501,106.85999999999999,13.464285714285714,0.37475798056493254,0.1724137931034483,20,56.860000000000014,3.019624972636413,-0.685714285714284,0.3333333333333333,1,1
15639.0,4,603.01,509,40,150.7525,424,15.07525,3.369565217391304,0.20093206803483651,0.06382978723404255,40,-146.76999999999998,3.3816322712207088,-83.06,0.5,1,1
15640.0,26,17688.42,8985,240,680.323846153846,544,73.70174999999999,1.0171755725190839,0.1359542236508178,0.024761904761904763,260,212.03892857142853,3.173651387332418,11.500351648351646,0.15384615384615385,1,0
15641.0,11,4763.7300000000005,3956,228,433.0663636363637,552,20.89355263157895,1.7142857142857142,0.15688693941532963,0.014598540145985401,232,72.77799999999998,2.1108488479157126,1.3624999999999925,0.0,1,0
15642.0,1,105.78000000000002,270,6,105.78000000000002,549,17.630000000000003,0.0,0.0,0.16666666666666666,6,0.0,0.19805723078612067,0.0,0.0,1,1
15643.0,5,655.7,244,31,131.14000000000001,101,21.151612903225807,2.8529411764705883,0.1736062624839984,0.08571428571428572,31,-18.5,5.469695534826182,-18.5,0.4,1,0
15644.0,3,423.19,279,85,141.06333333333333,80,4.9787058823529415,0.036036036036036036,0.026119444282063177,0.017857142857142856,85,0.0,1.2611621541602924,0.0,0.0,1,0
15645.0,3,430.56,134,16,143.52,244,26.91,1.375,0.2890346387169986,0.11764705882352941,16,0.0,3.6785751917252516,-455.76,0.3333333333333333,1,1
15646.0,5,654.71,791,58,130.942,229,11.288103448275862,2.737704918032787,0.15833119670004378,0.03225806451612903,58,-399.23,2.480506805826047,5.303000000000003,0.2,1,0
15647.0,1,169.0,124,11,169.0,234,15.363636363636363,0.0,0.0,0.09090909090909091,11,0.0,1.1385996183510212,0.0,0.0,1,1
15648.0,4,584.75,211,23,146.1875,86,25.42391304347826,2.48,0.24695971567641545,0.07692307692307693,23,88.74999999999997,3.082756009706998,46.249999999999986,0.5,1,0
15649.0,4,1660.35,365,8,415.0875,206,207.54375,5.0,0.45363004620244385,0.36363636363636365,8,-1048.35,3.4662266620530278,-269.17499999999995,0.0,1,1
15650.0,3,539.03,207,33,179.67666666666665,448,16.334242424242422,3.111111111111111,0.16666907334280456,0.05405405405405406,33,-179.12999999999997,3.0861614251918748,-179.12999999999997,0.3333333333333333,1,1
15651.0,3,840.08,630,44,280.0266666666667,415,19.092727272727274,7.790697674418604,0.2120523249502108,0.022727272727272728,44,-31.97,1.4429222902600773,-31.97,0.0,1,0
15652.0,5,1059.7,447,76,211.94,304,13.94342105263158,1.1851851851851851,0.15611237513394913,0.024390243902439025,76,856.3199999999999,9.024542265315418,101.28,0.2,1,1
15655.0,2,511.32,319,34,255.66,62,15.038823529411765,0.2777777777777778,0.10416666666666666,0.05405405405405406,34,0.0,3.6128079635349266,0.0,0.5,1,0
15656.0,2,306.86,100,19,153.43,103,16.150526315789474,3.5,0.22083074449754553,0.05263157894736842,19,-179.04,3.748106656536328,-179.04,0.0,1,0
15658.0,13,1964.14,598,79,151.08769230769232,556,24.86253164556962,4.632478632478633,0.1835731521853182,0.0847457627118644,82,-27.84400000000001,3.5897511733948573,-13.471272727272728,0.38461538461538464,1,0
15659.0,2,226.04,50,8,113.02,472,28.255,29.555555555555557,0.32961586121437425,0.2,10,9.159999999999997,2.8522897234794833,9.159999999999997,0.0,1,1
15660.0,12,1696.75,1153,53,141.39583333333334,491,32.014150943396224,4.519230769230769,0.2549543770542978,0.06666666666666667,58,5.10542857142857,2.656220444782785,19.242,0.16666666666666666,1,0
15661.0,8,1215.95,779,27,151.99375,398,45.035185185185185,6.0,0.36425580141187436,0.1590909090909091,27,-24.240999999999993,2.5929081194396835,-4.86178571428571,0.0,1,1
15662.0,2,283.73,145,12,141.865,557,23.644166666666667,7.0,0.28906062216991557,0.08333333333333333,12,72.03000000000003,3.110616230481242,72.03000000000003,0.0,1,1
15664.0,5,813.1,349,45,162.62,469,18.06888888888889,5.333333333333333,0.22713380867645158,0.05454545454545454,46,-102.06200000000001,1.1358723193765776,-102.06200000000001,0.4,1,1
15665.0,4,3221.28,2285,156,805.32,454,20.64923076923077,1.589430894308943,0.09765546977380023,0.016194331983805668,167,244.16400000000004,1.7677378631532958,244.16400000000004,0.0,1,0
15666.0,2,632.9399999999999,469,62,316.46999999999997,314,10.208709677419353,0.3484848484848485,0.09096198429388125,0.029850746268656716,63,0.0,2.023157832810663,0.0,0.0,1,1
15668.0,1,76.32000000000001,72,1,76.32000000000001,37,76.32000000000001,0.0,0.0,1.0,1,0.0,0.0,0.0,0.0,1,0
15669.0,1,198.8,64,11,198.8,83,18.072727272727274,0.0,0.0,0.09090909090909091,11,0.0,3.57961399645777,0.0,0.0,1,0
15670.0,3,315.2,124,19,105.06666666666666,375,16.589473684210525,13.631578947368421,0.23391275614815288,0.1,19,30.900000000000006,3.0870314475066074,30.900000000000006,0.3333333333333333,1,1
15671.0,5,1016.13,559,41,203.226,90,24.783658536585367,0.5294117647058824,0.12124068299444839,0.057692307692307696,41,-264.2099999999999,2.368150629865323,-264.2099999999999,0.4,1,0
15672.0,1,45.300000000000004,10,3,45.300000000000004,544,15.100000000000001,0.0,0.0,0.3333333333333333,3,0.0,5.178159261101702,0.0,0.0,1,1
15673.0,8,5169.18,2653,147,646.1475,474,35.16448979591837,2.0231481481481484,0.14339772645073834,0.03686635944700461,150,0.3349999999999909,2.725036159138515,72.86571428571428,0.125,1,0
15674.0,15,5150.91,2795,218,343.394,550,23.628027522935778,1.6056782334384858,0.12901121571250987,0.031446540880503145,226,-101.50571428571426,3.361354656190707,-62.02127272727272,0.26666666666666666,1,0
15675.0,2,263.35,133,16,131.675,223,16.459375,7.75,0.2421875,0.11764705882352941,16,-173.35,2.726665707847763,-173.35,0.0,1,1
15676.0,2,877.4,551,61,438.7,103,14.383606557377048,1.1290322580645162,0.11415887191007308,0.031746031746031744,60,-918.1999999999999,3.257232230338413,-918.1999999999999,0.5,1,0
15677.0,2,648.4,356,32,324.2,283,20.2625,1.105263157894737,0.14145920444650356,0.05128205128205128,33,-32.89999999999998,3.9779961590347903,-32.89999999999998,0.0,1,1
15678.0,2,1473.24,838,67,736.62,342,21.98865671641791,1.6075949367088607,0.10514979909056596,0.0375,67,40.27999999999997,2.3690709603534197,40.27999999999997,0.0,1,1
15679.0,1,178.22,212,13,178.22,2,13.70923076923077,0.0,0.0,0.07692307692307693,13,0.0,1.1016770432809735,0.0,0.0,1,0
15680.0,10,3130.8,2112,129,313.08000000000004,557,24.269767441860466,1.9365079365079365,0.16451335348908308,0.042105263157894736,132,110.778,12.019880376072058,37.49595238095238,0.2,1,1
15681.0,13,2237.06,1020,40,172.08153846153846,383,55.9265,5.641791044776119,0.2711463866702605,0.058823529411764705,41,-67.41,3.0349532231527387,15.870000000000001,0.07692307692307693,1,0
15682.0,3,316.99,221,25,105.66333333333334,506,12.6796,3.48,0.20239096436686024,0.07692307692307693,25,64.52999999999999,1.5543378506123287,64.52999999999999,0.3333333333333333,1,1
15683.0,1,330.79,201,16,330.79,293,20.674375,0.0,0.0,0.0625,16,0.0,2.2988747247294703,0.0,0.0,1,1
15684.0,6,147.8,72,10,24.633333333333336,554,14.780000000000001,14.307692307692308,0.3457269471174391,0.35714285714285715,10,-17.474999999999998,2.8741362773291286,-17.474999999999998,0.5,1,1
15685.0,1,55.980000000000004,36,17,55.980000000000004,269,3.2929411764705883,0.0,0.0,0.058823529411764705,17,0.0,1.905396168470885,0.0,0.0,1,1
15686.0,1,90.0,72,1,90.0,239,90.0,0.0,0.0,1.0,1,0.0,0.0,0.0,0.0,1,1
15687.0,7,1667.8500000000001,655,69,238.26428571428573,149,24.171739130434784,1.4387755102040816,0.1473747871608168,0.050505050505050504,69,-1117.15,3.5844684744722857,-53.364999999999995,0.2857142857142857,1,0
15688.0,1,190.57,95,26,190.57,238,7.329615384615384,0.0,0.0,0.07407407407407407,26,0.0,2.0690582384993403,0.0,0.0,1,1
15689.0,2,370.43,179,19,185.215,437,19.496315789473684,12.8,0.21976761550373378,0.09523809523809523,19,-163.43,3.2799847560621376,-163.43,0.0,1,1
15691.0,5,511.8,202,12,102.36,552,42.65,34.285714285714285,0.48867706183729415,0.13333333333333333,12,-1.9199999999999988,3.147156691061829,-1.9199999999999988,0.2,1,0
15693.0,1,37.5,30,1,37.5,478,37.5,0.0,0.0,1.0,1,0.0,0.0,0.0,0.0,1,1
15694.0,22,6241.43,1397,45,283.7013636363636,551,138.69844444444445,4.908256880733945,0.2742580147276755,0.08181818181818182,45,145.00542857142858,2.991711151333104,-6.988329670329668,0.22727272727272727,1,0
15695.0,4,1131.04,484,55,282.76,501,20.564363636363634,7.120689655172414,0.15651636924828147,0.03389830508474576,55,30.685000000000002,3.737765313430165,30.685000000000002,0.0,1,0
15696.0,18,2655.91,1073,116,147.55055555555555,503,22.895775862068966,2.723529411764706,0.18544747784249635,0.029239766081871343,116,52.65200000000002,8.033870174201235,10.517166666666668,0.3888888888888889,1,0
15697.0,1,246.75,127,14,246.75,509,17.625,0.0,0.0,0.07142857142857142,14,0.0,3.063084436272736,0.0,0.0,1,1
15698.0,1,46.2,60,2,46.2,443,23.1,0.0,0.0,0.5,2,0.0,0.42426406871192857,0.0,0.0,1,1
15702.0,1,112.57000000000001,102,29,112.57000000000001,295,3.8817241379310348,0.0,0.0,0.034482758620689655,29,0.0,2.470564692833975,0.0,0.0,0,1
15703.0,1,211.5,66,5,211.5,84,42.3,0.0,0.0,0.2,5,0.0,1.8061007723823166,0.0,0.0,1,0
15704.0,5,2877.56,1319,110,575.512,402,26.159636363636363,2.453416149068323,0.10276006227716511,0.024691358024691357,115,333.075,2.8222954682299943,-20.641999999999985,0.2,1,0
15705.0,1,143.1,62,6,143.1,20,23.849999999999998,0.0,0.0,0.16666666666666666,6,0.0,3.0106477708293946,0.0,0.0,1,0
15708.0,10,2580.9900000000002,996,98,258.09900000000005,245,26.336632653061226,0.8252032520325203,0.12576748410545235,0.032388663967611336,98,-256.51,2.6640144882812518,47.62314285714285,0.3,1,0
15709.0,2,327.85,169,26,163.925,408,12.609615384615385,11.73076923076923,0.19289135873750865,0.07407407407407407,26,-61.349999999999994,5.176280000528821,-61.349999999999994,0.0,1,1
15710.0,1,898.87,641,110,898.87,236,8.171545454545454,0.0,0.0,0.00909090909090909,110,0.0,2.2240142384385297,0.0,0.0,1,1
15711.0,2,420.25,199,25,210.125,504,16.81,5.333333333333333,0.19659963297554806,0.04,25,206.95000000000002,2.5877145643727144,206.95000000000002,0.0,1,1
15712.0,10,2853.75,966,74,285.375,558,38.564189189189186,3.9357142857142855,0.20675523986155864,0.04964539007092199,82,-50.24285714285714,2.6807424703806464,-26.215000000000003,0.1,1,0
15713.0,5,629.29,356,39,125.85799999999999,543,16.135641025641025,8.418604651162791,0.2078173534300674,0.06818181818181818,39,-50.19100000000002,4.333252145252343,-50.19100000000002,0.4,1,1
15714.0,3,453.93,175,14,151.31,375,32.42357142857143,7.769230769230769,0.28204527430919624,0.07142857142857142,14,-146.07,1.369256837015717,-146.07,0.0,1,1
15715.0,5,658.02,246,33,131.60399999999998,439,19.939999999999998,1.7027027027027026,0.20046084651294865,0.07894736842105263,34,-61.879999999999995,2.4277022016889442,-93.45499999999998,0.0,1,1
15716.0,10,2266.37,1277,174,226.637,552,13.025114942528734,2.030888030888031,0.15362050243359165,0.026923076923076925,176,-3.911785714285716,2.708077478460251,8.602969696969698,0.0,1,0
15717.0,5,607.0,224,17,121.4,412,35.705882352941174,15.478260869565217,0.3581624551256135,0.20833333333333334,17,-10.440000000000003,2.6378507047556177,17.78,0.0,1,0
15718.0,1,293.79,95,18,293.79,359,16.32166666666667,0.0,0.0,0.05555555555555555,18,0.0,2.4956288583627195,0.0,0.0,1,1
15719.0,32,7517.67,3918,365,234.9271875,558,20.59635616438356,0.40168970814132104,0.10024951922337949,0.016116653875671526,390,44.35750000000001,2.155341944147602,4.383529411764706,0.21875,1,0
15720.0,1,140.49,46,25,140.49,369,5.6196,0.0,0.0,0.04,25,0.0,3.416695625893533,0.0,0.0,1,1
15722.0,12,3655.94,1533,85,304.6616666666667,459,43.01105882352941,2.859872611464968,0.14823633455283686,0.03164556962025317,85,-59.91700000000001,3.5579054228781297,-55.17485714285715,0.3333333333333333,1,0
15723.0,4,930.7,427,108,232.675,393,8.617592592592594,1.7049180327868851,0.12730737645045226,0.024390243902439025,108,120.13999999999999,2.415054355147728,-6.874000000000007,0.0,1,1
15724.0,5,299.8,114,17,59.96,220,17.63529411764706,10.421052631578947,0.3480287727957457,0.1,17,13.550000000000002,1.6284154390404382,-2.8299999999999983,0.4,1,0
15726.0,1,321.91,123,23,321.91,209,13.99608695652174,0.0,0.0,0.043478260869565216,23,0.0,3.6781537515121423,0.0,0.0,1,1
15727.0,12,7443.62,4260,344,620.3016666666666,504,21.63843023255814,0.88909426987061,0.09851584975264643,0.016605166051660517,358,8.191428571428553,19.36236378875491,-10.323757575757575,0.0,1,0
15728.0,2,544.6,132,10,272.3,263,54.46,5.818181818181818,0.2866561731678139,0.16666666666666666,10,49.39999999999998,0.5322906474223771,49.39999999999998,0.0,1,1
15729.0,5,154.70000000000002,40,10,30.940000000000005,222,15.470000000000002,17.0,0.32187149926988007,0.23076923076923078,10,-30.700000000000003,1.4009612084894816,-30.700000000000003,0.4,1,0
15730.0,5,1054.73,678,65,210.946,250,16.226615384615386,3.0684931506849313,0.13970256133696152,0.04054054054054054,65,-144.86999999999995,2.7943610014001186,83.36500000000001,0.4,1,0
15731.0,1,125.3,122,8,125.3,373,15.6625,0.0,0.0,0.125,8,0.0,0.38890872965260104,0.0,0.0,1,1
15732.0,12,1499.42,1255,53,124.95166666666667,493,28.290943396226417,4.524752475247524,0.19561981245481688,0.049019607843137254,61,-119.62200000000001,1.7793639593367205,-44.568,0.16666666666666666,1,0
15733.0,1,162.3,62,10,162.3,102,16.23,0.0,0.0,0.1,10,0.0,3.048405776430982,0.0,0.0,1,1
15734.0,3,1502.5,303,22,500.8333333333333,366,68.29545454545455,12.814814814814815,0.2544337948920649,0.10714285714285714,22,134.00000000000003,54.9155362445979,134.00000000000003,0.0,1,0
15735.0,1,327.68,206,19,327.68,240,17.246315789473684,0.0,0.0,0.05263157894736842,19,0.0,4.87265865202779,0.0,0.0,1,1
15736.0,3,1668.67,1199,95,556.2233333333334,254,17.564947368421052,0.049019607843137254,0.032787417435822266,0.02912621359223301,95,-1865.57,3.4216749761058938,-1865.57,0.3333333333333333,1,1
15737.0,7,657.13,361,39,93.87571428571428,62,16.84948717948718,1.1702127659574468,0.1386418576456712,0.08333333333333333,39,0.0,2.8672886097550774,-281.43,0.42857142857142855,1,0
15738.0,39,11132.06,7792,66,285.4374358974359,548,168.66757575757575,1.2553699284009547,0.20584983959871916,0.05952380952380952,92,-33.324642857142855,1.5388583053932343,-28.216491228070172,0.10256410256410256,1,0
15741.0,2,208.62,70,11,104.31,438,18.965454545454545,14.545454545454545,0.29538826922469613,0.16666666666666666,11,82.32,2.9388845544257816,82.32,0.0,1,1
15742.0,1,156.87,51,41,156.87,438,3.82609756097561,0.0,0.0,0.024390243902439025,41,0.0,3.403494079797923,0.0,0.0,1,1
15743.0,1,322.55,91,18,322.55,4,17.919444444444444,0.0,0.0,0.05555555555555555,18,0.0,3.442639206463895,0.0,0.0,1,0
15745.0,1,302.85,127,18,302.85,55,16.825000000000003,0.0,0.0,0.05555555555555555,18,0.0,3.7276600801578748,0.0,0.0,1,0
15747.0,7,1551.22,877,78,221.60285714285715,510,19.887435897435896,2.4761904761904763,0.17506311044340617,0.03937007874015748,79,139.112,1.6886834312663876,43.141714285714286,0.14285714285714285,1,1
15748.0,2,465.45000000000005,211,16,232.72500000000002,268,29.090625000000003,0.0,0.0,0.0625,16,0.0,2.2247073777615487,0.0,0.0,1,1
15749.0,4,21535.9,9014,6,5383.975,151,3589.316666666667,6.928571428571429,0.25733486164491765,0.2,6,-24460.9,1.851950580437003,-24460.9,0.25,1,0
15750.0,19,4510.47,3040,281,237.39315789473685,557,16.05149466192171,1.0771084337349397,0.10125026412201776,0.016826923076923076,291,124.15199999999999,3.243235173769734,8.386071428571432,0.3157894736842105,1,1
15751.0,14,1318.84,437,90,94.20285714285714,552,14.653777777777776,2.030075187969925,0.16865171225473333,0.03731343283582089,91,-59.974000000000004,3.9213927289675645,-43.14228571428571,0.21428571428571427,1,1
15752.0,5,2340.9900000000002,1607,266,468.19800000000004,277,8.800714285714287,0.6112759643916914,0.08316754790870767,0.008875739644970414,266,-117.64299999999999,1.446334523236306,-71.603,0.0,1,0
15753.0,1,79.2,144,1,79.2,124,79.2,0.0,0.0,1.0,1,0.0,0.0,0.0,0.0,1,1
15754.0,9,2637.9900000000002,1594,96,293.11,474,27.4790625,3.6576576576576576,0.13959123256821937,0.026785714285714284,99,-503.79499999999996,8.521936637056761,-217.3528571428572,0.2222222222222222,1,0
15755.0,14,4238.8,2957,208,302.7714285714286,555,20.378846153846155,1.8364312267657992,0.18008065137987445,0.018518518518518517,214,-64.785,2.2665026861986077,-3.77958041958042,0.07142857142857142,1,0
15756.0,2,244.17,105,83,122.085,68,2.9418072289156627,0.4235294117647059,0.08635089732988373,0.023255813953488372,83,0.0,2.0657510335036355,-3.010000000000005,0.0,1,0
15757.0,5,2487.3,1433,140,497.46000000000004,366,17.766428571428573,2.0122699386503067,0.12572811224311428,0.024390243902439025,141,-82.47600000000001,3.7515372414051225,-43.52000000000001,0.0,1,0
15759.0,10,810.98,518,10,81.098,557,81.098,27.105263157894736,0.7435463930816382,0.3,10,-7.187500000000003,2.927835737411366,-3.5198333333333345,0.3,1,0
15761.0,1,143.05,31,5,143.05,262,28.610000000000003,0.0,0.0,0.2,5,0.0,5.072277594927154,0.0,0.0,1,1
15764.0,7,2902.33,1760,123,414.61857142857144,297,23.596178861788616,1.8024691358024691,0.1168754534318554,0.024539877300613498,127,-6.532999999999987,3.5501016570450608,56.12400000000002,0.2857142857142857,1,0
15765.0,1,370.63,335,25,370.63,486,14.8252,0.0,0.0,0.04,25,0.0,3.5590472507868354,0.0,0.0,1,1
15766.0,3,484.6,160,15,161.53333333333333,501,32.306666666666665,14.8125,0.25927766949993264,0.11764705882352941,15,81.39999999999998,3.7916486209439135,81.39999999999998,0.3333333333333333,1,1
15768.0,34,15164.58,4122,434,446.0170588235294,556,34.941428571428574,0.43166666666666664,0.051441667057888725,0.019150707743547043,447,-891.762,5.963444469319909,-234.54936363636367,0.029411764705882353,1,0
15769.0,33,60249.52,34408,18,1825.7430303030303,548,3347.1955555555555,3.5170068027210886,0.33845667089127895,0.11486486486486487,24,1377.1885714285713,0.662145845561432,195.04676986584107,0.0,1,0
15770.0,1,321.45,67,18,321.45,432,17.858333333333334,0.0,0.0,0.05555555555555555,18,0.0,3.2413787109365084,0.0,0.0,1,1
15771.0,3,1006.54,512,26,335.5133333333333,513,38.71307692307692,3.2962962962962963,0.19850913550664465,0.10714285714285714,26,374.03999999999996,2.347442236330865,374.03999999999996,0.0,1,1
15772.0,1,280.88,110,16,280.88,237,17.555,0.0,0.0,0.0625,16,0.0,3.145737857270797,0.0,0.0,1,1
15773.0,1,138.84,99,37,138.84,228,3.7524324324324327,0.0,0.0,0.02702702702702703,37,0.0,1.90588676325598,0.0,0.0,1,1
15774.0,5,1016.29,377,68,203.25799999999998,475,14.945441176470588,2.855421686746988,0.19826595189818938,0.07142857142857142,68,33.32499999999999,3.7501107040458104,33.49699999999999,0.0,1,1
15775.0,2,150.5,260,9,75.25,451,16.72222222222222,48.25,0.3509815621716877,0.1111111111111111,9,59.300000000000004,2.564751991475546,59.300000000000004,0.0,1,0
15777.0,9,1732.1599999999999,595,29,192.4622222222222,388,59.729655172413786,8.1,0.28658412698690866,0.12195121951219512,29,20.02799999999998,3.613873285264886,38.637142857142855,0.2222222222222222,1,0
15778.0,1,307.95,101,17,307.95,250,18.11470588235294,0.0,0.0,0.058823529411764705,17,0.0,2.7077503143210753,0.0,0.0,1,1
15779.0,2,124.08000000000001,20,8,62.040000000000006,351,15.510000000000002,9.857142857142858,0.36400691123200063,0.125,8,-10.679999999999993,3.867620161583311,-10.679999999999993,0.0,1,1
15780.0,3,475.28000000000003,220,26,158.42666666666668,177,18.28,6.178571428571429,0.24824792237476093,0.06896551724137931,26,120.97999999999999,3.3290567681427783,-52.315,0.0,1,0
15781.0,1,83.35,29,5,83.35,125,16.669999999999998,0.0,0.0,0.2,5,0.0,5.097352253866707,0.0,0.0,1,1
15782.0,2,1391.71,979,19,695.855,541,73.24789473684211,16.166666666666668,0.23231521576784048,0.05263157894736842,19,1407.0099999999998,2.1505538522308685,1407.0099999999998,0.5,1,1
15784.0,2,848.3299999999999,381,33,424.16499999999996,491,25.706969696969693,4.857142857142857,0.14955232145144604,0.046511627906976744,39,-84.05000000000001,3.8794367163133874,-84.05000000000001,0.0,1,1
15785.0,22,4840.2,3585,87,220.0090909090909,543,55.634482758620685,2.58128078817734,0.2172055846409468,0.04411764705882353,93,33.15285714285714,4.011197974793508,-0.19978021978021862,0.4090909090909091,1,0
15786.0,4,3558.65,2562,166,889.6625,356,21.43765060240964,0.6218905472636815,0.08974826706666562,0.01485148514851485,174,3.3250000000000455,8.210514704884654,3.3250000000000455,0.5,1,1
15788.0,2,215.53,112,14,107.765,328,15.395,0.5,0.17416573867739416,0.13333333333333333,14,0.0,4.90254083783773,0.0,0.5,1,1
15789.0,7,1932.01,2475,110,276.00142857142856,443,17.563727272727274,1.8920863309352518,0.15766788316233443,0.02857142857142857,111,94.65099999999998,2.5098629074069736,-14.145,0.14285714285714285,1,1
15791.0,8,3152.34,1776,113,394.0425,461,27.89681415929204,2.8354430379746836,0.1107227678796181,0.031446540880503145,122,107.446,2.211196960708082,5.694285714285726,0.5,1,0
15792.0,2,933.84,606,57,466.92,438,16.383157894736843,3.892857142857143,0.1291957030067209,0.017543859649122806,57,-19.840000000000032,1.926288960774318,-19.840000000000032,0.0,1,1
15793.0,6,1740.6,1324,9,290.09999999999997,557,193.39999999999998,23.4,0.49640748925181083,0.2857142857142857,9,6.292571428571423,1.5923752847928305,6.292571428571423,0.0,1,0
15794.0,2,777.0,288,15,388.5,556,51.8,0.0,0.0,0.06666666666666667,15,0.0,2.1948695589834903,0.0,0.0,1,1
15795.0,7,1369.8600000000001,830,74,195.69428571428574,510,18.51162162162162,2.9431818181818183,0.15998828874433493,0.033707865168539325,74,-237.925,2.0076924651772035,20.17300000000001,0.0,1,1
15796.0,17,3604.69,1266,134,212.0405882352941,558,26.900671641791046,2.3405172413793105,0.17407799390699727,0.03862660944206009,139,101.44928571428571,4.057158799461655,26.01945454545455,0.23529411764705882,1,0
15797.0,4,2438.88,1136,10,609.72,500,243.888,51.77777777777778,0.5471026293189721,0.1,10,127.016,0.9681649308528651,127.016,0.0,1,0
15798.0,3,1535.37,915,73,511.78999999999996,501,21.032465753424656,2.292682926829268,0.12537985804466897,0.024096385542168676,71,-713.95,2.3541389826625463,22.215000000000032,0.0,1,1
15799.0,3,1018.4399999999999,925,91,339.47999999999996,237,11.19164835164835,2.532608695652174,0.13508090567542846,0.021505376344086023,91,-188.08999999999997,2.847410579447165,-188.08999999999997,0.0,1,0
15800.0,6,774.68,351,110,129.11333333333332,437,7.042545454545454,2.8984375,0.11957811640171982,0.023255813953488372,111,-58.26499999999998,3.1032946163352246,-58.26499999999998,0.0,1,0
15803.0,3,1513.84,740,42,504.6133333333333,495,36.04380952380952,5.476190476190476,0.1621977112068492,0.046511627906976744,43,306.24,2.5261465057133554,306.24,0.0,1,1
15804.0,1,525.36,314,34,525.36,18,15.451764705882354,0.0,0.0,0.029411764705882353,34,0.0,3.7605682336962327,0.0,0.0,1,0
15805.0,28,6938.12,4423,257,247.79,548,26.996575875486382,1.349246231155779,0.14684813314991121,0.017543859649122806,272,157.49499999999998,2.6994239881659565,12.294549450549447,0.2857142857142857,1,0
15806.0,1,300.36,274,16,300.36,96,18.7725,0.0,0.0,0.0625,16,0.0,1.6903806277482791,0.0,0.0,1,1
15807.0,3,903.67,1101,41,301.2233333333333,485,22.04073170731707,6.425,0.2170038495033635,0.024390243902439025,41,54.87,2.8735020487882457,54.87,0.3333333333333333,1,1
15808.0,24,17038.95,6726,349,709.9562500000001,557,48.82220630372493,0.5356234096692112,0.11441256273559859,0.025412960609911054,366,-108.47171428571428,2.959674230290718,-38.75773626373627,0.125,1,1
15809.0,7,862.88,649,45,123.26857142857143,354,19.17511111111111,6.96,0.26407443497552885,0.0392156862745098,45,-12.957999999999998,57.225773877188736,-40.64914285714286,0.14285714285714285,1,0
15810.0,8,2433.4900000000002,1303,76,304.18625000000003,537,32.0196052631579,3.4927536231884058,0.18107170464662625,0.03597122302158273,98,35.289428571428566,2.9070856849510966,66.49440476190476,0.25,1,0
15811.0,7,2427.37,1122,160,346.76714285714286,207,15.1710625,0.8294930875576036,0.10966280177906412,0.01834862385321101,160,-613.91,2.8001216974114795,-204.56400000000005,0.2857142857142857,1,0
15812.0,11,4439.25,3109,83,403.5681818181818,543,53.484939759036145,4.577586206896552,0.25509706686479555,0.05128205128205128,84,1.3562857142856874,4.5300245993389465,7.319575757575761,0.09090909090909091,1,0
15813.0,2,1303.9099999999999,603,40,651.9549999999999,59,32.59775,0.7948717948717948,0.13327891085324156,0.025,40,0.0,3.60170828414831,-237.39,0.0,1,0
15814.0,2,689.11,457,23,344.555,422,29.961304347826086,8.4,0.19534883720930232,0.07692307692307693,23,100.95000000000005,2.8447178851608195,100.95000000000005,0.0,1,1
15815.0,3,1394.08,1068,12,464.6933333333333,79,116.17333333333333,2.611111111111111,0.2817166595917643,0.15789473684210525,12,540.08,2.2843483465577337,43.54000000000002,0.0,1,0
15816.0,3,93.3,51,11,31.099999999999998,361,8.481818181818182,0.0,0.0,0.16666666666666666,11,0.0,5.772859697836861,0.0,0.3333333333333333,1,1
15817.0,3,2766.4,1596,133,922.1333333333333,362,20.8,0.8013245033112583,0.09960975915968301,0.019736842105263157,132,-152.48000000000002,3.0887398123574545,-152.48000000000002,0.0,1,1
15818.0,1,340.5,284,11,340.5,407,30.954545454545453,0.0,0.0,0.09090909090909091,11,0.0,1.3132575735724712,0.0,0.0,1,1
15819.0,9,3182.97,2470,163,353.6633333333333,451,19.527423312883435,1.976958525345622,0.13018508685213173,0.022935779816513763,166,-22.187,1.5279920347941227,20.732857142857142,0.1111111111111111,1,0
15820.0,1,206.98,128,17,206.98,139,12.175294117647057,0.0,0.0,0.058823529411764705,17,0.0,1.2152698804598678,0.0,0.0,1,1
15822.0,7,1352.44,727,38,193.2057142857143,552,35.590526315789475,7.0,0.26879375241833964,0.07407407407407407,38,16.780999999999995,2.8056974391754483,13.997714285714277,0.2857142857142857,1,1
15823.0,5,3047.76,1487,157,609.552,550,19.412484076433124,2.2923976608187133,0.08211149493393656,0.011627906976744186,161,-2339.515,3.9175838887114853,-2339.515,0.6,1,1
15824.0,2,890.94,478,24,445.47,351,37.1225,3.12,0.18795180722891566,0.07692307692307693,25,101.33999999999997,1.9696567838468315,101.33999999999997,0.0,1,1
15826.0,3,1653.77,1337,66,551.2566666666667,387,25.057121212121213,4.506329113924051,0.1109936523841386,0.0375,68,-213.76999999999998,2.973933762765481,-213.76999999999998,0.3333333333333333,1,0
15827.0,36,2561.9700000000003,1238,98,71.16583333333334,520,26.142551020408167,2.515,0.2425618223081477,0.04477611940298507,103,-39.51057142857144,4.4597214891957115,-6.253607142857142,0.3333333333333333,1,0
15828.0,1,1108.82,367,74,1108.82,194,14.984054054054052,0.0,0.0,0.013513513513513514,74,0.0,3.6363193429028,0.0,0.0,1,1
15831.0,2,255.94,300,18,127.97,143,14.21888888888889,0.0,0.0,0.05555555555555555,18,0.0,1.53853635564684,0.0,0.5,1,1
15832.0,1,836.79,465,54,836.79,73,15.49611111111111,0.0,0.0,0.018518518518518517,54,0.0,1.4426358092973248,0.0,0.0,1,0
15833.0,1,80.4,24,5,80.4,557,16.080000000000002,0.0,0.0,0.2,5,0.0,1.9559524534098474,0.0,0.0,1,1
15834.0,6,2785.66,1255,244,464.27666666666664,243,11.416639344262295,0.5468164794007491,0.07310177085509863,0.011194029850746268,244,-245.12000000000012,10.97522247160351,-2.568000000000029,0.16666666666666666,1,1
15835.0,2,488.31,243,25,244.155,150,19.5324,2.8,0.18666666666666662,0.07692307692307693,25,0.0,3.3882122356555757,-113.91000000000003,0.0,1,0
15837.0,1,385.03000000000003,216,28,385.03000000000003,305,13.75107142857143,0.0,0.0,0.03571428571428571,28,0.0,3.0185273354952864,0.0,0.0,1,1
15838.0,25,47304.729999999996,40615,45,1892.1891999999998,544,1051.216222222222,5.346938775510204,0.34182792021999797,0.1111111111111111,47,1644.6025,1.1974246827898787,156.96692857142855,0.12,1,0
15841.0,9,2110.7,1802,47,234.5222222222222,549,44.90851063829787,7.6571428571428575,0.25028002236499836,0.04225352112676056,58,-104.49600000000001,2.660489546637348,-70.12607142857142,0.2222222222222222,1,0
15842.0,3,528.75,288,24,176.25,347,22.03125,5.148148148148148,0.19231575690151195,0.10714285714285714,24,183.64999999999998,2.7584140399644532,183.64999999999998,0.3333333333333333,1,1
15843.0,1,118.95000000000002,27,8,118.95000000000002,123,14.868750000000002,0.0,0.0,0.125,8,0.0,4.7979487804685865,0.0,0.0,1,1
15845.0,8,2108.94,855,77,263.6175,501,27.38883116883117,4.885416666666667,0.19644696833465225,0.030927835051546393,77,93.846,3.167300554886262,20.390952380952378,0.25,1,0
15846.0,1,107.01,79,27,107.01,204,3.9633333333333334,0.0,0.0,0.06896551724137931,27,0.0,0.8998615109650241,0.0,0.0,1,1
15847.0,4,613.98,542,28,153.495,461,21.927857142857142,10.352941176470589,0.24729900529432727,0.08571428571428572,28,23.838,2.9776581232840793,23.838,0.0,1,1
15848.0,1,137.99,45,34,137.99,441,4.058529411764706,0.0,0.0,0.029411764705882353,34,0.0,2.795027303844009,0.0,0.0,1,1
15850.0,4,771.87,1036,197,192.9675,545,3.9181218274111673,1.6036866359447004,0.09278790552803917,0.022935779816513763,198,223.965,1.8218113840988677,223.965,0.0,1,1
15851.0,1,109.73,67,8,109.73,346,13.71625,0.0,0.0,0.125,8,0.0,1.8111223828649146,0.0,0.0,1,1
15852.0,3,257.26,60,31,85.75333333333333,346,8.298709677419355,10.59375,0.17916224586894314,0.06060606060606061,31,64.16000000000001,5.033502718903817,-19.525,0.0,1,0
15854.0,15,4193.55,1345,134,279.57,549,31.295149253731346,2.534313725490196,0.19152469307411696,0.05365853658536585,136,29.306571428571427,2.2951374878198854,7.541153846153845,0.0,1,0
15855.0,5,815.1700000000001,561,64,163.03400000000002,295,12.737031250000001,3.9863013698630136,0.1517820145069228,0.02702702702702703,64,19.204999999999984,1.0641363153945915,-37.208999999999996,0.0,1,0
15856.0,38,23414.9,13132,234,616.1815789473685,555,100.06367521367522,0.7797101449275362,0.14313208400927924,0.03473227206946455,244,78.85928571428569,1.735329711923864,-4.988854489164087,0.10526315789473684,1,0
15857.0,1,273.48,276,10,273.48,249,27.348000000000003,0.0,0.0,0.1,10,0.0,2.967632988689059,0.0,0.0,1,1
15858.0,12,2898.56,2271,232,241.54666666666665,549,12.493793103448276,1.24,0.1313009014570114,0.017094017094017096,243,21.986857142857133,3.4480125006029496,14.730476190476189,0.16666666666666666,1,1
15859.0,1,438.46,174,22,438.46,251,19.93,0.0,0.0,0.045454545454545456,22,0.0,4.688175232751759,0.0,0.0,1,1
15860.0,12,1813.9,999,191,151.15833333333333,553,9.496858638743456,1.9372549019607843,0.1397444121194112,0.03125,193,81.438,2.8681854617749627,15.742142857142856,0.0,1,0
15861.0,8,1911.42,1848,268,238.9275,499,7.132164179104478,1.1349862258953167,0.08425679327885384,0.013736263736263736,282,75.196,1.6176942565628787,59.602000000000004,0.25,1,0
15862.0,11,2165.27,1289,366,196.84272727272727,542,5.91603825136612,1.186206896551724,0.094763428442117,0.016055045871559634,370,-48.65971428571428,2.9758336168145587,-51.541785714285716,0.0,1,0
15863.0,4,295.46,145,58,73.865,542,5.094137931034482,8.816666666666666,0.15628634928127083,0.04918032786885246,58,-27.624000000000006,1.947338592959225,-27.624000000000006,0.0,1,0
15864.0,3,472.96,400,9,157.65333333333334,200,52.55111111111111,6.2727272727272725,0.3057694757104479,0.16666666666666666,9,-15.920000000000016,2.9000568176252246,-129.17000000000002,0.3333333333333333,1,1
15865.0,3,1660.22,951,99,553.4066666666666,522,16.76989898989899,4.841584158415841,0.1351154085244316,0.0196078431372549,99,-196.30999999999997,3.6570412001698673,-196.30999999999997,0.0,1,0
15867.0,29,7045.79,3960,463,242.95827586206897,544,15.21768898488121,0.6471306471306472,0.12077387343219775,0.020731707317073172,485,-33.60142857142856,3.067931870965972,-23.218382352941177,0.10344827586206896,1,0
15868.0,1,94.53,57,4,94.53,402,23.6325,0.0,0.0,0.25,4,0.0,2.220561115273945,0.0,0.0,1,1
15869.0,3,321.11,273,29,107.03666666666668,445,11.072758620689656,10.575757575757576,0.17125872620934854,0.058823529411764705,29,-21.830000000000013,1.5257502464744208,-21.830000000000013,0.0,1,1
15870.0,3,506.02,171,61,168.67333333333332,265,8.295409836065573,0.7205882352941176,0.10379940756798874,0.028985507246376812,61,-229.46,5.305562158004251,-229.46,0.0,1,1
15871.0,1,33.099999999999994,5,5,33.099999999999994,256,6.619999999999999,0.0,0.0,0.2,5,0.0,3.4131363875473832,0.0,0.0,1,1
15872.0,2,413.0,280,70,206.5,369,5.9,2.1645569620253164,0.10694978160269482,0.025,70,174.91999999999996,2.748321694430248,174.91999999999996,0.0,1,1
15873.0,5,138.23999999999998,576,3,27.647999999999996,320,46.07999999999999,0.875,0.28224258113049266,0.4444444444444444,3,0.0,0.14730919862656236,-489.59999999999997,0.2,1,1
15874.0,22,8940.53,3591,238,406.3877272727273,520,37.56525210084034,1.485981308411215,0.1459877000476539,0.018633540372670808,242,-121.45800000000003,27.384894410410862,-6.569475524475523,0.13636363636363635,1,0
15875.0,1,108.52,74,18,108.52,465,6.028888888888889,0.0,0.0,0.08695652173913043,18,0.0,0.9376889005999274,0.0,0.0,1,1
15876.0,2,1449.1399999999999,886,11,724.5699999999999,267,131.73999999999998,3.9,0.29250988227108565,0.09090909090909091,11,-12.459999999999923,3.5723824492397735,-12.459999999999923,0.0,1,1
15878.0,2,330.77,243,47,165.385,553,7.037659574468084,3.42,0.13580562083296796,0.0392156862745098,47,-93.49,1.9855710296349234,-93.49,0.0,1,1
15879.0,4,1137.8,639,171,284.45,541,6.653801169590643,1.7696629213483146,0.1127676011654094,0.0111731843575419,172,53.28399999999999,5.420112606220833,53.28399999999999,0.0,1,1
15880.0,2,299.03,178,95,149.515,188,3.1476842105263154,0.0,0.0,0.020618556701030927,95,0.0,2.118487133842048,0.0,0.5,1,1
15881.0,8,438.24,199,26,54.78,183,16.855384615384615,1.6451612903225807,0.16794187943820435,0.09375,26,209.34,2.344154018940763,209.34,0.375,1,1
15882.0,10,1096.31,625,48,109.631,548,22.839791666666667,8.94915254237288,0.2531345109254544,0.06666666666666667,49,25.428000000000004,1.359712446752293,11.383142857142863,0.2,1,0
15884.0,2,244.60000000000002,152,14,122.30000000000001,555,17.47142857142857,23.307692307692307,0.27408857856138646,0.07142857142857142,14,-228.8,1.6692776617710763,-228.8,0.0,1,1
15885.0,17,1358.22,486,68,79.89529411764705,507,19.973823529411764,2.9029126213592233,0.2703083869017695,0.10576923076923077,68,-13.886,4.022315139494173,-4.174333333333334,0.29411764705882354,1,1
15886.0,3,871.78,520,47,290.5933333333333,417,18.548510638297873,3.693877551020408,0.13753799392097266,0.04,47,283.03999999999996,2.813132911099332,283.03999999999996,0.0,1,1
15887.0,3,1027.15,605,27,342.3833333333334,375,38.0425925925926,4.111111111111111,0.2174162564582685,0.08108108108108109,27,-26.07499999999999,1.9376526385675394,-26.07499999999999,0.0,1,1
15888.0,2,260.85,63,24,130.425,346,10.86875,4.8076923076923075,0.18842968212924713,0.07407407407407407,24,97.35,3.6130461613578313,97.35,0.0,1,1
15889.0,8,1264.5,723,236,158.0625,549,5.358050847457627,1.302919708029197,0.08642243803338363,0.014545454545454545,237,76.465,2.6711243692780937,-22.604,0.125,1,1
15890.0,5,535.65,119,10,107.13,424,53.565,23.22222222222222,0.34109382878808875,0.1,10,-38.24999999999997,23.816524632186695,-38.24999999999997,0.0,1,1
15891.0,1,509.13,417,59,509.13,46,8.629322033898305,0.0,0.0,0.01694915254237288,59,0.0,2.9107525723938217,0.0,0.0,1,0
15892.0,1,128.2,46,38,128.2,488,3.3736842105263154,0.0,0.0,0.02631578947368421,38,0.0,2.446726090779297,0.0,0.0,1,1
15893.0,1,305.28000000000003,288,1,305.28000000000003,301,305.28000000000003,0.0,0.0,1.0,1,0.0,0.0,0.0,0.0,1,1
15894.0,2,257.6,163,34,128.8,188,7.576470588235295,3.2857142857142856,0.1607606522939292,0.05555555555555555,34,-43.98000000000002,1.8081644643556984,-43.98000000000002,0.0,1,0
15897.0,2,208.59,223,17,104.295,13,12.27,0.0,0.0,0.09090909090909091,17,0.0,1.4863995984370306,0.0,0.0,1,0
15898.0,28,4544.86,1994,282,162.31642857142856,547,16.116524822695034,0.8101472995090017,0.11717728888744035,0.024509803921568627,293,-85.53785714285715,2.935347268910745,-17.419249999999995,0.14285714285714285,1,0
15899.0,1,56.25,39,4,56.25,188,14.0625,0.0,0.0,0.25,4,0.0,5.7592678932887535,0.0,0.0,1,1
15900.0,4,539.39,438,68,134.8475,382,7.932205882352941,1.860759493670886,0.10818083355896663,0.025,68,266.94999999999993,1.7891093887918903,266.94999999999993,0.25,1,1
15901.0,3,318.14,314,48,106.04666666666667,363,6.627916666666667,1.82,0.14690851459659163,0.058823529411764705,48,-82.54,2.6447946211823887,-82.54,0.0,1,1
15902.0,1,145.01,124,18,145.01,199,8.056111111111111,0.0,0.0,0.05555555555555555,18,0.0,1.7329555583800358,0.0,0.0,1,1
15903.0,10,4374.7,2183,39,437.46999999999997,550,112.17179487179487,7.114285714285714,0.23854170135564276,0.04225352112676056,39,180.21314285714283,2.132329018292796,50.926428571428566,0.3,1,0
15905.0,1,114.69,82,22,114.69,362,5.213181818181818,0.0,0.0,0.045454545454545456,22,0.0,2.2492685198657085,0.0,0.0,1,1
15906.0,8,1557.91,421,84,194.73875,270,18.54654761904762,1.9322033898305084,0.1473555305735818,0.03361344537815126,85,3.897000000000003,4.081725443372192,39.114000000000004,0.25,1,0
15907.0,1,223.07,146,46,223.07,29,4.849347826086956,0.0,0.0,0.0392156862745098,46,0.0,2.298972507063818,0.0,0.0,1,0
15908.0,2,758.62,173,37,379.31,331,20.503243243243244,0.5384615384615384,0.12342416872647619,0.05,37,0.0,5.711113232897275,391.7800000000001,0.0,1,1
15910.0,11,1982.9,1576,322,180.26363636363638,507,6.158074534161491,0.9754098360655737,0.12029212065292808,0.014314928425357873,326,-15.400571428571425,1.8016575917128814,-2.6853636363636357,0.0,1,0
15911.0,8,1683.79,784,161,210.47375,549,10.458322981366459,0.40784313725490196,0.100117940839508,0.01953125,162,-8.31000000000006,2.104321510513031,-110.917,0.0,1,1
15912.0,8,951.57,640,77,118.94625,548,12.35805194805195,5.625,0.18932043599057136,0.033707865168539325,77,-51.526,3.042487604291531,-51.526,0.0,1,0
15913.0,1,6.300000000000001,3,1,6.300000000000001,353,6.300000000000001,0.0,0.0,1.0,1,0.0,0.0,0.0,0.0,1,1
15914.0,2,205.99,149,13,102.995,197,15.845384615384615,0.0,0.0,0.07692307692307693,13,0.0,3.7736111386364417,0.0,0.0,1,1
15915.0,1,364.24,413,104,364.24,221,3.5023076923076926,0.0,0.0,0.026785714285714284,104,0.0,1.6789009373589046,0.0,0.0,1,1
15916.0,13,2376.68,1244,180,182.82153846153844,548,13.203777777777777,2.2875536480686693,0.14806236240854395,0.02564102564102564,182,-5.614285714285715,3.276794932256528,-14.075333333333333,0.23076923076923078,1,0
15917.0,5,530.17,248,127,106.03399999999999,556,4.174566929133858,3.4609929078014185,0.10611884797676865,0.02112676056338028,128,-82.61,2.759666785710737,-82.61,0.0,1,0
15918.0,3,582.88,240,49,194.29333333333332,451,11.895510204081633,7.333333333333333,0.15139524445781571,0.06557377049180328,49,-28.210000000000008,1.5408629333055464,-28.210000000000008,0.0,1,0
15919.0,1,214.07999999999998,175,38,214.07999999999998,188,5.633684210526315,0.0,0.0,0.05128205128205128,38,0.0,2.7082237183257263,0.0,0.0,1,1
15920.0,5,401.64,139,42,80.328,544,9.562857142857142,6.521739130434782,0.25032966818490976,0.06382978723404255,42,9.867999999999997,6.14263990291416,9.867999999999997,0.0,1,1
15921.0,3,442.58,171,51,147.52666666666667,460,8.678039215686274,4.673076923076923,0.1460590006273225,0.03773584905660377,51,242.21999999999997,3.8911439678852635,35.675,0.0,1,1
15922.0,2,363.6,136,11,181.8,192,33.054545454545455,0.0,0.0,0.16666666666666666,11,0.0,3.2708856876720995,0.0,0.5,1,1
15923.0,1,127.08,122,21,127.08,192,6.051428571428572,0.0,0.0,0.047619047619047616,21,0.0,2.6378828993107697,0.0,0.0,1,1
15924.0,1,102.82,103,14,102.82,550,7.344285714285713,0.0,0.0,0.13333333333333333,14,0.0,2.6475751709279725,0.0,0.0,1,1
15925.0,1,207.15,93,12,207.15,13,17.2625,0.0,0.0,0.08333333333333333,12,0.0,3.2438373973746066,0.0,0.0,1,0
15926.0,1,134.44,155,7,134.44,361,19.205714285714286,0.0,0.0,0.14285714285714285,7,0.0,0.450063487584966,0.0,0.0,1,1
15927.0,1,106.54,66,13,106.54,466,8.195384615384615,0.0,0.0,0.13333333333333333,13,0.0,1.4859189877295593,0.0,0.0,1,1
15928.0,1,293.53,164,11,293.53,475,26.684545454545454,0.0,0.0,0.09090909090909091,11,0.0,3.602810771404106,0.0,0.0,1,1
15929.0,1,594.0,120,1,594.0,463,594.0,0.0,0.0,1.0,1,0.0,0.0,0.0,0.0,1,1
15931.0,1,239.9,118,14,239.9,247,17.135714285714286,0.0,0.0,0.07142857142857142,14,0.0,10.203514262091435,0.0,0.0,1,1
15932.0,6,1260.48,870,44,210.08,108,28.64727272727273,1.3773584905660377,0.22864931737992808,0.05555555555555555,43,-38.360000000000014,1.8661982509770192,-6.378000000000009,0.3333333333333333,1,0
15934.0,2,2190.66,2166,29,1095.33,249,75.53999999999999,0.39285714285714285,0.12760054426944353,0.034482758620689655,29,0.0,2.0151939485434904,0.0,0.0,1,1
15936.0,2,282.79,211,16,141.395,287,17.674375,4.888888888888889,0.22486128714766696,0.10526315789473684,16,-60.45,3.2598302076114547,-60.45,0.0,1,1
15938.0,8,665.53,401,24,83.19125,376,27.730416666666667,10.696969696969697,0.3832328330266558,0.14705882352941177,25,17.598999999999997,1.9808158575888821,-0.8601190476190465,0.0,1,0
15939.0,10,7509.43,5230,50,750.943,194,150.1886,1.3282442748091603,0.19934950190767112,0.05303030303030303,50,-157.615,1.5705494879062316,-239.362,0.1,1,0
15940.0,2,3.9999999999999964,0,1,1.9999999999999982,228,3.9999999999999964,97.0,97.0,1.0,1,67.6,0.7071067811865472,67.6,0.5,1,1
15941.0,2,230.6,28,6,115.3,456,38.43333333333333,13.777777777777779,0.3254593175853019,0.2,6,-579.4,0.6713171133426187,-579.4,0.5,1,1
15943.0,2,271.28999999999996,183,12,135.64499999999998,497,22.607499999999998,2.5454545454545454,0.26957942321987927,0.08333333333333333,12,0.0,0.9803721464089775,19.890000000000015,0.0,1,1
15944.0,4,2164.24,859,25,541.06,545,86.5696,12.135135135135135,0.2608451239526787,0.07894736842105263,26,-77.11599999999999,2.7177014307786513,-77.11599999999999,0.0,1,1
15945.0,4,646.27,345,24,161.5675,557,26.927916666666665,13.777777777777779,0.2687844317989951,0.14285714285714285,24,5.596999999999997,7.341838682380269,5.596999999999997,0.0,1,1
15946.0,3,2304.18,1614,25,768.06,453,92.1672,5.24,0.19264705882352942,0.07692307692307693,25,-5.8599999999999,3.036559490354427,-5.8599999999999,0.0,1,1
15948.0,1,553.85,285,35,553.85,244,15.824285714285715,0.0,0.0,0.02857142857142857,35,0.0,1.258545579146785,0.0,0.0,1,1
15950.0,9,5623.07,2723,195,624.7855555555556,502,28.836256410256407,0.9815950920245399,0.10702550300247503,0.021406727828746176,213,444.6809999999999,3.4916103053649175,122.06085714285716,0.2222222222222222,1,1
15951.0,2,680.12,281,35,340.06,200,19.432,2.4358974358974357,0.1502511226453273,0.05,35,70.21999999999997,3.4992376825494946,70.21999999999997,0.0,1,1
15952.0,1,232.65,123,14,232.65,44,16.617857142857144,0.0,0.0,0.07142857142857142,14,0.0,3.5303479422581834,0.0,0.0,1,0
15953.0,16,2468.2,1202,69,154.2625,555,35.77101449275362,4.718181818181818,0.26547352897324855,0.08108108108108109,69,14.75571428571428,3.6892964245378965,-4.855454545454545,0.125,1,0
15954.0,1,187.8,118,19,187.8,408,9.88421052631579,0.0,0.0,0.05263157894736842,19,0.0,0.8539211243140128,0.0,0.0,1,1
15955.0,13,5096.09,2417,131,392.0069230769231,473,38.90145038167939,2.130232558139535,0.15154920670560493,0.032407407407407406,131,107.7,2.1987700534758097,-27.48781818181818,0.15384615384615385,1,0
15956.0,2,617.6,278,18,308.8,546,34.31111111111111,10.294117647058824,0.23695287234506332,0.05555555555555555,18,-35.19999999999999,0.8359566552230829,-35.19999999999999,0.0,1,1
15957.0,2,492.36,242,88,246.18,240,5.595,0.0,0.0,0.038461538461538464,88,0.0,1.4341209937258639,0.0,0.0,1,1
15958.0,3,357.77,121,45,119.25666666666666,370,7.950444444444444,2.56140350877193,0.13808902368699633,0.08620689655172414,45,229.67000000000002,2.1490290158182592,49.285000000000004,0.0,1,1
15959.0,3,542.89,269,58,180.96333333333334,501,9.360172413793103,0.0,0.0,0.028169014084507043,58,0.0,3.969317139169891,0.0,0.0,1,1
15960.0,5,394.0,257,24,78.8,254,16.416666666666668,2.269230769230769,0.25681333117721167,0.07407407407407407,24,72.19999999999999,4.6665199915899676,44.575,0.2,1,1
15961.0,1,451.28999999999996,154,42,451.28999999999996,198,10.745,0.0,0.0,0.023809523809523808,42,0.0,3.054564604736064,0.0,0.0,1,1
15962.0,1,289.48,228,43,289.48,268,6.732093023255814,0.0,0.0,0.05454545454545454,43,0.0,1.2469527301029142,0.0,0.0,1,1
15964.0,1,269.21000000000004,93,20,269.21000000000004,482,13.460500000000001,0.0,0.0,0.05,20,0.0,1.975527844186939,0.0,0.0,1,1
15965.0,11,2105.51,948,144,191.41000000000003,556,14.621597222222224,1.5336134453781514,0.14324132796950248,0.02510460251046025,147,137.317,2.173079483550231,29.167500000000008,0.09090909090909091,1,1
15966.0,2,399.58,268,27,199.79,270,14.799259259259259,0.1935483870967742,0.0931581745927793,0.0625,27,0.0,1.3582280617561748,0.0,0.5,1,1
15967.0,12,2707.82,1034,290,225.65166666666667,557,9.337310344827587,0.9518348623853211,0.11349982249361028,0.02288329519450801,296,49.27314285714287,2.6228543580057755,12.148833333333338,0.08333333333333333,1,1
15968.0,1,401.8,242,69,401.8,207,5.823188405797102,0.0,0.0,0.02531645569620253,68,0.0,2.586110329086845,0.0,0.0,1,1
15969.0,3,769.65,143,23,256.55,341,33.46304347826087,14.0,0.2643177906518214,0.08,23,102.47,4.9285742698404515,102.47,0.0,1,0
15970.0,2,1017.32,498,19,508.66,418,53.543157894736844,12.826086956521738,0.20517881064017987,0.08333333333333333,23,-389.12,2.364401715236752,-389.12,0.0,1,1
15971.0,12,1811.7800000000002,764,8,150.98166666666668,551,226.47250000000003,25.526315789473685,0.36643892494443053,0.25,8,143.82599999999996,0.9501584355419779,55.00857142857143,0.16666666666666666,1,0
15972.0,5,1769.33,468,104,353.866,419,17.01278846153846,1.0289855072463767,0.1078395637766501,0.02877697841726619,104,-393.51,10.211586377774292,-73.46900000000001,0.0,1,1
15973.0,4,457.57,175,7,114.3925,248,65.36714285714285,17.454545454545453,0.493124423970797,0.3333333333333333,7,-338.285,4.3438336649889004,-161.11700000000002,0.5,1,0
15974.0,5,2042.25,1294,90,408.45,108,22.691666666666666,0.9714285714285714,0.12554872075236548,0.02830188679245283,90,233.07000000000005,3.0393445778182815,-34.269000000000005,0.2,1,0
15976.0,5,1462.66,894,239,292.53200000000004,370,6.119916317991632,1.0,0.0805175298874862,0.01818181818181818,242,-29.71399999999999,2.17561977376986,3.101000000000005,0.0,1,0
15978.0,4,2173.84,1552,72,543.46,463,30.192222222222224,2.7160493827160495,0.11107101034750527,0.024390243902439025,72,975.6,2.4732849303878175,975.6,0.5,1,1
15979.0,1,329.22,450,22,329.22,422,14.964545454545457,0.0,0.0,0.045454545454545456,22,0.0,1.5651857005021088,0.0,0.0,1,1
15980.0,7,4857.6,3818,83,693.9428571428572,375,58.52530120481928,3.225806451612903,0.13719046230318457,0.02127659574468085,83,-675.0300000000002,1.3163705579711928,-609.7360000000001,0.2857142857142857,1,0
15981.0,22,7497.79,3769,124,340.80863636363637,440,60.46604838709678,1.7347826086956522,0.18320635453924178,0.03896103896103896,130,-201.95285714285717,2.2767337976240754,-45.803351648351665,0.22727272727272727,1,0
15982.0,1,324.51,131,45,324.51,424,7.211333333333333,0.0,0.0,0.022222222222222223,45,0.0,2.665614224136566,0.0,0.0,1,1
15983.0,7,2783.62,1680,117,397.65999999999997,552,23.79162393162393,1.6444444444444444,0.07058532520999586,0.04424778761061947,118,414.44000000000005,1.6988058857802013,-23.110000000000014,0.0,1,1
15984.0,26,6320.22,4261,318,243.0853846153846,557,19.874905660377358,0.9688109161793372,0.14305513229157227,0.021400778210116732,326,-130.41464285714284,2.595973102038673,-29.709000000000003,0.038461538461538464,1,0
15985.0,6,2472.44,2542,48,412.0733333333333,380,51.509166666666665,3.4623655913978495,0.15154193373381014,0.05319148936170213,51,205.83,1.2072920362760784,93.16400000000002,0.0,1,0
15986.0,1,186.3,100,11,186.3,201,16.936363636363637,0.0,0.0,0.09090909090909091,11,0.0,1.0025195531985671,0.0,0.0,1,1
15987.0,5,619.3,1144,50,123.85999999999999,198,12.386,3.358490566037736,0.15549418023775266,0.037037037037037035,50,185.90000000000003,1.8246060333122436,149.69,0.0,1,0
15988.0,2,579.61,294,92,289.805,476,6.300108695652174,1.141304347826087,0.0955305686901696,0.021505376344086023,91,42.00999999999999,2.326847549468287,42.00999999999999,0.0,1,1
15989.0,2,368.31,169,81,184.155,556,4.547037037037037,4.247058823529412,0.10576412894048148,0.023255813953488372,81,87.99000000000001,2.6974183457287713,87.99000000000001,0.0,1,1
15990.0,6,1607.01,814,95,267.835,469,16.915894736842105,2.4489795918367347,0.12223505889563643,0.02702702702702703,99,-19.916999999999994,2.7935602343361956,51.206999999999994,0.0,1,1
15991.0,1,150.55,41,6,150.55,353,25.09166666666667,0.0,0.0,0.16666666666666666,6,0.0,7.764899655930312,0.0,0.0,1,1
15992.0,2,854.61,497,51,427.305,273,16.757058823529412,1.14,0.12581368753204702,0.0196078431372549,51,213.11,1.7415537574809683,213.11,0.0,1,1
15994.0,4,758.07,287,69,189.5175,455,10.986521739130435,2.896103896103896,0.11357967642347132,0.038461538461538464,69,-16.16999999999996,2.406088047081754,-16.16999999999996,0.5,1,1
15995.0,1,694.54,352,108,694.54,233,6.4309259259259255,0.0,0.0,0.01818181818181818,108,0.0,2.90197974039759,0.0,0.0,1,1
15996.0,4,980.99,519,104,245.2475,216,9.432596153846154,1.0901639344262295,0.12061822007793163,0.016260162601626018,104,-253.15000000000003,3.9205006317117244,-65.31299999999999,0.0,1,0
15998.0,17,6887.19,4404,596,405.12882352941176,558,11.555687919463086,0.390325271059216,0.06742556798859063,0.0075,646,9.372285714285713,2.520257070819643,-1.156398601398597,0.23529411764705882,1,0
15999.0,1,20.4,24,1,20.4,555,20.4,0.0,0.0,1.0,1,0.0,0.0,0.0,0.0,1,1
16001.0,2,519.06,305,34,259.53,362,15.266470588235293,4.2368421052631575,0.15623928667969306,0.05128205128205128,34,647.72,2.77004270223398,647.72,0.5,1,1
16002.0,1,169.21,70,42,169.21,444,4.028809523809524,0.0,0.0,0.023809523809523808,42,0.0,2.601134524204416,0.0,0.0,1,1
16003.0,6,4059.46,1209,102,676.5766666666667,555,39.79862745098039,3.1512605042016806,0.13304313243620136,0.025,105,1337.16,16.36105732010168,194.602,0.0,1,1
16004.0,5,2146.39,1076,63,429.27799999999996,502,34.06968253968254,2.337078651685393,0.16826419714205534,0.044444444444444446,66,-189.89499999999998,3.1117954261217844,47.733000000000004,0.0,1,1
16005.0,9,2029.32,1093,231,225.48,269,8.784935064935064,0.7232876712328767,0.08662736231941817,0.02185792349726776,235,-167.302,2.0040073762437167,-72.074,0.1111111111111111,1,0
16006.0,2,332.82,205,75,166.41,207,4.4376,2.2857142857142856,0.10854858786412974,0.02564102564102564,75,-130.01999999999998,1.6786575565436783,-130.01999999999998,0.0,1,0
16007.0,5,2086.92,1824,269,417.384,362,7.758066914498142,0.8294930875576036,0.07634329806618796,0.013793103448275862,275,101.92599999999999,1.7757128763061332,-17.013,0.0,1,0
16008.0,13,4999.5,2989,58,384.5769230769231,450,86.19827586206897,1.8622222222222222,0.13045310535264154,0.03982300884955752,65,185.729,2.035694421512664,99.0842857142857,0.0,1,0
16010.0,12,1692.91,918,122,141.07583333333335,231,13.876311475409837,0.5570934256055363,0.07308955268827738,0.03103448275862069,122,-1128.31,1.1913279577126632,-106.44299999999998,0.08333333333333333,1,0
16011.0,21,3451.56,2084,155,164.35999999999999,558,22.268129032258063,1.7333333333333334,0.1836442680800609,0.02531645569620253,165,35.84749999999999,2.432783059111192,-0.014637362637363316,0.047619047619047616,1,0
16012.0,2,1563.3,961,138,781.65,349,11.328260869565216,0.8888888888888888,0.07619047619047618,0.013793103448275862,138,-387.36,2.2944276053949637,-387.36,0.0,1,1
16013.0,64,29447.26,13723,36,460.1134375,551,817.9794444444444,3.925925925925926,0.4024147812235355,0.11764705882352941,36,843.3003571428569,2.0437108573933473,66.74885448916412,0.0625,1,0
16014.0,3,707.08,306,168,235.69333333333336,497,4.208809523809524,1.9896907216494846,0.09035491354848087,0.015384615384615385,169,3.3550000000000035,1.925960604632079,3.3550000000000035,0.0,1,1
16016.0,9,1395.51,575,127,155.05666666666667,221,10.988267716535432,1.0357142857142858,0.09216281587727222,0.030456852791878174,127,-539.4100000000001,3.2301404231420987,-151.091,0.2222222222222222,1,0
16017.0,4,1333.7,533,81,333.425,523,16.465432098765433,2.9381443298969074,0.12504758518872625,0.030612244897959183,82,-521.0,3.1214199809131493,-211.0,0.0,1,1
16018.0,2,289.23,313,26,144.615,551,11.12423076923077,12.444444444444445,0.1895192243232774,0.07142857142857142,27,-102.33000000000001,1.3107114672057123,-102.33000000000001,0.0,1,1
16019.0,31,15542.72,5845,192,501.37806451612903,544,80.95166666666667,1.4531722054380665,0.17383274745551333,0.02710843373493976,192,-11.749642857142824,3.158674697906612,-61.80158241758241,0.22580645161290322,1,0
16021.0,2,487.03,276,117,243.515,364,4.162649572649572,1.192,0.08319975569572897,0.015873015873015872,117,190.14999999999998,2.2678789195304923,190.14999999999998,0.0,1,1
16022.0,1,602.63,255,68,602.63,79,8.86220588235294,0.0,0.0,0.028169014084507043,68,0.0,2.659047196262547,0.0,0.0,1,0
16023.0,2,500.69,227,59,250.345,85,8.486271186440678,1.15625,0.1128048780487805,0.03076923076923077,59,145.01000000000002,3.3557499591688202,145.01000000000002,0.0,1,0
16024.0,2,232.96,107,21,116.48,231,11.093333333333334,0.0,0.0,0.09090909090909091,21,0.0,1.7609664431364993,0.0,0.0,1,1
16027.0,14,1464.39,1384,14,104.59928571428573,519,104.59928571428573,17.59259259259259,0.457352593859261,0.25,14,-78.19800000000002,30.825481821008967,-6.566547619047616,0.14285714285714285,1,0
16028.0,1,82.2,18,5,82.2,415,16.44,0.0,0.0,0.2,5,0.0,2.201703885630399,0.0,0.0,1,1
16029.0,78,64504.69,31063,38,826.9832051282052,551,1697.4918421052632,2.1316872427983538,0.3529619203748206,0.0860655737704918,41,-88.85500000000002,2.738386928106156,-108.14659649122805,0.05128205128205128,1,0
16030.0,1,331.24,283,28,331.24,129,11.83,0.0,0.0,0.06896551724137931,28,0.0,1.9506435088252716,0.0,0.0,1,1
16031.0,1,305.63,219,39,305.63,66,7.836666666666667,0.0,0.0,0.02564102564102564,39,0.0,6.524152294198438,0.0,0.0,1,0
16032.0,6,1965.72,1467,130,327.62,342,15.120923076923077,0.31100478468899523,0.09399237548843598,0.023809523809523808,130,0.0,1.8589013186702816,-659.375,0.0,1,1
16033.0,25,4968.27,1776,328,198.73080000000002,304,15.147164634146343,0.4407051282051282,0.10171483944985922,0.0144,329,201.80900000000003,2.845015815556958,19.171333333333333,0.28,1,0
16034.0,7,908.37,584,43,129.76714285714286,228,21.12488372093023,3.767857142857143,0.19417403893282237,0.05263157894736842,43,-93.285,2.1743237360782284,-10.210999999999999,0.14285714285714285,1,0
16035.0,1,217.73,33,21,217.73,379,10.368095238095238,0.0,0.0,0.047619047619047616,21,0.0,3.9038393190001335,0.0,0.0,1,1
16036.0,3,1986.65,780,88,662.2166666666667,439,22.575568181818184,3.7473684210526317,0.13970710169781167,0.03125,88,-329.975,3.053836914656018,-329.975,0.0,1,0
16037.0,7,1489.44,764,62,212.77714285714288,468,24.023225806451613,5.222222222222222,0.19847526377792551,0.0410958904109589,64,62.22800000000001,5.811962706546138,-18.201999999999998,0.2857142857142857,1,0
16038.0,1,316.95,187,19,316.95,21,16.681578947368422,0.0,0.0,0.05263157894736842,19,0.0,2.8700102899340765,0.0,0.0,1,0
16039.0,3,449.65,408,28,149.88333333333333,447,16.05892857142857,6.375,0.21365788553146636,0.06060606060606061,30,84.72,2.063882502675112,84.72,0.3333333333333333,1,1
16040.0,6,1492.58,762,69,248.76333333333332,429,21.63159420289855,4.023809523809524,0.1864995153658871,0.03529411764705882,70,-28.286,5.1070437380442435,26.311000000000003,0.16666666666666666,1,0
16042.0,7,1030.58,679,50,147.22571428571428,273,20.6116,1.7611940298507462,0.18023479334646392,0.058823529411764705,50,-303.44000000000005,3.079701232188515,-229.42400000000004,0.42857142857142855,1,1
16043.0,7,1759.0900000000001,850,48,251.29857142857145,301,36.647708333333334,4.1875,0.26103990013455014,0.06153846153846154,49,-71.773,4.5135299964491375,-58.15571428571429,0.0,1,0
16044.0,1,340.84000000000003,170,19,340.84000000000003,254,17.938947368421054,0.0,0.0,0.05263157894736842,19,0.0,2.1913771738631977,0.0,0.0,1,1
16045.0,7,2707.58,1590,103,386.79714285714283,318,26.28718446601942,1.937984496124031,0.13574779731130193,0.023076923076923078,106,-203.33200000000002,2.5410615307467754,-63.16900000000001,0.14285714285714285,1,0
16046.0,1,235.78,248,22,235.78,381,10.717272727272727,0.0,0.0,0.045454545454545456,22,0.0,3.4534970355991,0.0,0.0,1,1
16048.0,5,812.84,424,30,162.568,369,27.09466666666667,4.833333333333333,0.186711786885904,0.05405405405405406,30,410.84000000000003,1.2481813797508585,27.719999999999995,0.2,1,1
16049.0,3,777.34,369,175,259.11333333333334,335,4.441942857142857,0.7567567567567568,0.0701408929515531,0.010752688172043012,176,318.06000000000006,3.129632943298484,318.06000000000006,0.0,1,1
16050.0,2,162.8,110,9,81.4,220,18.08888888888889,1.7,0.26663019490633033,0.18181818181818182,9,0.0,2.232538302633859,0.0,0.0,1,1
16051.0,1,188.44,80,12,188.44,501,15.703333333333333,0.0,0.0,0.08333333333333333,12,0.0,1.0409552722321351,0.0,0.0,1,1
16053.0,6,2094.19,1268,101,349.0316666666667,430,20.734554455445544,1.7410714285714286,0.11308753017665035,0.02654867256637168,102,23.694999999999993,3.7558937608081884,23.694999999999993,0.3333333333333333,1,1
16054.0,6,1306.78,399,49,217.79666666666665,436,26.668979591836734,3.517857142857143,0.20715457861223505,0.03508771929824561,49,-61.06499999999999,38.60883456725421,-92.524,0.5,1,1
16055.0,1,134.8,22,8,134.8,40,16.85,0.0,0.0,0.125,8,0.0,7.60712776658463,0.0,0.0,1,0
16057.0,12,2036.0900000000001,950,128,169.67416666666668,549,15.906953125000001,2.62,0.16621590563327351,0.024875621890547265,140,41.9757142857143,2.981348764022136,24.99883333333334,0.5,1,0
16058.0,1,62.7,18,2,62.7,225,31.35,0.0,0.0,0.5,2,0.0,0.5656854249492379,0.0,0.0,1,1
16059.0,9,2241.41,1057,192,249.04555555555555,388,11.674010416666667,1.009771986970684,0.12551702611106902,0.01948051948051948,194,7.336999999999989,2.630726103298592,-12.97202380952381,0.0,1,0
16060.0,3,541.95,243,22,180.65,313,24.63409090909091,4.043478260869565,0.2644396431330626,0.125,22,-149.25000000000003,4.267635511886978,-134.55,0.0,1,1
16061.0,3,44.95,13,3,14.983333333333334,250,14.983333333333334,40.25,0.5367835468522009,0.4,3,-104.85,15.114827157463626,-104.85,0.6666666666666666,1,0
16062.0,6,2288.01,1568,115,381.33500000000004,355,19.895739130434784,2.006849315068493,0.13391537183410276,0.02040816326530612,116,-106.35000000000001,3.5213340333368026,-105.025,0.0,1,0
16063.0,1,335.32,262,23,335.32,79,14.57913043478261,0.0,0.0,0.043478260869565216,23,0.0,1.6388305625195734,0.0,0.0,1,0
16064.0,1,109.31,55,17,109.31,544,6.43,0.0,0.0,0.058823529411764705,17,0.0,2.333663807129442,0.0,0.0,1,1
16065.0,10,1975.13,1205,214,197.513,282,9.229579439252337,0.268361581920904,0.07793474675903694,0.01971830985915493,215,1107.67,1.9376310447062408,-90.73100000000001,0.2,1,1
16067.0,6,2900.01,1166,60,483.33500000000004,494,48.3335,1.4342105263157894,0.16204239336839557,0.05194805194805195,61,-3118.3500000000004,2.728351169209904,-977.6999999999999,0.5,1,1
16068.0,1,115.73,48,34,115.73,413,3.4038235294117647,0.0,0.0,0.05714285714285714,34,0.0,2.1714094094687457,0.0,0.0,1,1
16069.0,1,457.7,138,25,457.7,237,18.308,0.0,0.0,0.04,25,0.0,3.043807922104591,0.0,0.0,1,1
16071.0,3,750.5600000000001,517,47,250.1866666666667,474,15.96936170212766,2.4901960784313726,0.16242979241165256,0.038461538461538464,49,-381.76,2.022957706143321,-39.95,0.0,1,1
16072.0,4,4180.09,1580,414,1045.0225,368,10.096835748792271,0.48867924528301887,0.05448514402823091,0.009416195856873822,423,-581.11,3.5861383629230823,-581.11,0.0,1,1
16073.0,2,94.35,37,1,47.175,116,94.35,5.0,5.0,1.0,1,0.0,0.0,0.0,0.5,1,1
16074.0,1,252.5,38,23,252.5,209,10.978260869565217,0.0,0.0,0.08,23,0.0,3.849099461778906,0.0,0.0,1,1
16075.0,3,726.98,270,41,242.32666666666668,383,17.73121951219512,1.4878048780487805,0.14350215625412896,0.047619047619047616,41,-192.51999999999998,3.689280395605405,-192.51999999999998,0.3333333333333333,1,1
16076.0,1,305.45000000000005,137,16,305.45000000000005,28,19.090625000000003,0.0,0.0,0.0625,16,0.0,1.572070688614224,0.0,0.0,1,0
16077.0,2,600.0,528,8,300.0,445,75.0,6.375,0.3349758460983822,0.2222222222222222,8,-4000.8,1.8194168785019496,-4000.8,0.5,1,1
16078.0,2,362.99,200,39,181.495,488,9.307435897435898,10.131578947368421,0.1596649513594801,0.02564102564102564,39,-204.59000000000003,1.4619870289693047,-204.59000000000003,0.0,1,1
16080.0,5,386.0,194,24,77.2,269,16.083333333333332,6.888888888888889,0.27929972599985414,0.07142857142857142,24,-63.925000000000004,2.1271311131396606,-63.925000000000004,0.4,1,0
16081.0,6,2471.91,1180,155,411.98499999999996,494,15.947806451612902,2.347826086956522,0.1311221332856465,0.019230769230769232,157,89.48300000000002,3.1129015611205966,37.21399999999999,0.0,1,0
16082.0,1,106.75,39,16,106.75,489,6.671875,0.0,0.0,0.0625,16,0.0,3.593367733292359,0.0,0.0,1,1
16083.0,3,1371.78,990,51,457.26,208,26.89764705882353,0.48214285714285715,0.12348433477791115,0.03508771929824561,52,0.0,1.306888559429196,-695.8199999999999,0.0,1,1
16084.0,1,436.18,216,38,436.18,118,11.47842105263158,0.0,0.0,0.02631578947368421,38,0.0,2.6721280431156584,0.0,0.0,1,1
16085.0,10,1662.44,965,196,166.244,507,8.481836734693879,1.7007575757575757,0.13669200962931322,0.018867924528301886,196,-142.79500000000002,2.6550368262766293,-25.5902380952381,0.1,1,0
16086.0,9,2151.32,1186,63,239.03555555555556,556,34.147936507936514,4.716814159292035,0.21198376556657064,0.06140350877192982,65,-52.116000000000014,2.9853819044914953,-18.379999999999995,0.1111111111111111,1,0
16087.0,5,1739.92,664,6,347.98400000000004,509,289.9866666666667,33.111111111111114,0.49476322234063935,0.5,6,35.440000000000055,1.0526157893552615,4.995999999999999,0.0,1,1
16088.0,2,1437.43,373,3,718.715,411,479.1433333333334,3.0,0.3891957226704115,0.3333333333333333,3,0.0,4.346630879198278,-12.870000000000005,0.0,1,1
16089.0,2,263.49,119,42,131.745,328,6.273571428571429,2.652173913043478,0.13967691571704333,0.0425531914893617,42,-45.81,3.2730039499845165,-45.81,0.0,1,1
16090.0,1,180.56,58,18,180.56,443,10.03111111111111,0.0,0.0,0.05555555555555555,18,0.0,4.28355847428448,0.0,0.0,1,1
16091.0,1,157.25,83,10,157.25,18,15.725,0.0,0.0,0.1,10,0.0,1.994687388484165,0.0,0.0,1,0
16092.0,8,1321.3600000000001,992,55,165.17000000000002,398,24.024727272727276,5.012820512820513,0.16237080865968442,0.0379746835443038,57,-48.11200000000001,2.2291948265715518,-90.974,0.375,1,0
16094.0,16,2773.0299999999997,1509,82,173.31437499999998,547,33.81743902439024,3.1226993865030677,0.19132827692451723,0.04878048780487805,85,-46.36657142857143,3.941903577670521,8.901636363636362,0.5,1,0
16095.0,1,447.05,265,30,447.05,275,14.901666666666667,0.0,0.0,0.03333333333333333,30,0.0,1.7472507139707414,0.0,0.0,1,1
16096.0,4,1584.97,700,58,396.2425,464,27.327068965517242,5.8307692307692305,0.19526038631038922,0.045454545454545456,59,-69.453,17.41200329823679,-69.453,0.0,1,0
16097.0,1,185.04999999999998,87,10,185.04999999999998,59,18.505,0.0,0.0,0.1,10,0.0,5.244351458686023,0.0,0.0,1,0
16098.0,11,3227.29,1719,75,293.39,544,43.03053333333333,4.612068965517241,0.27741131536627933,0.05128205128205128,78,30.52107142857142,3.784135353201941,-1.0330303030303016,0.0,1,0
16099.0,6,1154.65,731,36,192.4416666666667,466,32.07361111111111,8.53061224489796,0.2554328194225626,0.08,37,28.025000000000002,1.1260732023908822,28.025000000000002,0.16666666666666666,1,0
16100.0,1,582.64,438,37,582.64,282,15.747027027027027,0.0,0.0,0.02702702702702703,37,0.0,1.3635652570413377,0.0,0.0,1,1
16101.0,4,1921.46,1085,94,480.365,381,20.441063829787236,1.0775862068965518,0.1316001290816991,0.02564102564102564,98,-39.579999999999984,2.6739579392742803,11.612000000000013,0.25,1,1
16103.0,24,5378.38,2310,105,224.09916666666666,520,51.22266666666667,2.6898395721925135,0.19073947849930034,0.05851063829787234,112,-3.884999999999991,3.24922375835491,15.481703296703298,0.20833333333333334,1,0
16104.0,10,2213.0,886,162,221.3,553,13.660493827160494,1.4669811320754718,0.15481936859039472,0.018779342723004695,168,-203.05600000000004,3.0350716311161174,-114.47678571428573,0.2,1,1
16105.0,5,2386.19,2125,92,477.238,423,25.936847826086957,3.238532110091743,0.1530533205830973,0.02727272727272727,92,-289.27,1.703975846778744,-22.993999999999996,0.0,1,0
16107.0,1,532.9,94,10,532.9,2,53.29,0.0,0.0,0.1,10,0.0,10.206909424502602,0.0,0.0,1,0
16108.0,6,1355.83,847,79,225.97166666666666,450,17.16240506329114,2.150537634408602,0.1311383229212719,0.031914893617021274,81,94.53999999999999,3.2175748241181434,94.53999999999999,0.5,1,1
16109.0,4,923.58,1090,31,230.895,518,29.79290322580645,15.451612903225806,0.24246432280980298,0.0625,31,-7.409999999999997,2.244268686116676,23.873999999999988,0.25,1,0
16110.0,3,1138.82,502,235,379.6066666666666,341,4.846042553191489,0.9384057971014492,0.06695748518974266,0.010830324909747292,237,217.53999999999996,2.6197356932115126,-93.22999999999999,0.0,1,0
16111.0,1,549.33,233,72,549.33,247,7.629583333333334,0.0,0.0,0.0273972602739726,72,0.0,2.4047652306009955,0.0,0.0,1,1
16112.0,2,136.14,342,10,68.07,158,13.613999999999999,0.5555555555555556,0.20833333333333334,0.1,10,0.0,0.31623479322244796,0.0,0.0,1,1
16113.0,1,161.38,176,30,161.38,2,5.379333333333333,0.0,0.0,0.03333333333333333,30,0.0,3.099702266013792,0.0,0.0,1,0
16115.0,7,1399.22,911,158,199.88857142857142,394,8.855822784810126,1.5319148936170213,0.13316284670573753,0.025423728813559324,169,-42.67700000000001,1.9105355743956651,-8.870714285714287,0.0,1,0
16116.0,2,592.88,246,34,296.44,31,17.43764705882353,0.14705882352941177,0.07917059682636435,0.05714285714285714,34,0.0,3.914774256453569,0.0,0.5,1,0
16117.0,4,650.05,318,64,162.5125,411,10.15703125,4.49438202247191,0.1456128960502983,0.044444444444444446,65,51.53,2.421219974990064,51.53,0.25,1,0
16118.0,5,4255.43,2822,42,851.086,472,101.31976190476192,5.608695652173913,0.2196377261961498,0.0425531914893617,44,-2188.81,2.9719899767380844,-875.6619999999999,0.8,1,1
16119.0,6,1297.45,571,31,216.24166666666667,543,41.85322580645161,8.864864864864865,0.29852172280077505,0.07894736842105263,31,33.059,3.2485046346447897,3.5574285714285714,0.0,1,1
16120.0,2,1658.3700000000001,1283,60,829.1850000000001,241,27.6395,0.0,0.0,0.03225806451612903,60,0.0,0.8670327993786093,0.0,0.0,1,1
16121.0,5,861.42,440,159,172.284,385,5.417735849056603,1.6540284360189574,0.09461642014307878,0.02830188679245283,164,67.435,1.8462509163500997,67.435,0.2,1,0
16122.0,4,461.04,598,20,115.26,244,23.052,2.676470588235294,0.23973114628510475,0.11428571428571428,20,-172.8,1.366967323627579,9.828000000000001,0.0,1,1
16124.0,6,1709.39,789,63,284.89833333333337,552,27.133174603174606,4.7701149425287355,0.1822003397587854,0.03409090909090909,65,-70.309,4.950102222855494,-70.309,0.3333333333333333,1,1
16125.0,14,4292.35,1819,168,306.5964285714286,544,25.549702380952382,1.2237762237762237,0.16429546510965073,0.03484320557491289,181,-46.833,3.227215222773502,-22.96723776223775,0.0,1,1
16126.0,13,10200.83,4553,128,784.6792307692308,556,79.693984375,1.7901639344262295,0.1578135842057196,0.0392156862745098,132,181.3467857142857,2.2394838733194353,126.75688811188814,0.0,1,0
16127.0,1,145.06,68,35,145.06,546,4.144571428571429,0.0,0.0,0.02857142857142857,35,0.0,2.6162423499388288,0.0,0.0,1,1
16128.0,10,2256.48,1605,105,225.648,558,21.490285714285715,3.8632478632478633,0.15629202145527815,0.025423728813559324,105,170.638,2.299058395520192,57.93000000000001,0.3,1,1
16129.0,3,1396.05,1261,91,465.34999999999997,327,15.34120879120879,1.0421052631578946,0.11335809658390904,0.020833333333333332,92,502.17,16.74908391806245,502.17,0.0,1,1
16130.0,4,987.48,296,53,246.87,436,18.63169811320755,3.574074074074074,0.18162224236686614,0.03636363636363636,53,-439.02,4.8994614422651015,15.864,0.0,1,1
16131.0,11,8024.25,3743,117,729.4772727272727,557,68.58333333333333,2.911602209944751,0.15480387374220572,0.02197802197802198,128,-7.923000000000002,2.766084789414559,-184.05071428571424,0.2727272727272727,1,0
16132.0,2,664.1999999999999,280,14,332.09999999999997,447,47.442857142857136,5.1875,0.23850574712643677,0.11764705882352941,14,-42.599999999999966,9.408276237691252,-42.599999999999966,0.0,1,1
16133.0,48,14650.69,8564,191,305.22270833333334,438,76.7051832460733,1.2105263157894737,0.2006610707906597,0.029154518950437316,192,792.3557142857143,12.975110021206019,110.70305494505494,0.2708333333333333,1,0
16134.0,6,1785.43,1409,71,297.57166666666666,360,25.146901408450706,1.85,0.15588428531359677,0.0297029702970297,74,-184.74499999999995,2.3542093877954344,-198.61499999999998,0.3333333333333333,1,1
16135.0,2,819.45,395,35,409.725,403,23.412857142857145,8.447368421052632,0.15916485398226174,0.05128205128205128,35,215.64999999999998,3.1589204924250445,215.64999999999998,0.0,1,0
16136.0,3,371.0,248,17,123.66666666666667,483,21.823529411764707,21.333333333333332,0.24620771289722607,0.10526315789473684,17,-52.39999999999998,2.5912381605476487,-39.05999999999999,0.3333333333333333,1,1
16137.0,1,422.7,210,28,422.7,499,15.096428571428572,0.0,0.0,0.03571428571428571,28,0.0,1.7836670804744514,0.0,0.0,1,1
16138.0,4,902.4,773,35,225.6,410,25.782857142857143,6.0,0.21814440394637613,0.05263157894736842,35,-274.62,3.9234050677627974,-132.29399999999998,0.25,1,1
16139.0,3,615.54,356,29,205.17999999999998,555,21.225517241379308,17.032258064516128,0.18226385569104886,0.0625,29,-335.94000000000005,2.176932493359673,-335.94000000000005,0.0,1,0
16140.0,2,832.4200000000001,646,33,416.21000000000004,261,25.224848484848486,2.0,0.1558584110244494,0.05555555555555555,33,-584.14,1.8444844205841853,-584.14,0.0,1,1
16141.0,1,335.54,172,20,335.54,236,16.777,0.0,0.0,0.05,20,0.0,5.907461361434546,0.0,0.0,1,1
16142.0,1,535.34,422,37,535.34,69,14.46864864864865,0.0,0.0,0.02702702702702703,37,0.0,3.228469756241642,0.0,0.0,1,0
16143.0,14,3660.36,1467,92,261.45428571428573,549,39.786521739130436,2.8131868131868134,0.20716585968927856,0.04371584699453552,100,30.419642857142854,9.394174330685553,20.723636363636366,0.2857142857142857,1,0
16144.0,1,175.2,16,1,175.2,66,175.2,0.0,0.0,1.0,1,0.0,0.0,0.0,0.0,1,0
16145.0,18,4252.1900000000005,3253,154,236.2327777777778,403,27.61162337662338,1.3702290076335877,0.1762927976064744,0.030418250950570342,157,-185.41500000000002,3.523440745611538,-44.069,0.3333333333333333,1,0
16146.0,3,871.38,484,34,290.46,268,25.628823529411765,6.256410256410256,0.17495619765607162,0.05,34,446.88,1.2049193770241249,30.595,0.0,1,0
16147.0,6,1992.02,1076,101,332.00333333333333,492,19.722970297029704,2.3076923076923075,0.12315403007551212,0.025423728813559324,102,65.505,2.858599759136448,-158.62999999999997,0.3333333333333333,1,1
16148.0,4,370.37,247,12,92.5925,541,30.864166666666666,38.63636363636363,0.4160175931601663,0.08333333333333333,12,46.285,2.129662620883383,46.285,0.5,1,1
16149.0,1,141.70000000000002,290,12,141.70000000000002,248,11.808333333333335,0.0,0.0,0.08333333333333333,12,0.0,0.4858357372984861,0.0,0.0,1,1
16150.0,14,2736.08,1402,109,195.43428571428572,557,25.101651376146787,2.632768361581921,0.20890695528297124,0.02247191011235955,110,42.98171428571429,2.7772925463746683,16.641212121212124,0.5,1,0
16152.0,1,1829.04,642,29,1829.04,88,63.070344827586204,0.0,0.0,0.034482758620689655,29,0.0,4.822669247413795,0.0,0.0,1,0
16153.0,11,3922.96,2992,129,356.63272727272727,382,30.410542635658913,2.1136363636363638,0.15825822117504718,0.02824858757062147,139,-281.688,2.51912228367804,-94.05380952380953,0.18181818181818182,1,0
16155.0,6,781.05,482,45,130.17499999999998,359,17.356666666666666,3.204081632653061,0.23508780885823974,0.04,45,10.875,5.617658474372919,6.025,0.16666666666666666,1,1
16156.0,17,3943.34,2198,138,231.96117647058824,556,28.574927536231886,2.7777777777777777,0.2075502022495148,0.021052631578947368,140,0.8453571428571373,2.4398930841990745,-3.9516783216783202,0.17647058823529413,1,0
16158.0,10,611.32,180,29,61.132000000000005,553,21.080000000000002,5.942857142857143,0.405747670074411,0.08333333333333333,29,-39.836,8.038611163904152,-9.577142857142858,0.1,1,1
16159.0,5,1230.29,633,32,246.058,556,38.4465625,8.711538461538462,0.2382977016486785,0.07547169811320754,40,-2.2430000000000034,2.4324208347984695,-28.066000000000003,0.2,1,1
16161.0,45,9060.1,4690,348,201.33555555555557,489,26.03477011494253,0.49349240780911063,0.11434335769493145,0.015167930660888408,364,92.53314285714288,2.6518296111778175,29.22121428571429,0.24444444444444444,1,0
16162.0,1,37.4,4,2,37.4,71,18.7,0.0,0.0,0.5,2,0.0,4.808326112068523,0.0,0.0,1,0
16163.0,14,1822.03,549,61,130.145,557,29.86934426229508,6.417721518987341,0.22881429576095852,0.0625,61,-61.81100000000001,3.842688304026067,-56.819285714285705,0.5714285714285714,1,0
16165.0,1,79.9,2,1,79.9,324,79.9,0.0,0.0,1.0,1,0.0,0.0,0.0,0.0,1,1
16166.0,4,327.48,156,21,81.87,510,15.594285714285714,10.48,0.2794911711058618,0.07692307692307693,24,-21.925000000000004,2.822145719401899,-21.925000000000004,0.5,1,1
16167.0,6,1149.8700000000001,1459,55,191.645,558,20.906727272727274,4.6,0.20159797125070716,0.04225352112676056,58,-71.90300000000002,3.6446919315154642,-65.78200000000001,0.16666666666666666,1,1
16168.0,54,7903.73,3743,118,146.36537037037036,556,66.9807627118644,2.062745098039216,0.25620109857938655,0.02734375,119,47.475,7.420504021775992,-11.209215686274511,0.09259259259259259,1,0
16170.0,21,5878.12,4931,217,279.9104761904762,478,27.08811059907834,1.216710182767624,0.12077363977306171,0.0234375,230,-82.786,1.7627345992460814,6.395727272727273,0.19047619047619047,1,0
16172.0,4,943.72,812,54,235.93,332,17.476296296296297,4.559322033898305,0.14558940178051158,0.03333333333333333,54,-544.96,1.8615110197998181,-67.85500000000002,0.0,1,0
16174.0,4,1237.2,780,15,309.3,422,82.48,2.707317073170732,0.24091203215521031,0.09523809523809523,15,-484.20000000000005,1.445343759471418,55.0,0.0,1,1
16175.0,5,1265.83,619,45,253.166,383,28.129555555555555,5.3283582089552235,0.17551759146874762,0.058823529411764705,45,88.66500000000002,2.9810335302864064,-23.49,0.0,1,0
16176.0,7,1964.04,913,53,280.57714285714286,439,37.05735849056604,2.4625,0.20982222131123604,0.04938271604938271,56,14.838000000000022,2.5874583076500306,34.96,0.42857142857142855,1,1
16177.0,11,1809.66,906,66,164.51454545454547,466,27.41909090909091,1.8571428571428572,0.19592683772693137,0.07079646017699115,67,-26.97599999999999,4.050838654563983,-48.86300000000001,0.36363636363636365,1,1
16178.0,1,414.7,210,17,414.7,220,24.394117647058824,0.0,0.0,0.058823529411764705,17,0.0,2.7741983473768124,0.0,0.0,1,1
16180.0,10,8698.22,5544,164,869.8219999999999,353,53.03792682926829,1.2903225806451613,0.0832351136802992,0.020080321285140562,169,363.9549999999999,2.1412459074437424,-91.291,0.1,1,0
16182.0,7,5871.0,3596,12,838.7142857142857,460,489.25,13.59375,0.3985195193167382,0.18181818181818182,14,250.5,0.3230301608959833,130.28571428571425,0.0,1,0
16183.0,3,739.1,238,17,246.36666666666667,226,43.476470588235294,0.44,0.17393326551809518,0.11538461538461539,17,0.0,2.4665641004317043,-169.10000000000002,0.0,1,1
16184.0,2,447.89,165,13,223.945,30,34.45307692307692,1.6111111111111112,0.20562041432883213,0.10526315789473684,13,0.0,3.09033808404262,151.45000000000002,0.0,1,0
16185.0,2,450.31,214,28,225.155,384,16.0825,12.296296296296296,0.18948445683989376,0.03571428571428571,28,219.69,3.2398411638837743,219.69,0.0,1,0
16186.0,22,6031.64,4701,138,274.16545454545457,549,43.70753623188406,1.4301075268817205,0.1392863213829306,0.029490616621983913,145,149.42914285714286,1.9016783891104083,-14.331076923076923,0.13636363636363635,1,0
16187.0,7,2564.64,1545,89,366.3771428571428,103,28.816179775280897,0.7117117117117117,0.12274149068133211,0.026785714285714284,89,1212.84,4.503994791270754,-67.07000000000005,0.0,1,0
16188.0,4,661.62,494,46,165.405,228,14.38304347826087,3.9347826086956523,0.15589524636217333,0.0425531914893617,46,469.91999999999996,2.603138129663725,469.91999999999996,0.25,1,0
16190.0,7,2508.4700000000003,1143,88,358.3528571428572,545,28.50534090909091,2.919642857142857,0.18726211449285815,0.05309734513274336,91,197.39500000000004,4.670595931557195,22.487142857142853,0.0,1,1
16191.0,30,12789.68,7519,77,426.3226666666667,548,166.09974025974026,2.8260869565217392,0.16615046788726665,0.04938271604938271,77,1132.518,3.7877679567071993,-209.49642857142857,0.36666666666666664,1,0
16192.0,1,351.3,208,11,351.3,555,31.936363636363637,0.0,0.0,0.09090909090909091,11,0.0,2.22079838223677,0.0,0.0,1,1
16193.0,2,630.43,379,38,315.215,230,16.590263157894736,4.702702702702703,0.15884598497493294,0.02631578947368421,38,-1.5300000000000296,2.6644730783414303,-1.5300000000000296,0.0,1,0
16194.0,1,308.59999999999997,140,8,308.59999999999997,194,38.574999999999996,0.0,0.0,0.125,8,0.0,5.955294763005918,0.0,0.0,1,1
16195.0,1,323.25,123,16,323.25,542,20.203125,0.0,0.0,0.0625,16,0.0,1.6987127479359188,0.0,0.0,1,1
16196.0,1,93.3,26,4,93.3,308,23.325,0.0,0.0,0.25,4,0.0,1.075,0.0,0.0,1,1
16197.0,9,2016.71,1420,52,224.07888888888888,543,38.78288461538462,2.717391304347826,0.1994154159214536,0.053763440860215055,52,224.49499999999998,3.433305036489735,56.925999999999995,0.0,1,1
16198.0,1,629.36,255,18,629.36,256,34.964444444444446,0.0,0.0,0.05555555555555555,18,0.0,2.5392122189392636,0.0,0.0,1,1
16199.0,7,942.75,321,2,134.67857142857142,450,471.375,26.11111111111111,0.9164067223799635,0.7,2,149.175,0.9689054534771584,64.62428571428572,0.0,1,1
16200.0,11,4525.73,2550,242,411.42999999999995,556,18.701363636363634,0.7959183673469388,0.09827466900420515,0.01583710407239819,250,-351.526,2.5745479379859764,-174.9296428571428,0.09090909090909091,1,1
16201.0,1,248.65,135,13,248.65,235,19.126923076923077,0.0,0.0,0.07692307692307693,13,0.0,3.5488351284936823,0.0,0.0,1,1
16202.0,11,2467.04,1282,105,224.27636363636364,557,23.495619047619048,2.992,0.17905642875969563,0.031746031746031744,108,6.827000000000004,4.671181153100292,-45.71314285714286,0.18181818181818182,1,1
16203.0,5,665.49,416,47,133.098,323,14.15936170212766,5.411764705882353,0.23710849351389474,0.057692307692307696,47,-64.685,2.8622071138536205,-34.162,0.2,1,0
16204.0,3,529.53,449,47,176.51,550,11.266595744680851,6.862745098039215,0.15452781208226307,0.057692307692307696,47,53.99499999999998,2.1397768451896217,53.99499999999998,0.3333333333333333,1,1
16205.0,3,1062.48,936,89,354.16,362,11.937977528089888,1.4646464646464648,0.11592762850096335,0.02,90,622.26,1.96294260659034,146.09499999999997,0.0,1,1
16206.0,12,2323.86,1258,174,193.655,544,13.355517241379312,2.3548387096774195,0.15944607604106678,0.027522935779816515,175,3.127142857142853,3.4022150417350803,14.846333333333328,0.08333333333333333,1,0
16208.0,9,3273.78,1451,164,363.75333333333333,472,19.96207317073171,1.5973451327433628,0.14227363012390756,0.02643171806167401,163,-29.455,3.5665935048012005,-4.4438333333333375,0.0,1,1
16209.0,6,2452.2200000000003,1234,42,408.7033333333334,366,58.386190476190485,7.617021276595745,0.254419036994923,0.0625,42,-213.638,2.497827992647024,-203.21900000000002,0.0,1,0
16210.0,26,23052.43,8979,117,886.631923076923,556,197.02931623931624,2.6122448979591835,0.2234291135040278,0.08121827411167512,124,293.8485714285714,3.221696789433432,195.38716783216785,0.07692307692307693,1,0
16211.0,2,543.5699999999999,365,12,271.78499999999997,257,45.29749999999999,1.3333333333333333,0.23729850186996762,0.15384615384615385,13,56.43000000000001,1.756685398625374,56.43000000000001,0.0,1,1
16212.0,4,1092.3700000000001,475,61,273.09250000000003,489,17.90770491803279,5.705882352941177,0.1358607492476581,0.028985507246376812,64,-114.37,3.1457343409615057,114.0,0.25,1,1
16214.0,3,1725.17,1208,78,575.0566666666667,254,22.117564102564103,2.0568181818181817,0.1102731086265792,0.033707865168539325,81,-384.4,4.138748160748622,-384.4,0.0,1,0
16216.0,1,914.9300000000001,254,37,914.9300000000001,86,24.72783783783784,0.0,0.0,0.02702702702702703,37,0.0,26.664164623611878,0.0,0.0,1,0
16217.0,3,266.45000000000005,77,13,88.81666666666668,101,20.49615384615385,2.7058823529411766,0.2958774709357249,0.1111111111111111,13,-23.950000000000003,2.065276651458304,-23.950000000000003,0.3333333333333333,1,0
16218.0,16,2516.38,1882,68,157.27375,380,37.00558823529412,2.9291338582677167,0.18606739917585652,0.0546875,70,168.91000000000003,1.7647631345349943,46.7215,0.375,1,0
16219.0,1,40.8,48,1,40.8,320,40.8,0.0,0.0,1.0,1,0.0,0.0,0.0,0.0,1,1
16221.0,9,1466.48,999,116,162.94222222222223,305,12.642068965517241,1.1704545454545454,0.13154844304845228,0.05084745762711865,116,-260.55,2.8366086634488648,-40.90114285714286,0.1111111111111111,1,1
16222.0,2,1272.05,463,133,636.025,540,9.564285714285713,2.7916666666666665,0.08091787439613525,0.013793103448275862,134,275.05000000000007,2.9420453258292456,275.05000000000007,0.0,1,1
16223.0,2,1087.05,643,101,543.525,215,10.762871287128712,0.16393442622950818,0.05832481444966694,0.016260162601626018,101,0.0,2.516834954870365,0.0,0.0,1,1
16224.0,3,864.45,924,62,288.15000000000003,206,13.942741935483872,2.3174603174603177,0.12678042194159034,0.03125,62,221.97000000000003,3.466782907849687,221.97000000000003,0.0,1,0
16225.0,15,2134.1,982,149,142.27333333333334,490,14.322818791946307,1.6609442060085837,0.14574695711590754,0.021367521367521368,154,-84.507,2.381393013354609,-14.04047619047619,0.2,1,1
16226.0,5,672.1700000000001,521,23,134.43400000000003,233,29.224782608695655,6.933333333333334,0.2501955484282314,0.0967741935483871,23,-161.93,1.6724433224078676,-57.099000000000004,0.0,1,0
16227.0,6,948.82,382,28,158.13666666666668,354,33.886428571428574,7.85,0.18923841791359727,0.07317073170731707,28,-5.939999999999969,2.3800146033575347,-98.438,0.5,1,0
16228.0,4,881.0600000000001,554,45,220.26500000000001,219,19.57911111111111,0.4444444444444444,0.13385796661425164,0.05454545454545454,45,0.0,2.4636907109440336,0.0,0.25,1,1
16229.0,6,2182.96,1060,124,363.82666666666665,506,17.60451612903226,3.2777777777777777,0.15042248122033866,0.013793103448275862,132,81.05000000000001,2.168978706734624,86.52114285714285,0.16666666666666666,1,0
16230.0,2,542.03,365,32,271.015,39,16.9384375,0.8823529411764706,0.1435897536123071,0.05714285714285714,32,0.0,2.134492559695385,-9.829999999999984,0.0,1,0
16231.0,4,1074.47,563,69,268.6175,417,15.572028985507247,2.191919191919192,0.11766760315154066,0.05,71,498.86999999999995,1.416137155943747,-54.449999999999996,0.0,1,1
16232.0,7,2075.2599999999998,1520,59,296.4657142857142,369,35.17389830508474,3.7613636363636362,0.15481289405259677,0.0449438202247191,60,-48.38399999999999,1.6459965592721795,-48.38399999999999,0.2857142857142857,1,0
16233.0,11,1468.08,582,37,133.4618181818182,556,39.677837837837835,6.28125,0.29441238464290814,0.1076923076923077,38,-18.58628571428571,4.598256708755545,-18.575833333333332,0.2727272727272727,1,1
16234.0,4,312.78,162,13,78.195,381,24.06,5.8,0.36237060656790104,0.1875,13,130.06,2.7115429187088296,12.280000000000001,0.25,1,1
16235.0,9,1788.5900000000001,701,75,198.73222222222225,290,23.84786666666667,2.5315315315315314,0.18395994470384375,0.05357142857142857,75,-118.50700000000002,4.116930948066222,-28.756428571428586,0.2222222222222222,1,0
16237.0,1,136.65,57,7,136.65,256,19.521428571428572,0.0,0.0,0.14285714285714285,7,0.0,3.029556780407703,0.0,0.0,1,1
16238.0,1,63.66,85,6,63.66,242,10.61,0.0,0.0,0.16666666666666666,6,0.0,0.47199223157448966,0.0,0.0,1,1
16239.0,5,1425.9,646,21,285.18,282,67.9,9.066666666666666,0.24526144325160787,0.0967741935483871,21,42.64999999999998,2.289631843440038,43.60999999999998,0.0,1,0
16241.0,7,2228.06,1175,317,318.2942857142857,229,7.028580441640378,0.4,0.06974979059740674,0.012345679012345678,319,-642.485,2.628764489466514,-101.96685714285714,0.0,1,0
16242.0,13,4183.54,2118,263,321.8107692307692,453,15.90699619771863,0.9651972157772621,0.10526830151186797,0.013888888888888888,275,-84.52685714285714,2.4890370709407525,-31.042142857142853,0.3076923076923077,1,0
16244.0,2,1522.75,855,88,761.375,192,17.303977272727273,1.7777777777777777,0.09950909199047497,0.02197802197802198,88,-590.5100000000001,1.7236531398515615,-590.5100000000001,0.0,1,0
16245.0,2,445.13,255,30,222.565,76,14.837666666666667,0.3333333333333333,0.11796312262150767,0.06451612903225806,30,-462.83000000000004,3.263222070219845,-462.83000000000004,0.5,1,0
16246.0,2,821.35,336,79,410.675,489,10.396835443037975,2.4022988505747125,0.1026309759009261,0.022727272727272728,79,487.55000000000007,1.956062485379356,487.55000000000007,0.0,1,1
16249.0,2,1020.53,487,26,510.265,58,39.25115384615385,1.4615384615384615,0.1729137511562325,0.07407407407407407,26,0.0,3.5748832188604465,-609.1300000000001,0.0,1,0
16250.0,3,565.24,268,29,188.41333333333333,206,19.49103448275862,3.6470588235294117,0.18005127406165614,0.08571428571428572,29,-238.64,2.5811193259494836,-6.249999999999999,0.0,1,0
16251.0,1,128.31,44,20,128.31,331,6.4155,0.0,0.0,0.05,20,0.0,2.2570612005787294,0.0,0.0,1,1
16252.0,2,2.6645352591003757e-15,0,21,1.3322676295501878e-15,202,1.2688263138573217e-16,0.3902439024390244,0.11153713043480537,0.047619047619047616,21,0.0,2.7930936062272425,-590.1800000000001,0.5,1,1
16253.0,6,5238.74,4136,169,873.1233333333333,550,30.998461538461537,2.102222222222222,0.11929578813300769,0.01327433628318584,171,340.53900000000004,1.7821088057346255,340.53900000000004,0.0,1,0
16254.0,3,967.44,543,65,322.48,451,14.883692307692309,3.452054794520548,0.15892663993384978,0.02702702702702703,65,223.25499999999997,2.3970559815633448,223.25499999999997,0.0,1,1
16255.0,13,2909.96,1724,163,223.84307692307692,504,17.852515337423313,1.2378223495702005,0.14892934912130762,0.02857142857142857,175,-49.13542857142856,3.253585281342993,1.1325874125874125,0.15384615384615385,1,0
16256.0,4,1559.57,1585,26,389.8925,417,59.98346153846153,12.071428571428571,0.25468877999385364,0.06896551724137931,27,106.39499999999997,2.3417973918831114,106.39499999999997,0.25,1,0
16258.0,12,7662.47,4558,193,638.5391666666667,458,39.7019170984456,1.7008196721311475,0.125844929325137,0.02040816326530612,195,122.34400000000001,2.25311559688818,41.29845238095238,0.08333333333333333,1,0
16259.0,3,340.94,143,75,113.64666666666666,424,4.545866666666667,2.3095238095238093,0.10418684113924434,0.047058823529411764,76,25.19999999999999,1.986010703749142,25.19999999999999,0.0,1,1
16261.0,3,565.14,290,83,188.38,261,6.808915662650603,2.0103092783505154,0.12439574599383763,0.030612244897959183,81,50.415,2.7676234848403203,50.415,0.0,1,0
16262.0,3,677.78,429,47,225.92666666666665,499,14.420851063829787,6.489795918367347,0.14743510799187126,0.04,47,769.22,3.1320999280328965,7.034999999999997,0.6666666666666666,1,1
16263.0,1,348.16,197,19,348.16,242,18.32421052631579,0.0,0.0,0.09523809523809523,19,0.0,1.8077856752444543,0.0,0.0,1,1
16264.0,2,823.53,616,62,411.765,265,13.282741935483871,0.11290322580645161,0.05976875207620504,0.031746031746031744,62,0.0,2.7441699500573478,0.0,0.0,1,1
16265.0,11,4121.76,1858,146,374.7054545454546,226,28.23123287671233,0.8525345622119815,0.12780752510150856,0.022935779816513763,147,-1087.4650000000001,3.62658683678262,-68.76971428571427,0.2727272727272727,1,0
16266.0,10,1267.9,543,58,126.79,492,21.860344827586207,6.157894736842105,0.21193078858864214,0.03896103896103896,59,38.629,4.030864666419399,42.80685714285714,0.0,1,0
16267.0,1,186.66,198,7,186.66,410,26.665714285714284,0.0,0.0,0.14285714285714285,7,0.0,0.9353048904476219,0.0,0.0,1,1
16269.0,2,714.59,577,53,357.295,257,13.482830188679246,0.16981132075471697,0.07593591713727896,0.037037037037037035,53,-720.5500000000001,2.652382339609374,-720.5500000000001,0.5,1,1
16270.0,1,1141.24,688,54,1141.24,172,21.134074074074075,0.0,0.0,0.018518518518518517,54,0.0,3.7946130718137616,0.0,0.0,1,1
16271.0,5,2111.4,1462,121,422.28000000000003,462,17.449586776859505,1.53551912568306,0.12454897656212498,0.02717391304347826,124,-122.58199999999997,1.8622069188403476,-94.91999999999999,0.0,1,1
16273.0,2,318.34000000000003,40,15,159.17000000000002,475,21.22266666666667,0.5,0.17416573867739416,0.06666666666666667,15,0.0,3.1035666118654057,-165.34,0.0,1,1
16274.0,1,331.55,151,63,331.55,192,5.262698412698413,0.0,0.0,0.015873015873015872,63,0.0,4.979350097528109,0.0,0.0,1,1
16275.0,3,2151.11,1268,105,717.0366666666667,460,20.486761904761906,4.036363636363636,0.12714058995704963,0.018018018018018018,107,-67.98500000000001,3.7836465928679885,-67.98500000000001,0.0,1,0
16276.0,2,1818.79,1047,16,909.395,427,113.674375,6.7368421052631575,0.221860518407289,0.1,16,-295.93000000000006,2.884737103774751,-295.93000000000006,0.0,1,1
16277.0,1,188.69,33,23,188.69,553,8.203913043478261,0.0,0.0,0.043478260869565216,23,0.0,5.153598305463004,0.0,0.0,1,1
16278.0,4,518.76,218,30,129.69,318,17.291999999999998,0.5882352941176471,0.14988871347153745,0.08571428571428572,30,0.0,4.578968784131469,18.059999999999974,0.5,1,1
16279.0,7,4182.6,2635,165,597.5142857142857,415,25.34909090909091,1.0658436213991769,0.13358116363625847,0.02459016393442623,173,-381.76000000000005,2.5126700903484975,-54.25857142857143,0.14285714285714285,1,1
16280.0,1,238.05,101,16,238.05,544,14.878125,0.0,0.0,0.0625,16,0.0,2.765253152968097,0.0,0.0,1,1
16281.0,3,1354.46,634,19,451.4866666666667,501,71.28736842105263,11.772727272727273,0.21024212212082524,0.13043478260869565,19,-208.57999999999993,1.0221439531052197,-208.57999999999993,0.3333333333333333,1,1
16282.0,3,1307.58,790,31,435.85999999999996,538,42.18,11.8125,0.24288573979241887,0.09090909090909091,31,-50.84999999999999,3.2163359070014224,-50.84999999999999,0.0,1,1
16283.0,6,3004.17,1780,314,500.695,468,9.567420382165606,0.9565217391304348,0.07164137881234671,0.010845986984815618,324,-94.51100000000001,1.9685726259228953,-94.51100000000001,0.3333333333333333,1,0
16284.0,1,205.8,139,30,205.8,212,6.86,0.0,0.0,0.03333333333333333,30,0.0,1.6852543721499658,0.0,0.0,1,1
16285.0,1,176.9,60,31,176.9,465,5.706451612903226,0.0,0.0,0.03225806451612903,31,0.0,1.5509657067955804,0.0,0.0,1,1
16286.0,4,263.65,87,17,65.9125,443,15.508823529411764,8.055555555555555,0.3066283010937003,0.10526315789473684,17,-108.475,2.243874051776061,-108.475,0.5,1,1
16287.0,4,864.48,1128,18,216.12,509,48.02666666666667,9.454545454545455,0.2459450588160883,0.11764705882352941,19,-75.51499999999999,1.8817294923428662,10.918000000000003,0.0,1,1
16288.0,1,129.85,19,7,129.85,289,18.55,0.0,0.0,0.14285714285714285,7,0.0,4.076953227478532,0.0,0.0,1,1
16289.0,2,98.81,87,21,49.405,281,4.705238095238095,0.0,0.0,0.09090909090909091,21,0.0,1.2306086376454617,0.0,0.5,1,1
16290.0,4,1957.7,957,85,489.425,385,23.031764705882352,0.8048780487804879,0.11430104901223097,0.024193548387096774,85,-1520.4,4.565235199838586,-313.166,0.0,1,1
16292.0,7,890.56,492,38,127.22285714285714,423,23.43578947368421,4.808510638297872,0.2481978064476435,0.125,38,-199.70499999999998,4.697497221057611,-53.278,0.42857142857142855,1,1
16293.0,11,3146.4500000000003,1359,130,286.0409090909091,548,24.20346153846154,3.0470588235294116,0.1568609324879282,0.029239766081871343,131,20.126,3.737490323482946,0.49892857142857105,0.18181818181818182,1,0
16294.0,1,126.05000000000001,54,8,126.05000000000001,296,15.756250000000001,0.0,0.0,0.125,8,0.0,1.2464055462466004,0.0,0.0,1,1
16296.0,6,1245.97,632,57,207.66166666666666,541,21.859122807017545,1.146341463414634,0.1524985267362376,0.060240963855421686,57,493.97,2.7648929030266562,123.605,0.3333333333333333,1,1
16297.0,3,278.55,181,20,92.85000000000001,88,13.9275,0.8571428571428571,0.19060591111527575,0.09090909090909091,20,-319.35,2.256219926110563,-319.35,0.6666666666666666,1,0
16298.0,7,596.1,158,20,85.15714285714286,261,29.805,9.035714285714286,0.22209292239163503,0.10344827586206896,20,-32.775,3.396740323837871,-22.369999999999997,0.2857142857142857,1,0
16299.0,2,178.65,103,12,89.325,296,14.887500000000001,0.3333333333333333,0.15470053837925152,0.15384615384615385,12,0.0,1.8772593225504475,0.0,0.5,1,1
16300.0,3,1367.32,643,190,455.7733333333333,495,7.196421052631579,1.0337552742616034,0.07350868154182308,0.01680672268907563,193,-309.4,2.1304829420980895,58.92500000000001,0.0,1,1
16301.0,1,107.33,41,6,107.33,556,17.888333333333332,0.0,0.0,0.16666666666666666,6,0.0,1.5623913295543683,0.0,0.0,1,1
16303.0,6,3345.07,1613,82,557.5116666666667,450,40.79353658536586,1.84375,0.1313472190235295,0.031055900621118012,86,140.55300000000003,2.299734468536835,61.90100000000001,0.16666666666666666,1,1
16304.0,1,381.66,228,25,381.66,514,15.2664,0.0,0.0,0.04,25,0.0,2.057155155386519,0.0,0.0,1,1
16306.0,10,1094.72,696,55,109.47200000000001,254,19.904,3.1739130434782608,0.21926223508824422,0.07142857142857142,55,-261.375,1.9896426898129964,-65.61800000000001,0.3,1,0
16307.0,3,1194.92,1123,69,398.3066666666667,396,17.317681159420292,1.9864864864864864,0.1354505515847255,0.02666666666666667,70,-394.91999999999996,1.4775082506133868,-17.92500000000001,0.0,1,1
16308.0,5,3520.0,11000,1,704.0,543,3520.0,126.25,2.119819686064734,1.0,1,-96.0,0.0,-96.0,0.0,1,0
16309.0,1,334.2,304,21,334.2,60,15.914285714285715,0.0,0.0,0.047619047619047616,21,0.0,1.7005370300220428,0.0,0.0,1,0
16310.0,2,460.08,270,26,230.04,461,17.695384615384615,8.407407407407407,0.18814338615375598,0.07142857142857142,26,79.32,3.2581389338346685,79.32,0.0,1,1
16312.0,1,171.15,53,10,171.15,251,17.115000000000002,0.0,0.0,0.1,10,0.0,3.1439713032334686,0.0,0.0,1,1
16314.0,3,1491.4,636,58,497.1333333333334,292,25.71379310344828,1.3442622950819672,0.13492988160598646,0.03225806451612903,58,-152.89999999999998,3.387798997363365,134.025,0.0,1,1
16315.0,2,402.71,143,21,201.355,355,19.176666666666666,9.318181818181818,0.20843178117859507,0.08695652173913043,21,50.03,4.067576460359358,50.03,0.0,1,1
16316.0,14,4558.56,2462,172,325.6114285714286,312,26.50325581395349,1.1625,0.14926649286194665,0.016597510373443983,174,-325.02,12.052097101052375,-33.27142857142859,0.2857142857142857,1,0
16317.0,4,1408.8700000000001,727,69,352.21750000000003,404,20.41840579710145,3.6666666666666665,0.12298812503558894,0.0379746835443038,70,-267.35,3.8510292170418,104.50499999999998,0.25,1,1
16319.0,1,404.40000000000003,72,3,404.40000000000003,37,134.8,0.0,0.0,0.3333333333333333,3,0.0,0.5773502691896258,0.0,0.0,1,0
16320.0,6,5433.01,3229,184,905.5016666666667,500,29.527228260869567,2.0086206896551726,0.09857896304400639,0.012875536480686695,185,14.764999999999985,2.794522625451198,-91.39900000000002,0.16666666666666666,0,0
16321.0,7,190.5,66,14,27.214285714285715,558,13.607142857142858,14.89655172413793,0.2480648658702397,0.2,14,77.85000000000001,1.6883270642449788,25.68,0.2857142857142857,0,1
16323.0,2,353.66,146,4,176.83,397,88.415,127.0,0.574737475205192,0.25,4,61.34000000000003,1.6862878362446512,61.34000000000003,0.0,1,0
16325.0,14,3098.08,2298,100,221.29142857142855,554,30.9808,3.8217054263565893,0.18450793632718926,0.038461538461538464,100,42.046285714285716,2.3511833582810175,49.5875,0.2857142857142857,1,0
16326.0,13,2113.31,504,151,162.56230769230768,499,13.995430463576158,2.105022831050228,0.17007118981919375,0.03636363636363636,162,-75.81399999999998,3.866599376033766,-9.103333333333332,0.0,1,0
16327.0,18,8752.59,7133,269,486.255,544,32.5375092936803,0.6670967741935484,0.10331509332326871,0.014175257731958763,291,-114.64964285714284,2.0843993149084197,-21.661428571428576,0.2222222222222222,1,0
16328.0,1,310.83,141,16,310.83,382,19.426875,0.0,0.0,0.0625,16,0.0,1.6215444027222938,0.0,0.0,1,1
16329.0,4,1664.92,797,83,416.23,558,20.059277108433736,3.0,0.13174338936835453,0.028846153846153848,83,78.54999999999998,1.6627296878736848,78.54999999999998,0.0,1,1
16330.0,4,373.46999999999997,179,71,93.36749999999999,482,5.260140845070422,3.0779220779220777,0.11640153640846666,0.02564102564102564,71,4.369999999999997,1.6256723499557313,4.369999999999997,0.0,1,1
16331.0,6,2037.7,756,33,339.6166666666667,462,61.74848484848485,6.303030303030303,0.20431823344200511,0.058823529411764705,33,-525.65,4.0611030437879565,-525.65,0.0,1,1
16332.0,6,526.55,329,48,87.75833333333333,408,10.969791666666666,5.035714285714286,0.21096099255040168,0.05263157894736842,48,6.398999999999999,3.2785939930751673,6.398999999999999,0.16666666666666666,1,1
16333.0,16,13087.2,22092,8,817.95,129,1635.9,3.53125,0.3897543299354674,0.21212121212121213,8,4229.28,0.5585692626811121,187.71200000000007,0.0,1,0
16334.0,1,263.73,206,54,263.73,311,4.883888888888889,0.0,0.0,0.018518518518518517,52,0.0,1.9744675971267354,0.0,0.0,1,1
16335.0,8,2726.52,1000,193,340.815,555,14.127046632124353,0.5013850415512465,0.09854251627933651,0.016574585635359115,199,-91.21999999999997,3.1073329676093784,-47.82914285714285,0.125,1,1
16336.0,4,3517.69,1473,64,879.4225,451,54.96390625,3.1343283582089554,0.13901795727715027,0.029411764705882353,64,-612.5500000000001,3.3452668855500165,-612.5500000000001,0.0,1,1
16339.0,1,94.05,21,17,94.05,103,5.5323529411764705,0.0,0.0,0.1111111111111111,17,0.0,2.88322990860638,0.0,0.0,1,1
16340.0,2,961.93,833,170,480.965,370,5.658411764705882,0.5162790697674419,0.06024163436821167,0.018518518518518517,172,229.84999999999997,1.8192634446530318,229.84999999999997,0.0,1,1
16341.0,6,2665.12,2147,81,444.18666666666667,429,32.90271604938272,3.543103448275862,0.12836769966618194,0.042735042735042736,87,14.965000000000032,1.4543108323370064,14.965000000000032,0.3333333333333333,1,0
16343.0,1,285.54,170,28,285.54,226,10.197857142857144,0.0,0.0,0.05714285714285714,28,0.0,4.042690821177184,0.0,0.0,1,1
16344.0,3,741.3199999999999,688,42,247.10666666666665,488,17.65047619047619,3.6744186046511627,0.2052439155897876,0.045454545454545456,42,107.72999999999999,2.0018928146725616,107.72999999999999,0.0,1,1
16345.0,1,613.33,323,68,613.33,302,9.019558823529412,0.0,0.0,0.028169014084507043,68,0.0,2.087550845174105,0.0,0.0,1,1
16346.0,1,224.51,289,15,224.51,204,14.967333333333332,0.0,0.0,0.06666666666666667,15,0.0,2.3857709146401413,0.0,0.0,1,1
16347.0,11,2568.11,1368,168,233.46454545454546,457,15.286369047619049,0.9420849420849421,0.11289470403098187,0.019230769230769232,173,168.26500000000001,2.720026048548378,39.09,0.18181818181818182,1,1
16348.0,4,885.5,642,115,221.375,249,7.7,1.7835820895522387,0.09953193792640609,0.022222222222222223,115,227.96000000000004,3.253747292397809,-100.57499999999997,0.0,1,0
16349.0,1,53.5,9,9,53.5,110,5.944444444444445,0.0,0.0,0.1111111111111111,9,0.0,6.061353213415118,0.0,0.0,1,1
16350.0,9,1482.72,723,59,164.74666666666667,247,25.13084745762712,0.989010989010989,0.1795588724797969,0.07608695652173914,59,-729.3199999999999,3.1433847657382628,-63.19200000000001,0.3333333333333333,1,1
16351.0,18,3279.13,2121,124,182.17388888888888,554,26.44459677419355,2.00507614213198,0.2050078486233123,0.030303030303030304,127,-71.67057142857144,1.48242684312884,-0.4159393939393938,0.2777777777777778,1,1
16353.0,29,5261.5,2266,65,181.43103448275863,551,80.94615384615385,4.2,0.2936071350547404,0.14049586776859505,66,54.81785714285714,1.3684807334801379,5.395000000000001,0.10344827586206896,1,0
16354.0,3,723.66,442,87,241.22,410,8.317931034482758,2.11,0.12313458607243144,0.04950495049504951,87,-2.5600000000000023,2.3310487207722326,-2.5600000000000023,0.0,1,1
16355.0,2,349.2,145,47,174.6,194,7.429787234042553,0.02040816326530612,0.017857142857142856,0.04,47,0.0,2.7242860963367774,0.0,0.5,1,1
16356.0,7,414.42,189,27,59.20285714285715,371,15.34888888888889,5.9491525423728815,0.21468271724238816,0.06666666666666667,27,2.626000000000002,0.9995165356734955,-8.641,0.14285714285714285,1,0
16357.0,2,347.39,165,20,173.695,200,17.3695,8.789473684210526,0.22358002877345165,0.05,20,-71.59,3.980000363660391,-71.59,0.0,1,0
16358.0,3,1351.75,983,61,450.5833333333333,214,22.15983606557377,3.1492537313432836,0.11815303528999968,0.029411764705882353,61,-432.55000000000007,1.504921834458996,-432.55000000000007,0.3333333333333333,1,0
16359.0,16,1644.74,1205,72,102.79625,481,22.843611111111112,4.386792452830188,0.2678545582301332,0.11214953271028037,72,33.62800000000001,23.90959922664913,-5.384895104895104,0.25,1,0
16362.0,2,189.67,121,13,94.835,257,14.59,0.5384615384615384,0.18305985576439202,0.14285714285714285,13,-234.67,2.5912529321241022,-234.67,0.5,1,1
16365.0,10,2105.88,753,65,210.58800000000002,548,32.398153846153846,5.674698795180723,0.26618951690018494,0.08333333333333333,65,9.185142857142864,3.9191778847864214,-2.81047619047619,0.1,1,0
16366.0,3,1220.83,626,57,406.9433333333333,543,21.418070175438594,2.389830508474576,0.16099662327831657,0.05,57,34.144999999999996,3.0880203877653134,34.144999999999996,0.0,1,1
16367.0,2,716.9,547,119,358.45,202,6.02436974789916,0.15503875968992248,0.05615511532481532,0.015384615384615385,119,0.0,1.5626274068509172,-382.72,0.0,1,1
16368.0,1,141.53,56,20,141.53,255,7.0765,0.0,0.0,0.09523809523809523,20,0.0,1.9429040610581343,0.0,0.0,1,1
16369.0,5,1465.6,758,42,293.12,430,34.89523809523809,6.242424242424242,0.18953736100191132,0.05970149253731343,43,-102.50000000000001,2.8772821944979983,25.355000000000004,0.0,1,0
16370.0,2,543.21,325,88,271.605,44,6.172840909090909,0.39622641509433965,0.07800652962594776,0.018691588785046728,88,0.0,2.4088964746034813,-1.1299999999999955,0.0,1,0
16371.0,1,157.2,108,11,157.2,268,14.29090909090909,0.0,0.0,0.09090909090909091,11,0.0,3.5620984622193497,0.0,0.0,1,1
16372.0,4,904.58,540,203,226.145,426,4.456059113300493,0.9147982062780269,0.06597182855941452,0.017857142857142856,202,682.6800000000001,1.6408386780865456,-70.475,0.25,1,1
16373.0,2,309.49,119,25,154.745,230,12.3796,1.0357142857142858,0.1598204931123986,0.06896551724137931,25,0.0,1.7793288987843876,-79.99000000000001,0.0,1,1
16374.0,4,1404.97,583,226,351.2425,407,6.216681415929203,1.2452107279693487,0.09298785557213017,0.011450381679389313,227,-92.92699999999999,3.6742518233841763,-92.92699999999999,0.0,1,0
16375.0,2,104.0,74,11,52.0,289,9.454545454545455,0.0,0.0,0.15384615384615385,11,0.0,0.7354572971270567,0.0,0.0,1,1
16377.0,2,1308.48,2928,6,654.24,437,218.08,38.888888888888886,0.3305004721435316,0.2,6,43.92000000000007,0.22120880030716075,43.92000000000007,0.0,1,0
16378.0,3,362.95,267,22,120.98333333333333,130,16.49772727272727,2.8181818181818183,0.24128442489362298,0.08695652173913043,22,-211.15,1.497837703678628,-211.15,0.0,1,0
16381.0,2,247.85,108,60,123.925,237,4.130833333333333,0.36666666666666664,0.09548144178965329,0.03278688524590164,60,0.0,2.281408586073968,-160.85,0.0,1,1
16382.0,2,353.1,167,42,176.55,370,8.407142857142858,3.302325581395349,0.14576716724748476,0.045454545454545456,43,-38.44,6.466328214790474,-38.44,0.0,1,1
16383.0,7,2494.64,1414,218,356.3771428571428,492,11.443302752293578,1.1260504201680672,0.10268693660949586,0.027932960893854747,227,-69.69300000000001,2.597698021343785,-64.53142857142859,0.14285714285714285,1,0
16384.0,3,1183.55,801,71,394.51666666666665,409,16.669718309859153,4.577464788732394,0.1630082743262951,0.027777777777777776,71,44.67500000000001,1.7752127426565363,44.67500000000001,0.0,1,0
16385.0,3,473.69,285,64,157.89666666666668,451,7.40140625,3.52,0.12127569622657686,0.039473684210526314,66,253.17000000000002,1.9923371623349928,18.470000000000006,0.0,1,1
16386.0,2,826.69,521,55,413.345,207,15.030727272727274,2.19672131147541,0.12098520346885056,0.03225806451612903,57,-704.49,2.0584962975129852,-704.49,0.0,1,0
16387.0,5,882.46,448,68,176.49200000000002,458,12.977352941176472,3.6627906976744184,0.16108049658748552,0.05747126436781609,70,-17.824,3.2900454867674185,-30.927,0.0,1,1
16388.0,1,186.05,83,13,186.05,473,14.311538461538463,0.0,0.0,0.07692307692307693,13,0.0,1.6767451681678882,0.0,0.0,1,1
16389.0,2,670.17,307,16,335.085,102,41.885625,5.133333333333334,0.24583382098595166,0.0625,16,430.87,1.7253212261295963,430.87,0.0,1,0
16390.0,3,467.5,122,16,155.83333333333334,498,29.21875,7.05,0.21673262907544089,0.09523809523809523,16,79.90000000000003,3.5803032593024056,79.90000000000003,0.0,1,1
16391.0,4,1048.86,713,260,262.215,381,4.034076923076923,0.53156146179402,0.0742144354553309,0.016556291390728478,262,14.234999999999985,2.1562167045538834,78.85400000000001,0.0,1,1
16392.0,3,755.45,603,124,251.8166666666667,381,6.09233870967742,2.056338028169014,0.11257056328093076,0.02097902097902098,127,12.799999999999997,2.1487251722938985,12.799999999999997,0.0,1,0
16393.0,17,3209.7,1976,279,188.80588235294115,558,11.504301075268817,1.0148423005565863,0.12075499463775284,0.025925925925925925,289,28.070714285714278,1.2675720386173668,-10.548951048951048,0.058823529411764705,1,0
16394.0,3,607.48,746,47,202.49333333333334,109,12.925106382978724,0.9090909090909091,0.13695100487551626,0.05357142857142857,47,-17.339999999999975,1.4959894436741243,-17.339999999999975,0.3333333333333333,1,0
16395.0,14,2407.16,1786,356,171.94,553,6.761685393258427,0.823170731707317,0.0664636654718336,0.012170385395537525,362,110.38799999999999,2.2342505539934594,72.54228571428571,0.21428571428571427,1,1
16396.0,3,102.69999999999999,46,8,34.23333333333333,295,12.837499999999999,0.2727272727272727,0.1431989494000637,0.25,8,0.0,0.8565257518816138,0.0,0.6666666666666666,1,1
16397.0,1,123.13,43,9,123.13,447,13.681111111111111,0.0,0.0,0.1111111111111111,9,0.0,6.369475601997738,0.0,0.0,1,1
16398.0,2,1150.05,501,63,575.025,73,18.254761904761903,0.42857142857142855,0.09736541582769101,0.03125,63,-1189.85,4.076180603640135,-1189.85,0.5,1,0
16399.0,2,398.81,330,64,199.405,208,6.23140625,2.283582089552239,0.11596540668909044,0.029411764705882353,64,-45.59000000000003,1.705379464414609,-45.59000000000003,0.0,1,0
16400.0,8,2755.92,1894,187,344.49,551,14.737540106951872,1.4050632911392404,0.13650611015702996,0.01680672268907563,188,46.236999999999995,2.3689459942279005,-15.540357142857143,0.0,1,1
16401.0,25,4224.64,3641,86,168.9856,374,49.123720930232565,1.3373015873015872,0.17648893708225974,0.05533596837944664,104,119.54999999999998,1.3999448265144765,35.51781818181817,0.36,1,0
16402.0,2,293.45,146,55,146.725,188,5.335454545454545,1.8571428571428572,0.12466066879761999,0.03508771929824561,55,-117.85000000000001,2.3300155430978773,-117.85000000000001,0.0,1,0
16403.0,2,161.04999999999998,103,10,80.52499999999999,131,16.104999999999997,0.7142857142857143,0.19448981617723768,0.13333333333333333,10,0.0,0.36029088776920765,-193.95,0.5,1,1
16405.0,2,167.25,187,3,83.625,129,55.75,1.75,0.3888888888888889,0.4,3,0.0,2.1040437257813824,0.0,0.0,1,1
16406.0,3,355.31,119,87,118.43666666666667,473,4.0840229885057475,2.21978021978022,0.10010123173826824,0.03260869565217391,87,-15.189999999999998,2.786710999364651,-15.189999999999998,0.3333333333333333,1,1
16407.0,9,1471.76,741,71,163.5288888888889,251,20.729014084507043,2.0085470085470085,0.18687431263651358,0.0423728813559322,71,-213.78500000000003,2.7113049020823214,-51.792571428571435,0.0,1,0
16408.0,1,231.93,227,45,231.93,410,5.154,0.0,0.0,0.022222222222222223,45,0.0,1.1586865604875833,0.0,0.0,1,1
16409.0,9,4433.32,2895,312,492.5911111111111,545,14.209358974358974,0.7261724659606656,0.0904255887543112,0.013595166163141994,335,33.22535714285715,2.24937621074762,30.586666666666673,0.0,1,0
16410.0,1,130.32,348,5,130.32,553,26.064,0.0,0.0,0.2,5,0.0,0.8643668202794459,0.0,0.0,1,1
16411.0,3,673.24,399,119,224.41333333333333,247,5.657478991596639,0.3717948717948718,0.07927484060035564,0.01910828025477707,119,0.0,1.4279555308914547,-105.56,0.0,1,1
16412.0,4,457.2,225,72,114.3,492,6.35,3.065934065934066,0.136299579970176,0.06521739130434782,73,112.905,1.9286315822934617,22.556,0.0,1,1
16413.0,1,259.83,135,32,259.83,195,8.1196875,0.0,0.0,0.05405405405405406,32,0.0,2.5798994323579905,0.0,0.0,1,1
16414.0,4,475.76,190,56,118.94,514,8.495714285714286,7.137931034482759,0.22013352627534832,0.03389830508474576,58,-14.596,2.522803562337697,-14.596,0.0,1,1
16415.0,2,496.49,330,78,248.245,496,6.365256410256411,0.9484536082474226,0.09171614607016794,0.030612244897959183,79,138.09000000000003,1.9969699880516596,138.09000000000003,0.0,1,1
16416.0,6,1906.48,1526,92,317.74666666666667,474,20.722608695652173,2.2982456140350878,0.13517363669881988,0.02608695652173913,92,151.41500000000002,2.4039251274335967,-14.875999999999987,0.0,1,1
16417.0,1,35.7,6,1,35.7,312,35.7,0.0,0.0,1.0,1,0.0,0.0,0.0,0.0,1,1
16418.0,3,543.53,371,71,181.17666666666665,242,7.655352112676056,2.5128205128205128,0.1160774914238353,0.0379746835443038,71,-251.71,3.920667886521857,-251.71,0.0,1,0
16419.0,5,1009.1700000000001,477,48,201.834,487,21.024375000000003,6.140625,0.16996941068751914,0.06153846153846154,48,145.0,5.6810586855322605,7.3870000000000005,0.2,1,1
16420.0,1,75.0,120,2,75.0,215,37.5,0.0,0.0,0.5,2,0.0,0.8697413408594534,0.0,0.0,1,1
16421.0,3,526.27,123,35,175.42333333333332,289,15.036285714285714,2.4864864864864864,0.214152018771564,0.05263157894736842,35,-94.93000000000004,4.3443115059675375,-103.10000000000001,0.0,1,1
16422.0,96,44720.770000000004,48016,107,465.8413541666667,557,417.95112149532713,0.930783242258652,0.21922344386180356,0.04909090909090909,123,1273.558571428571,1.685508524527836,110.33921052631578,0.125,1,0
16424.0,3,392.06,206,10,130.68666666666667,202,39.206,14.615384615384615,0.34713740622969647,0.14285714285714285,11,-87.97,3.399347707305746,-87.97,0.3333333333333333,1,0
16425.0,1,302.7,199,21,302.7,121,14.414285714285715,0.0,0.0,0.047619047619047616,21,0.0,3.4608967321311668,0.0,0.0,1,1
16426.0,1,328.37,157,11,328.37,95,29.85181818181818,0.0,0.0,0.09090909090909091,11,0.0,2.703113356517225,0.0,0.0,1,1
16427.0,2,241.06,156,8,120.53,103,30.1325,2.625,0.31158670958806867,0.2222222222222222,8,0.0,0.671982969360914,21.459999999999994,0.0,1,0
16428.0,3,638.49,575,121,212.83,317,5.276776859504133,0.6666666666666666,0.07858563361876221,0.023622047244094488,121,-197.53,1.925360595660482,-197.53,0.0,1,1
16430.0,5,802.09,203,16,160.418,501,50.130625,14.9,0.333613499302389,0.14285714285714285,17,237.375,2.9378231331897364,237.375,0.0,1,1
16431.0,3,623.28,442,51,207.76,116,12.221176470588235,1.12,0.1046779401060593,0.05263157894736842,51,-45.920000000000016,1.1337023031998748,-45.920000000000016,0.0,1,0
16433.0,1,200.26,108,17,200.26,228,11.78,0.0,0.0,0.058823529411764705,17,0.0,1.379381521680257,0.0,0.0,1,1
16434.0,9,1863.91,928,79,207.10111111111112,510,23.59379746835443,4.371681415929204,0.1913806343440323,0.043859649122807015,81,-18.466999999999995,3.706432636552687,-45.33742857142857,0.1111111111111111,1,0
16435.0,3,1003.0699999999999,608,119,334.3566666666666,333,8.429159663865546,0.008064516129032258,0.007399978447045631,0.016,118,0.0,4.242836204482153,0.0,0.0,1,1
16436.0,4,231.84,205,39,57.96,552,5.944615384615385,1.5609756097560976,0.14405085094131065,0.047619047619047616,39,21.539999999999992,1.8208791797437185,21.539999999999992,0.25,1,1
16437.0,2,301.25,197,17,150.625,249,17.720588235294116,2.4,0.2045490639299262,0.09523809523809523,17,0.0,1.1117125356425384,66.54999999999998,0.0,1,1
16439.0,1,310.70000000000005,74,9,310.70000000000005,541,34.522222222222226,0.0,0.0,0.1111111111111111,9,0.0,2.406126439829055,0.0,0.0,1,1
16440.0,2,488.76,205,58,244.38,313,8.426896551724138,4.728813559322034,0.12670071507107442,0.03333333333333333,58,56.15999999999997,2.0465852502255255,56.15999999999997,0.0,1,0
16441.0,5,832.03,413,60,166.406,446,13.867166666666666,4.589041095890411,0.16541546867126258,0.04054054054054054,61,18.552999999999997,2.492056955841665,18.552999999999997,0.2,1,1
16442.0,4,715.11,489,165,178.7775,546,4.3340000000000005,2.8457142857142856,0.11972474026902567,0.017045454545454544,172,41.037,2.4340339606152943,41.037,0.0,1,0
16443.0,1,162.24,96,1,162.24,340,162.24,0.0,0.0,1.0,1,0.0,0.0,0.0,0.0,1,1
16444.0,18,3144.04,1661,188,174.6688888888889,444,16.723617021276596,1.2664670658682635,0.12732788877707654,0.020895522388059702,190,-18.638285714285733,2.210981073657217,17.256121212121215,0.16666666666666666,1,0
16445.0,3,352.65,176,93,117.55,231,3.7919354838709673,0.20689655172413793,0.06408751607606725,0.02564102564102564,93,0.0,1.5231375547238273,29.25,0.0,1,1
16446.0,1,2.9,2,2,2.9,25,1.45,0.0,0.0,0.5,2,0.0,0.28284271247461895,0.0,0.0,1,0
16447.0,2,471.19,94,27,235.595,479,17.45148148148148,2.090909090909091,0.16069875634625153,0.08823529411764706,27,117.44999999999999,2.710169137857124,117.44999999999999,0.0,1,1
16448.0,2,361.12,176,45,180.56,290,8.024888888888889,5.551020408163265,0.13927291346646184,0.04,45,4.860000000000014,2.021453306259572,4.860000000000014,0.0,1,0
16449.0,3,674.69,359,40,224.89666666666668,100,16.867250000000002,2.119047619047619,0.15498477858010185,0.046511627906976744,40,-158.69,3.00051545959287,-224.84499999999997,0.3333333333333333,1,0
16450.0,3,1163.81,457,28,387.93666666666667,548,41.56464285714286,4.46875,0.24045201909842656,0.06060606060606061,28,407.76,2.83412023386447,407.76,0.3333333333333333,1,1
16451.0,3,742.4300000000001,401,50,247.4766666666667,554,14.848600000000001,3.411764705882353,0.13757033487929363,0.038461538461538464,51,134.62999999999994,2.050917417864981,134.62999999999994,0.3333333333333333,1,1
16452.0,2,332.17,199,14,166.085,513,23.726428571428574,3.7058823529411766,0.22763762544767346,0.1111111111111111,14,0.0,1.2877315769907505,-55.19,0.0,1,1
16453.0,2,251.71,139,15,125.855,367,16.78066666666667,1.2142857142857142,0.21904908695523867,0.06666666666666667,15,0.0,3.478568671163471,0.0,0.0,1,1
16454.0,1,1.55,1,1,1.55,430,1.55,0.0,0.0,1.0,1,0.0,0.0,0.0,0.0,1,1
16455.0,11,3210.52,2432,92,291.86545454545455,439,34.89695652173913,2.467065868263473,0.1406468597527671,0.02976190476190476,93,-100.54699999999998,2.283951035325635,-60.75285714285714,0.18181818181818182,1,0
16456.0,11,5419.18,3005,217,492.6527272727273,440,24.973179723502305,1.065934065934066,0.12290558483028377,0.019178082191780823,235,-118.31599999999997,2.356686453836833,-3.0993333333333344,0.0,1,0
16457.0,1,208.36,140,9,208.36,37,23.151111111111113,0.0,0.0,0.1111111111111111,9,0.0,1.7331185764395924,0.0,0.0,1,0
16458.0,19,3513.85,2031,74,184.93947368421053,381,47.48445945945946,1.396153846153846,0.20542299384737062,0.05747126436781609,78,-9.626,1.409222890156443,-7.387252747252748,0.0,1,0
16459.0,1,71.78999999999999,59,5,71.78999999999999,549,14.357999999999999,0.0,0.0,0.2,5,0.0,2.0753602096985477,0.0,0.0,1,1
16461.0,2,1396.91,879,195,698.455,465,7.163641025641026,0.25229357798165136,0.0533946747763717,0.0136986301369863,195,-101.26999999999998,2.2519819486390986,-101.26999999999998,0.0,1,1
16462.0,2,68.0,8,1,34.0,103,68.0,98.0,98.0,1.0,1,0.0,0.0,0.0,0.0,1,0
16463.0,2,314.42,178,19,157.21,23,16.54842105263158,0.3684210526315789,0.1413790319885842,0.1,19,0.0,1.579032348590344,0.0,0.5,1,0
16465.0,3,726.34,502,45,242.11333333333334,264,16.140888888888888,0.6041666666666666,0.13690645656494882,0.04081632653061224,45,-186.93999999999994,2.6868777083685615,-186.93999999999994,0.3333333333333333,1,1
16466.0,12,2566.42,1308,154,213.86833333333334,461,16.665064935064937,1.9240506329113924,0.17284779783772958,0.046218487394957986,156,-78.93942857142858,11.47128691131757,-24.34454545454545,0.08333333333333333,1,0
16467.0,8,2862.4,7380,14,357.8,557,204.45714285714286,9.375,0.4668147249933325,0.24,14,-221.08,0.7606624306046231,-137.50057142857142,0.125,1,1
16468.0,2,712.62,340,37,356.31,300,19.26,0.2619047619047619,0.09709753601788762,0.046511627906976744,37,0.0,1.012098135389506,0.0,0.0,1,1
16469.0,3,446.78000000000003,183,73,148.92666666666668,333,6.12027397260274,3.034090909090909,0.10298216224684424,0.0449438202247191,73,89.82,2.725329632113742,89.82,0.0,1,0
16470.0,10,2004.79,982,240,200.47899999999998,548,8.353291666666667,1.465564738292011,0.10989696034496556,0.024725274725274724,243,6.096000000000004,2.021172182807022,4.252500000000001,0.1,1,0
16471.0,6,1186.18,666,48,197.6966666666667,472,24.712083333333336,5.9523809523809526,0.20611025487376844,0.046875,49,-33.414,2.3567339983309297,10.264000000000005,0.3333333333333333,1,1
16472.0,2,789.6,252,39,394.8,417,20.246153846153845,4.2894736842105265,0.15631001236377182,0.02564102564102564,39,-324.47999999999996,12.742871140848937,-324.47999999999996,0.0,1,1
16473.0,4,371.28000000000003,245,21,92.82000000000001,193,17.68,3.9565217391304346,0.29317613220593214,0.08333333333333333,21,61.84,2.3038106035656334,-54.89200000000001,0.25,1,1
16475.0,1,310.0,192,20,310.0,93,15.5,0.0,0.0,0.05,20,0.0,1.398483671319536,0.0,0.0,1,1
16476.0,3,337.0,182,24,112.33333333333333,251,14.041666666666666,0.52,0.18534709930704646,0.07692307692307693,24,0.0,3.6180195390040923,0.0,0.6666666666666666,1,1
16477.0,9,3152.42,1962,152,350.2688888888889,304,20.739605263157895,1.3622448979591837,0.16849928900539543,0.025380710659898477,153,-193.04800000000003,1.540266134755904,-13.367142857142854,0.0,1,0
16481.0,3,430.93,186,16,143.64333333333335,501,26.933125,1.2222222222222223,0.21405377752608598,0.10526315789473684,16,0.0,2.039206215247515,-455.93,0.6666666666666666,1,1
16483.0,1,139.35,44,19,139.35,11,7.334210526315789,0.0,0.0,0.05263157894736842,19,0.0,4.713178302122926,0.0,0.0,1,0
16484.0,2,245.8,145,17,122.9,10,14.458823529411765,0.058823529411764705,0.04734152343522918,0.1111111111111111,17,0.0,2.71420855952065,0.0,0.5,1,0
16485.0,6,1766.54,891,95,294.42333333333335,553,18.595157894736843,2.7027027027027026,0.1636034677364864,0.026785714285714284,100,-18.086000000000013,2.362375067345564,-53.86700000000001,0.3333333333333333,1,1
16486.0,1,134.36,24,7,134.36,357,19.194285714285716,0.0,0.0,0.14285714285714285,7,0.0,1.7159587074618916,0.0,0.0,1,1
16487.0,2,209.4,163,28,104.7,478,7.478571428571429,2.3823529411764706,0.15998195451509123,0.05714285714285714,28,5.0,2.0898031751637207,5.0,0.0,1,1
16489.0,2,303.7,38,4,151.85,255,75.925,11.0,0.4297420948302559,0.3333333333333333,4,82.39999999999998,4.087256618646139,82.39999999999998,0.0,1,1
16490.0,2,179.16000000000003,106,13,89.58000000000001,255,13.781538461538464,0.4,0.15691238242370478,0.125,13,-231.66000000000003,1.3818001543879876,-231.66000000000003,0.5,1,1
16491.0,2,792.81,579,48,396.405,232,16.516875,0.25,0.09150635094610966,0.04081632653061224,48,0.0,1.7939693713779448,-810.51,0.5,1,1
16492.0,1,385.56,235,23,385.56,360,16.763478260869565,0.0,0.0,0.043478260869565216,23,0.0,2.0934983109297254,0.0,0.0,1,1
16493.0,5,1148.26,1068,54,229.652,442,21.264074074074074,4.9411764705882355,0.22512772756494123,0.043478260869565216,56,-48.85499999999999,2.8313224296726194,-46.391999999999996,0.0,1,1
16494.0,1,826.53,675,47,826.53,116,17.585744680851064,0.0,0.0,0.06,47,0.0,0.8893607885694637,0.0,0.0,1,1
16495.0,2,246.51,166,32,123.255,95,7.7034375,0.0,0.0,0.06060606060606061,32,0.0,2.352411158274794,0.0,0.0,1,1
16496.0,6,1878.99,1417,101,313.165,328,18.603861386138615,2.747826086956522,0.15906903506487338,0.02586206896551724,101,33.25700000000001,2.7290387783381096,-81.051,0.16666666666666666,1,0
16497.0,22,5280.29,2443,204,240.0131818181818,555,25.88377450980392,1.8362369337979094,0.17289891826927226,0.020833333333333332,206,25.705714285714286,3.7620841532972804,21.13255244755245,0.0,1,0
16499.0,13,2509.64,1354,104,193.04923076923075,366,24.131153846153843,1.2147651006711409,0.15658342064611666,0.04,105,550.09,3.0966256413096023,1.350857142857142,0.38461538461538464,1,1
16500.0,5,600.1,263,20,120.02000000000001,362,30.005000000000003,8.75,0.3035461043095083,0.08,20,12.700000000000003,32.56940512198527,12.700000000000003,0.2,1,1
16501.0,1,1191.23,628,181,1191.23,202,6.581381215469613,0.0,0.0,0.010050251256281407,181,0.0,2.3244341378527307,0.0,0.0,1,1
16502.0,2,258.55,220,41,129.275,439,6.30609756097561,0.0,0.0,0.024390243902439025,41,0.0,5.648525719590737,0.0,0.0,1,1
16503.0,12,3259.35,1408,157,271.6125,355,20.760191082802546,1.601010101010101,0.14649798778271914,0.02512562814070352,164,-121.56900000000002,3.1534200404280153,-14.278452380952379,0.16666666666666666,1,0
16507.0,1,142.71,111,37,142.71,391,3.8570270270270273,0.0,0.0,0.05263157894736842,37,0.0,1.6988398057595075,0.0,0.0,1,1
16508.0,1,240.95,103,42,240.95,449,5.7369047619047615,0.0,0.0,0.046511627906976744,42,0.0,2.945163819294373,0.0,0.0,1,1
16509.0,1,363.7,64,13,363.7,116,27.976923076923075,0.0,0.0,0.07692307692307693,13,0.0,4.175804083477785,0.0,0.0,1,1
16510.0,6,1757.25,927,93,292.875,511,18.89516129032258,2.8727272727272726,0.16925186917039559,0.036036036036036036,93,-333.34,3.8009484289936064,-63.33100000000001,0.0,1,1
16511.0,4,1170.51,478,165,292.6275,468,7.094,1.8955223880597014,0.10346222265256312,0.024752475247524754,167,18.105000000000015,2.8413997075238036,18.105000000000015,0.0,1,0
16515.0,7,2174.26,1050,150,310.60857142857145,360,14.495066666666668,1.6628571428571428,0.14534687457187717,0.045454545454545456,150,-60.539,2.366414252056825,-42.35485714285714,0.0,1,0
16517.0,1,162.7,96,17,162.7,96,9.570588235294117,0.0,0.0,0.058823529411764705,17,0.0,1.842108566449935,0.0,0.0,1,1
16518.0,5,644.65,313,39,128.93,375,16.52948717948718,6.951219512195122,0.2448340106852113,0.047619047619047616,39,24.999999999999986,3.537503565373332,-55.145,0.4,1,0
16519.0,3,327.68,120,25,109.22666666666667,467,13.1072,10.444444444444445,0.266973854890109,0.07142857142857142,25,-30.214999999999996,2.7026413447024815,-30.214999999999996,0.0,1,1
16520.0,8,2131.68,1043,252,266.46,466,8.459047619047618,1.2974504249291785,0.09897512367282378,0.014124293785310734,258,173.344,2.3749489772043257,10.592,0.25,1,0
16521.0,3,1136.36,1013,211,378.78666666666663,467,5.385592417061611,0.9872340425531915,0.061189621385038855,0.01694915254237288,211,953.62,1.9854554965219715,953.62,0.0,1,1
16522.0,2,433.36,212,16,216.68,269,27.085,0.8235294117647058,0.1873574441738618,0.1111111111111111,16,0.0,5.206692776917284,0.0,0.0,1,1
16523.0,20,5270.57,1960,108,263.5285,550,48.80157407407407,2.734375,0.19969441514172062,0.046632124352331605,118,220.52249999999995,4.054624747580967,57.71081818181818,0.25,1,0
16524.0,2,306.19,259,50,153.095,510,6.1238,4.711538461538462,0.13471011654585974,0.03773584905660377,51,103.58999999999999,2.87492334724596,103.58999999999999,0.0,1,1
16525.0,42,18681.24,11162,108,444.7914285714286,556,172.97444444444446,1.8156996587030716,0.27062449162089,0.05782312925170068,121,113.72071428571428,2.8929057237896507,-5.494157894736843,0.09523809523809523,1,0
16526.0,1,426.85,173,20,426.85,403,21.3425,0.0,0.0,0.05,20,0.0,5.887684827806168,0.0,0.0,1,1
16527.0,1,1004.88,602,58,1004.88,243,17.32551724137931,0.0,0.0,0.03389830508474576,58,0.0,2.631338458019908,0.0,0.0,1,1
16529.0,4,1986.8,739,87,496.7,349,22.836781609195402,2.6692913385826773,0.10019833239398189,0.03125,90,42.974999999999994,2.6385668614668654,55.66599999999998,0.0,1,0
16530.0,1,48.349999999999994,17,3,48.349999999999994,487,16.116666666666664,0.0,0.0,0.3333333333333333,3,0.0,4.562163229580166,0.0,0.0,1,1
16531.0,8,1503.82,1296,80,187.9775,261,18.79775,1.5376344086021505,0.21174830428134106,0.031914893617021274,80,18.474999999999994,3.096147791769413,-38.704,0.125,1,1
16532.0,3,3918.24,1008,1,1306.08,440,3918.24,141.0,2.0469714326331903,1.0,1,524.4000000000001,0.22516660498395397,524.4000000000001,0.0,1,1
16534.0,1,635.9,168,36,635.9,461,17.663888888888888,0.0,0.0,0.027777777777777776,36,0.0,7.341733716790196,0.0,0.0,1,1
16535.0,1,358.28999999999996,307,35,358.28999999999996,204,10.236857142857142,0.0,0.0,0.05128205128205128,35,0.0,1.9764134831583837,0.0,0.0,1,1
16537.0,1,10.55,19,2,10.55,460,5.275,0.0,0.0,0.5,2,0.0,0.24748737341529167,0.0,0.0,1,1
16538.0,3,395.07,254,35,131.69,414,11.287714285714285,1.35,0.14153688555373775,0.07317073170731707,35,0.0,1.9215147733989044,-58.55000000000001,0.0,1,1
16539.0,9,2954.46,958,81,328.2733333333333,351,36.47481481481481,2.5121951219512195,0.17001932388384944,0.04838709677419355,81,96.90799999999999,14.78921935376879,43.03428571428571,0.0,1,0
16540.0,1,205.75,105,25,205.75,233,8.23,0.0,0.0,0.06896551724137931,25,0.0,1.8094170740277795,0.0,0.0,1,1
16541.0,2,419.78,172,39,209.89,555,10.763589743589742,0.0,0.0,0.02564102564102564,39,0.0,3.8503651087897057,0.0,0.5,1,1
16542.0,1,137.7,96,9,137.7,220,15.299999999999999,0.0,0.0,0.1111111111111111,9,0.0,2.077324668360191,0.0,0.0,1,1
16543.0,2,277.80999999999995,303,18,138.90499999999997,411,15.433888888888886,0.42105263157894735,0.1485023770603545,0.1,18,0.0,0.8584580730343765,-306.61,0.5,1,1
16544.0,6,110.3,54,8,18.383333333333333,481,13.7875,10.923076923076923,0.2745407203990788,0.35714285714285715,8,110.3,1.5284352409291948,110.3,0.3333333333333333,1,1
16545.0,1,350.52,244,5,350.52,195,70.104,0.0,0.0,0.2,5,0.0,1.4590133652574946,0.0,0.0,1,1
16546.0,7,4421.04,3358,75,631.5771428571428,261,58.9472,1.5851063829787233,0.15046411503151946,0.031578947368421054,77,-928.4749999999999,2.1444976075532916,-832.68,0.2857142857142857,1,1
16547.0,1,104.25999999999999,108,25,104.25999999999999,365,4.1704,0.0,0.0,0.04,25,0.0,1.785161804057735,0.0,0.0,1,1
16548.0,1,30.15,6,6,30.15,418,5.0249999999999995,0.0,0.0,0.16666666666666666,6,0.0,4.214706395468135,0.0,0.0,1,1
16549.0,28,8843.84,4844,648,315.8514285714286,555,13.647901234567902,0.1764172335600907,0.044378632496279165,0.01042611060743427,680,429.27542857142856,1.7646615397988161,153.46872727272725,0.10714285714285714,1,1
16550.0,25,7695.7300000000005,4751,243,307.8292,557,31.669670781893007,0.801178203240059,0.1025450227746945,0.020588235294117647,276,-35.25057142857142,3.445397757966971,-12.407142857142857,0.36,1,0
16551.0,5,1626.07,1387,54,325.214,545,30.112407407407407,5.863636363636363,0.20708036301505645,0.04477611940298507,55,13.058999999999997,4.4395532859243545,13.058999999999997,0.0,1,1
16552.0,2,379.73,219,17,189.865,193,22.337058823529414,8.125,0.24253731343283583,0.058823529411764705,17,189.15000000000003,4.131537244174376,189.15000000000003,0.0,1,0
16553.0,33,15511.48,15747,191,470.04484848484844,485,81.21193717277487,1.5694444444444444,0.15333598237534035,0.02422145328719723,192,-231.881,2.4007008480248095,-16.458951048951043,0.09090909090909091,1,0
16554.0,16,1986.63,959,90,124.164375,544,22.073666666666668,2.9825581395348837,0.20475337269546567,0.03468208092485549,91,-43.215,3.3778105393170645,-6.373909090909093,0.5625,1,0
16555.0,8,5.329070518200751e-15,0,46,6.661338147750939e-16,324,1.1584935909132068e-16,0.030927835051546393,0.02370668694749708,0.04081632653061224,46,0.0,2.5663734470830035,0.0,0.5,1,1
16556.0,21,5935.26,3365,229,282.63142857142856,552,25.91816593886463,1.3164556962025316,0.1649708684859458,0.022727272727272728,244,-28.546428571428567,21.007443688558656,-17.406945054945055,0.3333333333333333,1,0
16558.0,36,8280.51,4584,273,230.01416666666668,555,30.33153846153846,1.0134357005758157,0.14366684111979738,0.022988505747126436,279,196.26714285714283,3.2258183180015525,10.59478571428571,0.2222222222222222,1,0
16559.0,1,175.0,61,17,175.0,216,10.294117647058824,0.0,0.0,0.058823529411764705,17,0.0,2.2149516991148506,0.0,0.0,1,1
16560.0,8,2526.4,1271,111,315.8,551,22.760360360360362,2.2839506172839505,0.13515042985408085,0.04294478527607362,121,-96.59800000000004,4.367108888490119,-73.8154285714286,0.125,1,1
16562.0,1,223.85999999999999,264,34,223.85999999999999,296,6.584117647058823,0.0,0.0,0.029411764705882353,34,0.0,0.9056839725370637,0.0,0.0,1,1
16563.0,6,3324.62,2086,46,554.1033333333334,557,72.27434782608695,4.8,0.22102924745919542,0.056338028169014086,46,192.74,2.3124723588537823,192.74,0.16666666666666666,1,1
16564.0,1,87.8,40,5,87.8,388,17.56,0.0,0.0,0.2,5,0.0,2.4337214302380628,0.0,0.0,1,1
16565.0,5,700.45,191,7,140.09,375,100.06428571428572,15.75,0.5123845093883183,0.23076923076923078,7,32.849999999999994,2.386903368866803,-22.165000000000003,0.2,1,1
16566.0,3,279.47,127,6,93.15666666666668,112,46.57833333333334,16.833333333333332,0.4079697382716007,0.2857142857142857,6,89.67000000000003,3.5008114705566413,-47.775,0.3333333333333333,1,0
16567.0,2,865.6,996,34,432.8,156,25.458823529411767,4.176470588235294,0.16473410187846738,0.05714285714285714,34,-249.5200000000001,2.1567327452546787,-249.5200000000001,0.0,1,0
16568.0,2,1020.9000000000001,366,5,510.45000000000005,460,204.18,53.25,0.49534883720930234,0.2,5,66.29999999999995,15.68352638917664,66.29999999999995,0.0,1,1
16569.0,4,1331.03,895,23,332.7575,542,57.87086956521739,3.103448275862069,0.2916439170305322,0.1,23,486.73,1.7214563468246844,-62.53299999999998,0.0,1,1
16570.0,21,4649.94,2974,99,221.42571428571426,555,46.9690909090909,2.8633879781420766,0.21444136752867646,0.03804347826086957,102,123.55035714285715,30.504921967451722,15.922769230769228,0.38095238095238093,1,0
16571.0,13,3176.51,2803,118,244.3469230769231,451,26.919576271186443,1.6699029126213591,0.15204705894176476,0.028985507246376812,119,78.89900000000002,1.8091887432831013,43.62845238095239,0.38461538461538464,1,1
16572.0,1,342.58,202,21,342.58,95,16.313333333333333,0.0,0.0,0.047619047619047616,21,0.0,2.5396915823251716,0.0,0.0,1,1
16573.0,2,282.38,106,16,141.19,109,17.64875,0.4444444444444444,0.15402053620245681,0.10526315789473684,16,0.0,3.4989245632644326,-302.88,0.5,1,1
16574.0,2,850.34,586,58,425.17,478,14.661034482758621,4.105263157894737,0.12831330324768925,0.017241379310344827,58,-331.47999999999996,1.4685328967113855,-331.47999999999996,0.0,1,1
16576.0,5,513.1700000000001,309,32,102.63400000000001,341,16.036562500000002,3.142857142857143,0.19122783314218778,0.08333333333333333,32,108.77000000000001,2.9985969602730425,108.77000000000001,0.6,1,1
16577.0,1,380.0,142,23,380.0,486,16.52173913043478,0.0,0.0,0.043478260869565216,23,0.0,2.646065017918378,0.0,0.0,1,1
16578.0,1,156.6,108,9,156.6,445,17.4,0.0,0.0,0.1111111111111111,9,0.0,0.653834841531101,0.0,0.0,1,1
16579.0,2,264.45,107,14,132.225,245,18.889285714285712,4.285714285714286,0.2515729143571466,0.13333333333333333,14,0.0,6.485221294458288,-325.65,0.5,1,1
16581.0,1,105.84,134,9,105.84,2,11.76,0.0,0.0,0.1111111111111111,9,0.0,1.0876363260657387,0.0,0.0,1,0
16583.0,2,297.95,153,18,148.975,493,16.552777777777777,17.58823529411765,0.23923663534718972,0.05555555555555555,18,168.95,1.178233972569815,168.95,0.0,1,1
16584.0,6,2753.83,1727,52,458.97166666666664,481,52.95826923076923,5.434210526315789,0.18787671251700377,0.03896103896103896,53,-180.67399999999998,1.723584344860517,-180.67399999999998,0.3333333333333333,1,0
16585.0,2,341.59,151,16,170.795,514,21.349375,5.9411764705882355,0.23302296847953974,0.1111111111111111,16,162.95000000000002,1.9555428178432455,162.95000000000002,0.0,1,1
16586.0,3,1462.78,348,27,487.5933333333333,455,54.17703703703704,14.25925925925926,0.27223170275424824,0.07142857142857142,27,67.94999999999999,3.442904520080616,67.94999999999999,0.0,1,0
16587.0,1,225.15,71,13,225.15,51,17.31923076923077,0.0,0.0,0.07692307692307693,13,0.0,6.73590646442154,0.0,0.0,1,0
16588.0,4,1361.28,882,64,340.32,393,21.27,2.6714285714285713,0.189758417175696,0.028169014084507043,67,160.71500000000003,3.697529546669093,-37.995999999999995,0.0,1,1
16589.0,1,153.12,168,11,153.12,269,13.92,0.0,0.0,0.09090909090909091,11,0.0,0.9427869710211704,0.0,0.0,1,1
16590.0,3,563.6,234,26,187.86666666666667,234,21.676923076923078,1.0,0.19967826229270044,0.09090909090909091,26,0.0,4.39757325898976,-69.9,0.3333333333333333,1,1
16592.0,25,5048.26,3655,159,201.93040000000002,540,31.75006289308176,1.7009646302250805,0.16781835255574243,0.028846153846153848,170,55.297142857142845,2.148702522859344,3.4853146853146835,0.2,1,0
16593.0,8,976.7099999999999,344,53,122.08874999999999,554,18.428490566037734,7.424657534246576,0.1952181840640317,0.05405405405405406,54,-19.820999999999998,3.277951281776712,-18.206571428571426,0.125,1,0
16595.0,4,1397.59,996,286,349.3975,511,4.886678321678321,0.8579234972677595,0.06871948747240088,0.008174386920980926,293,90.03999999999999,1.7807247025697361,-51.170999999999985,0.0,1,1
16596.0,3,329.48,130,17,109.82666666666667,548,19.381176470588237,21.294117647058822,0.2684621871333445,0.1111111111111111,17,12.550000000000004,2.0385141327155534,12.550000000000004,0.0,1,1
16598.0,2,140.7,70,10,70.35,105,14.069999999999999,0.8,0.22664031527921533,0.18181818181818182,10,0.0,1.5449624885119675,-149.39999999999998,0.5,1,1
16599.0,1,172.8,159,12,172.8,205,14.4,0.0,0.0,0.08333333333333333,12,0.0,2.7206164352732247,0.0,0.0,1,1
16600.0,12,1517.5,1618,77,126.45833333333333,540,19.707792207792206,4.367924528301887,0.18028575364750218,0.04672897196261682,77,28.153000000000006,2.1653239336442054,-3.6026190476190463,0.25,1,0
16601.0,2,434.3,258,38,217.15,442,11.428947368421053,6.105263157894737,0.15802264103934413,0.05128205128205128,38,299.8,3.38886718280992,299.8,0.0,1,1
16602.0,3,216.9,89,11,72.3,208,19.71818181818182,0.14285714285714285,0.09309550323503024,0.13333333333333333,11,0.0,2.798690169823495,0.0,0.6666666666666666,1,1
16604.0,3,326.25,115,10,108.75,387,32.625,1.3571428571428572,0.27838195270876603,0.13333333333333333,10,0.0,1.8424362753081662,-538.6500000000001,0.3333333333333333,1,1
16605.0,1,60.48,144,1,60.48,543,60.48,0.0,0.0,1.0,1,0.0,0.0,0.0,0.0,1,1
16606.0,2,357.66,148,16,178.83,253,22.35375,1.4285714285714286,0.18930159409828573,0.09090909090909091,16,0.0,3.8023901403223714,0.0,0.0,1,1
16607.0,21,3758.57,2587,148,178.9795238095238,408,25.395743243243246,1.875,0.21409988158470528,0.01990049751243781,151,-85.644,30.418037926099554,-5.113461538461539,0.14285714285714285,1,0
16608.0,2,1286.6200000000001,612,94,643.3100000000001,483,13.68744680851064,1.7416666666666667,0.0867406970852489,0.024793388429752067,94,-83.9799999999999,4.420033936521303,-83.9799999999999,0.0,1,1
16609.0,3,1987.6200000000001,823,87,662.5400000000001,72,22.846206896551724,0.5045871559633027,0.10604996757147724,0.02727272727272727,88,0.0,2.495122742053972,872.5600000000002,0.0,1,0
16610.0,1,75.66,66,6,75.66,38,12.61,0.0,0.0,0.16666666666666666,6,0.0,0.8238122763510306,0.0,0.0,1,0
16611.0,7,1776.63,873,86,253.80428571428573,458,20.658488372093025,4.090909090909091,0.19009718202771558,0.02702702702702703,87,-83.22000000000001,7.753431333591434,-90.9157142857143,0.14285714285714285,1,0
16612.0,8,2764.7200000000003,1244,96,345.59000000000003,555,28.799166666666668,3.825174825174825,0.17680414077564557,0.04861111111111111,98,-3.9628571428571395,2.7414196002847095,-3.9628571428571395,0.125,1,0
16614.0,3,1179.79,349,37,393.2633333333333,397,31.886216216216216,8.229166666666666,0.200081008924638,0.061224489795918366,44,106.52000000000001,3.0534420468273726,106.52000000000001,0.0,1,0
16615.0,2,264.5,207,19,132.25,445,13.921052631578947,3.0,0.213118179363918,0.1,19,-318.5,4.134800287928382,-318.5,0.5,1,1
16617.0,1,151.85,91,5,151.85,55,30.369999999999997,0.0,0.0,0.2,5,0.0,5.015276662358718,0.0,0.0,1,0
16618.0,5,1424.34,770,44,284.868,142,32.37136363636363,2.185185185185185,0.1868217784182813,0.05454545454545454,44,-741.3,4.926708751750922,-193.32,0.2,1,0
16619.0,5,1916.53,1051,103,383.306,475,18.607087378640777,3.427350427350427,0.1417078962219806,0.025423728813559324,105,-239.49100000000004,3.345308675552083,-239.49100000000004,0.2,1,0
16620.0,5,1675.73,1106,74,335.146,557,22.645,5.348314606741573,0.19874930628369178,0.044444444444444446,77,-137.21599999999998,1.8587264544465454,-137.21599999999998,0.0,1,0
16621.0,2,490.7,142,14,245.35,97,35.05,3.8125,0.23461538461538461,0.11764705882352941,14,165.00000000000003,5.01048166053806,165.00000000000003,0.0,1,0
16622.0,2,205.6,40,12,102.8,363,17.133333333333333,0.07692307692307693,0.06022082515728213,0.14285714285714285,12,0.0,2.972077010819497,0.0,0.5,1,1
16623.0,5,1002.49,441,44,200.498,411,22.783863636363638,6.745098039215686,0.22522608268950584,0.057692307692307696,44,-216.67,3.0656092675022157,-32.069,0.2,1,0
16624.0,1,426.43,196,21,426.43,16,20.306190476190476,0.0,0.0,0.047619047619047616,21,0.0,3.815115301259552,0.0,0.0,1,0
16625.0,6,1651.08,1056,82,275.18,363,20.13512195121951,2.686868686868687,0.15407870675153856,0.04,82,-5.846000000000009,1.592464816540445,21.875999999999994,0.16666666666666666,1,1
16626.0,3,1389.78,753,68,463.26,86,20.437941176470588,1.1095890410958904,0.10952321955487013,0.04054054054054054,68,-197.51999999999998,6.031595079885656,-197.51999999999998,0.3333333333333333,1,0
16628.0,4,842.96,409,43,210.74,461,19.60372093023256,9.377777777777778,0.21421411589083408,0.043478260869565216,43,317.455,2.607283156647394,113.138,0.0,1,0
16630.0,2,104.30000000000001,70,4,52.150000000000006,254,26.075000000000003,6.75,0.46551724137931033,0.4,4,109.30000000000001,0.8043631020876083,109.30000000000001,0.5,1,1
16631.0,8,1867.02,773,46,233.3775,471,40.587391304347825,2.1,0.22739961445558424,0.06172839506172839,50,179.90999999999997,3.22335920553407,35.35285714285714,0.125,1,1
16632.0,2,406.4,256,22,203.2,400,18.472727272727273,3.6538461538461537,0.18612602729437838,0.07407407407407407,23,-2.4000000000000057,0.48448874572000605,-2.4000000000000057,0.0,1,1
16633.0,2,703.32,301,38,351.66,53,18.50842105263158,1.325,0.1412574566163412,0.04878048780487805,38,0.0,4.002785158410359,-191.71999999999997,0.0,1,0
16634.0,10,1198.3,488,72,119.83,507,16.643055555555556,4.349056603773585,0.17014474493479562,0.028037383177570093,73,6.24,4.8424125114869545,5.975000000000002,0.4,1,0
16635.0,1,473.0,277,25,473.0,226,18.92,0.0,0.0,0.04,25,0.0,1.2447861931539352,0.0,0.0,1,1
16636.0,4,3802.04,2186,62,950.51,465,61.32322580645161,2.861111111111111,0.15191536907591602,0.0273972602739726,63,-487.95000000000005,2.39588985639102,-487.95000000000005,0.0,1,1
16637.0,1,303.62,140,16,303.62,45,18.97625,0.0,0.0,0.0625,16,0.0,8.587668848412823,0.0,0.0,1,0
16638.0,12,1906.6000000000001,1034,99,158.88333333333335,297,19.25858585858586,2.0952380952380953,0.24670246408657193,0.018867924528301886,101,279.165,6.288732496703476,42.51214285714286,0.08333333333333333,1,0
16639.0,3,961.62,400,48,320.54,228,20.03375,4.04,0.15704828469922277,0.0392156862745098,48,-19.319999999999993,3.1990698403031548,-163.76,0.0,1,0
16640.0,1,179.4,146,13,179.4,217,13.8,0.0,0.0,0.07692307692307693,13,0.0,0.6834818475259133,0.0,0.0,1,1
16641.0,1,323.40000000000003,198,24,323.40000000000003,521,13.475000000000001,0.0,0.0,0.041666666666666664,24,0.0,1.0006315940227561,0.0,0.0,1,1
16642.0,4,670.86,396,33,167.715,234,20.329090909090908,5.621621621621622,0.18254431909469926,0.05263157894736842,33,-72.39999999999998,3.1911150211542254,-44.94499999999999,0.5,1,0
16643.0,3,915.5600000000001,550,48,305.18666666666667,242,19.074166666666667,3.087719298245614,0.13057353517248502,0.05172413793103448,48,59.45999999999998,2.372189852118683,59.45999999999998,0.3333333333333333,1,0
16644.0,1,722.41,751,54,722.41,31,13.377962962962963,0.0,0.0,0.018518518518518517,54,0.0,1.674642352588921,0.0,0.0,1,0
16645.0,1,160.39,117,14,160.39,555,11.456428571428571,0.0,0.0,0.07142857142857142,14,0.0,1.90773670632489,0.0,0.0,1,1
16646.0,2,675.05,1071,29,337.525,268,23.27758620689655,0.1724137931034483,0.08940413639342586,0.06666666666666667,29,0.0,1.2944554173806864,0.0,0.5,1,1
16647.0,3,455.59,315,25,151.86333333333332,363,18.223599999999998,12.518518518518519,0.25093683069012285,0.07142857142857142,25,-8.189999999999998,3.570639754157265,-8.189999999999998,0.0,1,0
16648.0,2,382.14,222,18,191.07,409,21.23,7.882352941176471,0.23529570673685238,0.05555555555555555,18,-123.53999999999999,2.1322406055602636,-123.53999999999999,0.0,1,1
16649.0,1,306.58000000000004,82,20,306.58000000000004,339,15.329000000000002,0.0,0.0,0.05,20,0.0,4.926882728567084,0.0,0.0,1,1
16650.0,6,1397.69,1139,53,232.94833333333335,338,26.371509433962267,1.3150684931506849,0.17042898426015593,0.04054054054054054,53,-962.8299999999999,2.711128727016463,-163.981,0.0,1,1
16651.0,1,136.2,60,6,136.2,406,22.7,0.0,0.0,0.16666666666666666,6,0.0,1.0127520262466359,0.0,0.0,1,1
16652.0,18,13665.79,5609,108,759.2105555555556,452,126.5350925925926,1.9389671361502347,0.15582678537532882,0.04672897196261682,116,-200.50085714285717,3.3297077487741986,-128.00933333333336,0.3333333333333333,1,0
16654.0,8,1413.75,576,61,176.71875,431,23.17622950819672,6.0285714285714285,0.2654566288912237,0.028169014084507043,62,-28.415,3.1631877179888344,-33.282738095238095,0.125,1,0
16655.0,9,3864.44,2087,281,429.38222222222225,496,13.752455516014235,1.2544987146529563,0.11386700101960931,0.010256410256410256,284,-17.440571428571424,3.0090994731719443,45.242999999999995,0.0,1,0
16656.0,31,11253.81,9622,21,363.02612903225804,554,535.8957142857142,4.781818181818182,0.4078462915236899,0.13513513513513514,22,66.9210714285714,1.8644761205044176,2.6942156862745072,0.3225806451612903,1,0
16657.0,1,215.43,394,65,215.43,74,3.3143076923076924,0.0,0.0,0.030303030303030304,65,0.0,1.7003835848608797,0.0,0.0,1,0
16658.0,8,563.48,228,48,70.435,438,11.739166666666668,3.507042253521127,0.21066105348911202,0.05555555555555555,48,9.269999999999994,3.90522345666402,-1.2100000000000037,0.375,1,1
16659.0,1,39.12,72,2,39.12,8,19.56,0.0,0.0,0.5,2,0.0,0.3252691193458118,0.0,0.0,1,0
16660.0,5,996.26,648,10,199.252,514,99.626,40.166666666666664,0.5373290821917395,0.23076923076923078,10,-0.04200000000000444,1.757673651923663,-0.04200000000000444,0.0,1,0
16661.0,5,788.3100000000001,275,52,157.662,541,15.159807692307693,2.4133333333333336,0.148664656844326,0.02631578947368421,52,223.70999999999998,2.6552492465686734,-75.21099999999998,0.2,1,1
16662.0,1,151.05,35,28,151.05,213,5.394642857142857,0.0,0.0,0.03571428571428571,28,0.0,2.9461632075468334,0.0,0.0,1,1
16663.0,1,165.0,100,1,165.0,548,165.0,0.0,0.0,1.0,1,0.0,0.0,0.0,0.0,1,1
16664.0,1,109.2,24,8,109.2,388,13.65,0.0,0.0,0.125,8,0.0,3.399159559992104,0.0,0.0,1,1
16665.0,1,135.39999999999998,59,9,135.39999999999998,181,15.044444444444443,0.0,0.0,0.1111111111111111,9,0.0,4.063386655378873,0.0,0.0,1,1
16666.0,1,98.73,121,15,98.73,440,6.582,0.0,0.0,0.125,15,0.0,2.4386839859508926,0.0,0.0,1,1
16667.0,1,200.4,77,20,200.4,103,10.02,0.0,0.0,0.05,20,0.0,2.554844469465391,0.0,0.0,1,1
16668.0,10,752.4399999999999,623,27,75.244,450,27.868148148148148,10.348837209302326,0.40979803629442885,0.1590909090909091,27,-7.73942857142857,2.852756317081984,-7.274333333333333,0.0,1,0
16670.0,23,5673.67,3171,203,246.68130434782609,548,27.949113300492613,1.2695417789757413,0.145369120475547,0.024193548387096774,225,22.67892857142856,2.6012973576530043,0.7421328671328654,0.391304347826087,1,0
16672.0,10,4154.34,1566,22,415.434,86,188.83363636363637,1.1846153846153846,0.26095866487345776,0.09090909090909091,22,1803.46,2.5966044215753232,-177.80200000000002,0.0,1,0
16673.0,1,171.13,95,19,171.13,498,9.006842105263157,0.0,0.0,0.05263157894736842,19,0.0,2.7476410935468567,0.0,0.0,1,1
16675.0,2,608.86,296,21,304.43,297,28.993333333333332,1.6363636363636365,0.18862490455013436,0.08695652173913043,21,0.0,2.375048907339165,-5.260000000000048,0.0,1,1
16676.0,6,1834.88,698,90,305.81333333333333,237,20.387555555555558,1.9181818181818182,0.14980744531554463,0.036036036036036036,91,-84.75,5.167951016292405,-31.583999999999993,0.16666666666666666,1,0
16677.0,3,849.77,454,45,283.25666666666666,471,18.883777777777777,5.375,0.15063136183760728,0.04081632653061224,45,323.30999999999995,4.989726111387945,-147.04000000000002,0.3333333333333333,1,1
16678.0,6,1264.15,799,52,210.6916666666667,102,24.310576923076926,1.1857142857142857,0.20168305328049743,0.07042253521126761,52,644.79,2.054456617198745,107.44499999999995,0.16666666666666666,1,0
16679.0,3,663.31,247,15,221.10333333333332,366,44.220666666666666,10.588235294117647,0.27815525189380846,0.1111111111111111,15,289.01,4.2690531392666395,-28.7,0.0,1,1
16680.0,2,637.75,283,16,318.875,354,39.859375,0.3333333333333333,0.13807118745769834,0.15789473684210525,16,0.0,1.9688472894368436,0.0,0.0,1,1
16681.0,4,1027.34,819,17,256.835,460,60.43176470588235,14.96551724137931,0.20554484166078277,0.1,17,211.37,1.5190802192918178,33.67799999999999,0.0,1,0
16682.0,1,525.5,514,11,525.5,7,47.77272727272727,0.0,0.0,0.09090909090909091,11,0.0,2.3290216439917035,0.0,0.0,1,0
16683.0,2,309.35,188,18,154.675,353,17.186111111111114,0.2222222222222222,0.11438191683587326,0.10526315789473684,18,0.0,3.0260169137949475,0.0,0.5,1,1
16684.0,48,100533.47,70190,150,2094.447291666667,551,670.2231333333333,0.8547579298831386,0.14128280919725836,0.025,166,1764.446071428571,2.542600134796004,171.40364285714276,0.16666666666666666,1,0
16686.0,15,3097.4700000000003,2448,355,206.49800000000002,552,8.725267605633803,0.7173620457604307,0.09373613343267947,0.012096774193548387,376,41.76392857142857,1.7074526493194093,2.761818181818182,0.13333333333333333,1,0
16687.0,1,157.63,141,8,157.63,210,19.70375,0.0,0.0,0.125,8,0.0,2.471533647642405,0.0,0.0,1,1
16690.0,3,213.95,117,7,71.31666666666666,270,30.564285714285713,22.636363636363637,0.3805193704058683,0.25,7,20.35,1.9662878423028198,20.35,0.0,1,0
16691.0,2,178.83,92,11,89.415,380,16.257272727272728,14.3,0.30938605544685743,0.09090909090909091,11,107.07,11.502771049542012,107.07,0.0,1,1
16692.0,4,1764.6999999999998,877,2,441.17499999999995,261,882.3499999999999,61.0,1.1907208083224996,0.5,2,277.40000000000003,4.024378834056257,157.99,0.0,1,0
16693.0,4,855.03,505,117,213.7575,476,7.307948717948718,2.9689922480620154,0.14503045540625206,0.023076923076923078,118,-12.514999999999995,2.257745689683503,-12.514999999999995,0.0,1,1
16694.0,1,98.30000000000001,26,3,98.30000000000001,542,32.76666666666667,0.0,0.0,0.3333333333333333,3,0.0,20.375005112473797,0.0,0.0,1,1
16695.0,2,191.9,184,30,95.95,381,6.3966666666666665,0.0,0.0,0.08571428571428572,30,0.0,2.539245570484842,0.0,0.0,1,1
16696.0,3,558.9000000000001,126,7,186.30000000000004,67,79.84285714285716,5.5,0.4219195232732493,0.2222222222222222,7,0.0,1.7663521732655696,488.1,0.0,1,0
16697.0,1,112.75,27,20,112.75,60,5.6375,0.0,0.0,0.09523809523809523,20,0.0,3.348231587256885,0.0,0.0,1,0
16698.0,2,1998.0,840,4,999.0,72,499.5,6.5,0.4642857142857143,0.4,4,-366.0,0.40249223594996214,-366.0,0.0,1,0
16699.0,8,964.9,634,51,120.6125,554,18.919607843137253,5.693548387096774,0.26789410892340115,0.07936507936507936,51,22.523000000000003,2.705283881720431,9.681142857142857,0.125,1,1
16700.0,23,6640.05,4911,229,288.6978260869565,557,28.99585152838428,1.3443037974683545,0.17205622809512988,0.025252525252525252,241,113.01714285714283,2.21256130255884,6.717191176470589,0.17391304347826086,1,0
16701.0,24,6607.56,6471,113,275.315,557,58.47398230088496,2.8072916666666665,0.2550513630109416,0.025906735751295335,123,11.835357142857141,2.3314329206551676,-21.369999999999997,0.20833333333333334,1,0
16702.0,5,1099.58,689,83,219.916,551,13.247951807228915,3.488888888888889,0.17545004135230746,0.02197802197802198,83,35.481999999999985,4.1443962342565825,-6.6420000000000075,0.2,1,1
16704.0,2,664.16,433,50,332.08,491,13.283199999999999,1.0,0.12077134402462535,0.037037037037037035,50,0.0,4.13405554740652,-420.4599999999999,0.0,1,1
16705.0,45,35299.840000000004,19543,350,784.4408888888889,549,100.85668571428573,0.9397810218978102,0.15790647853945858,0.018214936247723135,369,-120.60821428571427,3.651953087016132,-27.801411764705882,0.3333333333333333,1,0
16707.0,4,533.41,396,64,133.3525,459,8.33453125,3.71875,0.17732161400608373,0.03076923076923077,64,13.620000000000003,2.7298127753495356,2.289000000000004,0.0,1,1
16709.0,13,8010.73,2931,199,616.2099999999999,549,40.25492462311558,1.9301470588235294,0.1555747813211857,0.018315018315018316,206,-1.6125000000000032,6.19881224612963,-33.43957575757575,0.0,1,0
16710.0,19,5069.44,3439,496,266.81263157894733,554,10.220645161290323,0.672258064516129,0.09411321865348853,0.010309278350515464,508,-9.127142857142859,2.5825460851664674,7.834363636363635,0.05263157894736842,1,0
16711.0,7,1699.25,457,11,242.75,556,154.47727272727272,28.8,0.44525972605967884,0.125,11,-42.01299999999999,2.5429795516283646,-9.137428571428561,0.14285714285714285,1,1
16712.0,6,1819.78,889,171,303.2966666666667,220,10.641988304093568,0.7137404580152672,0.07778246468430612,0.019011406844106463,172,-70.46000000000004,2.7577313189812203,-70.46000000000004,0.0,1,0
16713.0,32,9665.710000000001,5305,410,302.05343750000003,544,23.57490243902439,0.5391600454029511,0.09915012365219517,0.012471655328798186,444,-93.31214285714285,3.2470103557454992,-24.75620879120879,0.21875,1,0
16714.0,6,1209.38,812,95,201.56333333333336,558,12.730315789473686,3.774774774774775,0.11094130254927756,0.026785714285714284,96,436.00499999999994,16.442860357879127,436.00499999999994,0.5,1,1
16715.0,1,323.8,532,9,323.8,382,35.97777777777778,0.0,0.0,0.1111111111111111,9,0.0,1.2402721475547211,0.0,0.0,1,1
16716.0,4,1568.2800000000002,836,7,392.07000000000005,450,224.04000000000002,45.375,0.40419940411821226,0.3333333333333333,7,-928.6799999999998,2.963351612242087,-540.84,0.25,1,0
16717.0,13,3002.5,1331,141,230.96153846153845,551,21.29432624113475,2.396551724137931,0.1614421665962988,0.02857142857142857,144,87.94899999999998,2.1620812010349275,-6.61678571428572,0.3076923076923077,1,1
16718.0,5,3006.08,1924,123,601.216,552,24.439674796747966,2.0511363636363638,0.11040869324806724,0.022598870056497175,126,-91.42199999999998,2.3717066832063987,-29.834,0.0,1,1
16719.0,14,2569.33,1661,179,183.52357142857142,546,14.353798882681565,1.5816993464052287,0.15817149758995794,0.026058631921824105,183,2.0160714285714323,3.258819079124593,0.2867482517482513,0.21428571428571427,1,0
16720.0,3,403.74,272,106,134.58,541,3.808867924528302,3.0,0.09043931107627899,0.02586206896551724,107,83.60000000000002,2.3169527951325564,83.60000000000002,0.3333333333333333,1,1
16721.0,1,292.47,172,37,292.47,81,7.904594594594595,0.0,0.0,0.02702702702702703,37,0.0,1.5239441774080362,0.0,0.0,1,0
16722.0,18,5707.46,5106,130,317.0811111111111,555,43.90353846153846,2.1042471042471043,0.19437609185981547,0.038461538461538464,141,111.2032142857143,1.3423774943704692,10.500879120879121,0.16666666666666666,1,0
16723.0,2,654.96,560,72,327.48,554,9.096666666666668,3.5925925925925926,0.10777777777777776,0.024390243902439025,72,-197.9,2.718503527178315,-197.9,0.0,1,1
16724.0,1,147.35,69,17,147.35,224,8.66764705882353,0.0,0.0,0.058823529411764705,17,0.0,1.1478560577928596,0.0,0.0,1,1
16725.0,15,1675.41,697,241,111.694,545,6.951908713692946,1.2040229885057472,0.08082004570794846,0.022922636103151862,242,119.19099999999999,2.6036728470698933,5.357142857142854,0.13333333333333333,1,1
16726.0,6,1482.3,890,117,247.04999999999998,230,12.669230769230769,1.1722222222222223,0.1165420271160809,0.027624309392265192,117,-321.655,2.252319121302889,-18.838000000000005,0.0,1,0
16727.0,4,1377.77,1066,158,344.4425,508,8.72006329113924,1.5833333333333333,0.08905931092699824,0.01951219512195122,161,-239.61,1.308217812541251,-77.68500000000002,0.0,1,1
16728.0,2,326.93,210,82,163.465,83,3.986951219512195,0.2903225806451613,0.07640531217900629,0.031914893617021274,82,-122.05000000000001,1.6382228940969958,-122.05000000000001,0.0,1,0
16729.0,12,3362.96,2496,121,280.24666666666667,60,27.79305785123967,0.20146520146520147,0.09143272312311093,0.025547445255474453,122,0.0,1.9028958496554593,-422.20499999999987,0.08333333333333333,1,0
16730.0,3,440.62,654,35,146.87333333333333,138,12.589142857142857,2.210526315789474,0.18207471528479682,0.05128205128205128,35,147.22000000000003,1.7297358858559342,53.45000000000001,0.3333333333333333,1,0
16731.0,1,170.3,124,40,170.3,467,4.2575,0.0,0.0,0.047619047619047616,40,0.0,1.4202551667485523,0.0,0.0,1,1
16732.0,8,3363.04,2065,179,420.38,550,18.787932960893855,1.6467661691542288,0.0993487569090424,0.01485148514851485,181,416.73,29.10658705841606,416.73,0.625,1,1
16733.0,1,259.68,112,12,259.68,349,21.64,0.0,0.0,0.08333333333333333,12,0.0,2.0096577426079905,0.0,0.0,1,1
16735.0,18,4404.27,3064,146,244.6816666666667,551,30.166232876712332,1.8918918918918919,0.16485543951195736,0.03076923076923077,148,19.851785714285715,1.8914445472964507,29.898363636363634,0.3888888888888889,1,0
16736.0,8,2904.51,1039,116,363.06375,555,25.03887931034483,1.5616438356164384,0.11486433081288465,0.02040816326530612,117,-411.7750000000001,3.3176960924486205,-292.875,0.375,1,1
16737.0,1,417.59999999999997,288,1,417.59999999999997,397,417.59999999999997,0.0,0.0,1.0,1,0.0,0.0,0.0,0.0,1,1
16738.0,1,3.75,3,1,3.75,117,3.75,0.0,0.0,1.0,1,0.0,0.0,0.0,0.0,1,1
16739.0,2,459.68,218,25,229.84,356,18.3872,0.92,0.1642857142857143,0.07692307692307693,25,-467.18,2.672053229548106,-467.18,0.5,1,1
16740.0,1,226.91,110,30,226.91,214,7.563666666666666,0.0,0.0,0.0625,30,0.0,2.4046317662901346,0.0,0.0,1,1
16741.0,1,173.06,81,11,173.06,444,15.732727272727272,0.0,0.0,0.09090909090909091,11,0.0,2.707165575753625,0.0,0.0,1,1
16742.0,13,2334.97,2557,50,179.6130769230769,542,46.6994,2.2058823529411766,0.25339271006628283,0.13592233009708737,50,-22.661000000000012,1.9304199610359698,-7.639166666666664,0.0,1,1
16743.0,10,3060.77,2535,85,306.077,415,36.009058823529415,1.4393939393939394,0.13814468582115483,0.03773584905660377,86,-191.79100000000005,1.0463049990052598,11.574499999999999,0.0,1,0
16745.0,10,4109.4400000000005,4212,126,410.9440000000001,131,32.614603174603175,0.51440329218107,0.12939045721203662,0.03278688524590164,127,-446.20000000000005,1.5070424439103967,-140.42100000000002,0.0,1,0
16746.0,35,14205.37,8788,313,405.8677142857143,554,45.38456869009585,0.7009345794392523,0.14364266426373007,0.017333333333333333,334,-43.02107142857142,2.456390636802225,-25.631544117647056,0.08571428571428572,1,0
16748.0,13,3026.59,1727,48,232.8146153846154,549,63.053958333333334,3.9,0.24543400829726722,0.06870229007633588,56,59.469285714285704,0.6973645548579912,23.234909090909085,0.07692307692307693,1,0
16749.0,2,4157.88,1910,53,2078.94,543,78.45056603773585,1.8591549295774648,0.11155698503065578,0.027777777777777776,54,-529.5599999999997,2.3611644033385555,-529.5599999999997,0.0,1,1
16750.0,1,118.7,18,10,118.7,51,11.870000000000001,0.0,0.0,0.1,10,0.0,11.362335440685893,0.0,0.0,1,0
16752.0,1,207.5,54,9,207.5,192,23.055555555555557,0.0,0.0,0.1111111111111111,9,0.0,25.421785003767493,0.0,0.0,1,1
16754.0,34,54692.82,54598,38,1608.6123529411764,461,1439.2847368421053,1.5950920245398772,0.24202537089896276,0.06097560975609756,39,-1487.9120000000003,1.2191200283701542,-1009.6711666666667,0.14705882352941177,1,1
16755.0,7,2291.37,1610,175,327.3385714285714,549,13.093542857142857,2.1139240506329116,0.12967461979268502,0.025210084033613446,176,56.26199999999999,3.056833454700512,56.26199999999999,0.14285714285714285,1,0
16756.0,9,1287.42,700,64,143.04666666666668,459,20.1159375,5.185185185185185,0.21103581270511915,0.07317073170731707,64,-10.256,4.7315798707059376,-0.15821428571428697,0.2222222222222222,1,0
16757.0,2,270.48,180,13,135.24,228,20.806153846153848,6.428571428571429,0.25659362595728885,0.13333333333333333,13,-56.81999999999999,1.0322213679153094,-56.81999999999999,0.0,1,1
16760.0,1,228.0,168,17,228.0,249,13.411764705882353,0.0,0.0,0.058823529411764705,17,0.0,0.9446832646915237,0.0,0.0,1,1
16763.0,3,947.75,491,44,315.9166666666667,557,21.539772727272727,12.545454545454545,0.1525554741992076,0.044444444444444446,44,242.04999999999995,5.017268160860031,-184.9,0.3333333333333333,1,0
16765.0,2,454.75,311,52,227.375,201,8.745192307692308,1.7254901960784315,0.1295173400586625,0.019230769230769232,52,-386.75,2.175151526421993,-386.75,0.0,1,1
16766.0,2,1145.6,536,17,572.8,92,67.38823529411764,0.0,0.0,0.058823529411764705,17,0.0,1.8649693072364613,0.0,0.0,1,1
16767.0,9,5418.05,5010,151,602.0055555555556,409,35.88112582781457,1.9516908212560387,0.15637834422403205,0.019230769230769232,152,144.95400000000004,1.441578186625028,-19.82464285714285,0.1111111111111111,1,0
16768.0,10,1362.73,618,90,136.273,552,15.141444444444444,3.360294117647059,0.19458149353393844,0.051094890510948905,90,-24.295714285714283,3.3038553406037456,-1.7746428571428539,0.3,1,1
16769.0,4,1117.05,295,76,279.2625,545,14.698026315789473,4.833333333333333,0.14058302295369046,0.05154639175257732,76,-16.460000000000008,3.946239338710323,-16.460000000000008,0.0,1,0
16770.0,10,1639.1100000000001,947,174,163.911,293,9.420172413793104,0.770764119601329,0.11217367463247942,0.023178807947019868,175,-132.811,3.7451600597253636,-1.4271428571428553,0.2,1,0
16771.0,8,3330.2400000000002,1853,261,416.28000000000003,550,12.759540229885058,1.396923076923077,0.11913837601065282,0.018404907975460124,268,170.812,2.6365319936006557,30.716428571428576,0.0,1,1
16772.0,5,2760.1,558,55,552.02,541,50.18363636363636,3.848101265822785,0.119506359368897,0.05,58,827.925,3.6989687559636053,827.925,0.4,1,1
16773.0,2,249.65,81,34,124.825,552,7.3426470588235295,7.815789473684211,0.1589228809531868,0.07692307692307693,35,-25.849999999999994,3.09264638673973,-25.849999999999994,0.0,1,1
16774.0,4,905.96,452,60,226.49,480,15.099333333333334,2.8902439024390243,0.17950366047056307,0.04819277108433735,62,-64.02000000000001,2.9514711413674712,-64.02000000000001,0.0,1,1
16775.0,10,1739.53,568,92,173.953,261,18.907934782608695,1.5129870129870129,0.16047340667641494,0.03225806451612903,93,-80.663,3.64852861057764,-30.081428571428575,0.1,1,0
16776.0,1,220.97,181,48,220.97,235,4.603541666666667,0.0,0.0,0.03636363636363636,48,0.0,0.8555478289038476,0.0,0.0,1,1
16777.0,5,1212.33,451,118,242.46599999999998,452,10.273983050847457,2.8181818181818183,0.14750852371283577,0.022556390977443608,119,64.37700000000001,2.9840527096823677,-14.151,0.2,1,0
16778.0,1,93.18,66,5,93.18,93,18.636000000000003,0.0,0.0,0.2,5,0.0,0.8573913925390201,0.0,0.0,1,1
16779.0,47,26310.420000000002,16465,270,559.796170212766,555,97.44600000000001,0.5939933259176863,0.14025226204491104,0.022222222222222223,299,-1022.9435714285712,1.6966996474362177,-192.18412280701747,0.10638297872340426,1,0
16780.0,2,336.05,181,44,168.025,226,7.6375,2.8823529411764706,0.1335404598560222,0.038461538461538464,44,-12.27000000000001,3.279441210494862,-12.27000000000001,0.0,1,0
16781.0,3,606.4,190,36,202.13333333333333,488,16.844444444444445,7.6,0.15851666975759546,0.07317073170731707,38,-17.100000000000023,4.210554030516938,-17.100000000000023,0.3333333333333333,1,1
16782.0,42,8632.82,3711,565,205.54333333333332,550,15.279327433628318,0.30643203883495146,0.07919422656515349,0.016979987871437233,602,131.6335714285714,2.51376496104858,15.779941176470594,0.23809523809523808,1,0
16783.0,1,391.95,163,25,391.95,256,15.677999999999999,0.0,0.0,0.04,25,0.0,1.9238243163033362,0.0,0.0,1,1
16784.0,4,784.73,470,137,196.1825,440,5.727956204379562,1.577922077922078,0.11579143955816378,0.01935483870967742,138,129.37,1.4247467733757666,19.117,0.0,1,1
16785.0,1,533.78,313,35,533.78,229,15.250857142857143,0.0,0.0,0.02857142857142857,35,0.0,2.9528633874383603,0.0,0.0,1,1
16786.0,1,51.839999999999996,72,1,51.839999999999996,213,51.839999999999996,0.0,0.0,1.0,1,0.0,0.0,0.0,0.0,1,1
16787.0,4,1017.53,472,102,254.3825,518,9.97578431372549,2.7027027027027026,0.14130579967453621,0.026785714285714284,102,-247.40499999999997,3.1843881244022323,-45.51699999999998,0.0,1,1
16788.0,4,1627.36,841,291,406.84,490,5.592302405498281,1.0615384615384615,0.08088079000332724,0.010230179028132993,297,-21.088000000000005,1.798436625886766,-21.088000000000005,0.0,1,0
16791.0,14,2729.78,1337,293,194.98428571428573,555,9.31665529010239,1.0730688935281838,0.11658988491693274,0.016666666666666666,306,3.0625,2.570946701335902,-5.716848484848484,0.14285714285714285,1,0
16792.0,5,623.46,324,90,124.69200000000001,523,6.927333333333333,4.1683168316831685,0.15907903035164836,0.029411764705882353,91,-31.273999999999994,2.813115178304387,-31.273999999999994,0.0,1,1
16794.0,5,856.1999999999999,653,151,171.23999999999998,443,5.670198675496688,1.0852017937219731,0.10118083725282971,0.017857142857142856,158,-37.464,2.064534333920194,-37.464,0.0,1,1
16795.0,5,2035.21,1200,309,407.04200000000003,503,6.586440129449838,0.9188405797101449,0.058835986083242454,0.017341040462427744,311,836.37,1.8214180805745692,-92.26999999999998,0.4,1,1
16797.0,9,1761.02,890,292,195.6688888888889,557,6.030890410958904,0.849009900990099,0.0816597086385633,0.009876543209876543,307,198.29799999999997,2.692299677842547,56.50899999999999,0.4444444444444444,1,1
16798.0,4,832.21,204,141,208.0525,548,5.902198581560284,1.029585798816568,0.09864981888300464,0.01764705882352941,141,30.650000000000006,3.387455525772708,30.650000000000006,0.25,1,1
16799.0,3,447.83,161,81,149.27666666666667,273,5.528765432098766,0.22826086956521738,0.07156856246299421,0.043010752688172046,80,-33.150000000000006,2.5835547628637987,-33.150000000000006,0.3333333333333333,1,1
16801.0,4,701.48,292,70,175.37,92,10.021142857142857,0.6869565217391305,0.11091765723007393,0.02586206896551724,70,701.48,3.7732316101861474,701.48,0.25,1,0
16802.0,2,582.61,369,48,291.305,549,12.137708333333334,0.9807692307692307,0.1214961956043371,0.05660377358490566,48,64.38999999999999,1.1425675133209292,64.38999999999999,0.0,1,1
16804.0,1,118.05,34,19,118.05,89,6.213157894736842,0.0,0.0,0.05263157894736842,19,0.0,3.566607230198318,0.0,0.0,1,0
16805.0,3,830.52,850,180,276.84,544,4.614,1.7794117647058822,0.09243218845844423,0.014634146341463415,181,-28.139999999999997,1.5422772823608197,-28.139999999999997,0.0,1,1
16806.0,2,370.68,184,27,185.34,58,13.72888888888889,0.5806451612903226,0.13717446367465894,0.0625,27,0.0,2.809790989242048,-84.32,0.0,1,0
16807.0,7,1595.12,1114,96,227.8742857142857,470,16.61583333333333,3.8230088495575223,0.16566847767332057,0.02631578947368421,99,13.25800000000001,2.92365972010792,55.17371428571429,0.2857142857142857,1,0
16808.0,1,166.5,116,19,166.5,93,8.763157894736842,0.0,0.0,0.05263157894736842,19,0.0,2.703783898247242,0.0,0.0,1,1
16809.0,7,1153.87,716,94,164.8385714285714,424,12.275212765957445,2.2514285714285713,0.13608463413274233,0.028409090909090908,102,-42.812000000000005,1.564428885252694,-13.07857142857143,0.14285714285714285,1,0
16810.0,4,786.14,367,34,196.535,239,23.121764705882352,6.135135135135135,0.20649120734563417,0.05263157894736842,34,-167.06,5.195278384884088,-100.47999999999998,0.5,1,0
16812.0,5,2216.8,1100,98,443.36,201,22.620408163265306,0.17391304347826086,0.06471878278099936,0.02586206896551724,99,0.0,2.9762790870309948,-1258.1,0.2,1,1
16813.0,2,301.66,207,110,150.83,23,2.7423636363636366,0.09917355371900827,0.047430830039525695,0.02459016393442623,108,0.0,1.3714603291725105,-80.55999999999999,0.0,1,0
16814.0,27,9596.11,3726,223,355.41148148148153,427,43.03188340807175,0.6060606060606061,0.13196452862818445,0.02118003025718608,228,-241.5240000000001,3.165242840162189,-29.624230769230763,0.0,1,0
16815.0,2,406.02,237,66,203.01,356,6.151818181818181,1.1388888888888888,0.10679960905738489,0.0273972602739726,66,-60.22,2.6906721730396974,-60.22,0.0,1,1
16816.0,2,325.45,191,20,162.725,177,16.2725,2.3157894736842106,0.20873701657454752,0.05,20,173.89000000000001,1.754414807219055,173.89000000000001,0.0,1,1
16817.0,15,2069.23,1097,90,137.94866666666667,251,22.991444444444443,1.959016393442623,0.1926437273587729,0.032520325203252036,90,-303.41,4.638124971584155,-48.98642857142856,0.26666666666666666,1,0
16818.0,6,1161.57,665,71,193.595,25,16.360140845070422,0.273972602739726,0.12057908690842925,0.02702702702702703,71,0.0,5.261251816585748,-227.70999999999998,0.3333333333333333,1,0
16819.0,2,182.59,253,17,91.295,284,10.740588235294117,0.0,0.0,0.058823529411764705,17,0.0,3.021049316146334,0.0,0.0,1,1
16821.0,1,113.35,13,7,113.35,201,16.192857142857143,0.0,0.0,0.14285714285714285,7,0.0,4.270608298368658,0.0,0.0,1,1
16822.0,3,144.84,166,12,48.28,550,12.07,5.5,0.37479230549180315,0.15384615384615385,12,170.34,3.7062929852222544,-5.525000000000002,0.6666666666666666,1,1
16823.0,8,2236.14,1165,149,279.5175,557,15.00765100671141,2.930635838150289,0.14366363456086265,0.017241379310344827,150,103.07600000000001,2.7238824434514686,41.256571428571434,0.125,1,0
16824.0,1,225.6,154,13,225.6,213,17.353846153846153,0.0,0.0,0.07692307692307693,13,0.0,3.2554786169841488,0.0,0.0,1,1
16825.0,4,1370.41,1089,35,342.6025,353,39.15457142857143,7.543478260869565,0.22034839265727033,0.0425531914893617,37,-22.30000000000001,2.6151308109130724,-14.541000000000007,0.0,1,0
16827.0,5,387.18,124,9,77.436,408,43.02,19.3,0.45452084656280456,0.2727272727272727,9,3.229999999999997,5.2128798531748615,30.319999999999993,0.0,1,1
16829.0,1,316.1,116,16,316.1,207,19.75625,0.0,0.0,0.0625,16,0.0,3.207952358332856,0.0,0.0,1,1
16830.0,4,857.7900000000001,429,47,214.44750000000002,546,18.25085106382979,5.222222222222222,0.15784170968418018,0.05454545454545454,47,62.29000000000002,2.407629385777483,62.29000000000002,0.25,1,1
16831.0,1,91.8,48,6,91.8,384,15.299999999999999,0.0,0.0,0.16666666666666666,6,0.0,1.8694027566756892,0.0,0.0,1,1
16832.0,5,417.61,179,19,83.522,278,21.97947368421053,13.65,0.2836429360106525,0.09523809523809523,19,44.075,4.711884417290471,-11.631,0.0,1,0
16833.0,5,1973.8,744,74,394.76,442,26.67297297297297,4.7631578947368425,0.18064056276715082,0.025974025974025976,74,179.20499999999998,33.3181227516054,-53.33599999999999,0.0,1,0
16834.0,2,898.96,760,43,449.48,493,20.906046511627906,9.48936170212766,0.14365678234815477,0.041666666666666664,42,-72.04000000000002,1.1976106346678388,-72.04000000000002,0.0,1,0
16835.0,9,1290.66,432,54,143.40666666666667,389,23.901111111111113,2.382716049382716,0.18422480160419474,0.04878048780487805,55,-240.22000000000003,2.88035882883305,-61.394285714285715,0.4444444444444444,1,1
16836.0,2,530.5,374,31,265.25,393,17.112903225806452,5.566666666666666,0.1767763189186209,0.03225806451612903,31,89.0,2.2871649822244957,89.0,0.0,1,1
16837.0,9,1811.49,706,76,201.27666666666667,65,23.835394736842105,0.5930232558139535,0.17328021599283014,0.04597701149425287,76,0.0,4.210325119306659,1085.6100000000001,0.1111111111111111,1,0
16838.0,6,1126.66,504,54,187.77666666666667,482,20.864074074074075,7.7,0.20800676102281793,0.04918032786885246,54,-24.985999999999997,21.30485188717411,-49.748,0.3333333333333333,1,0
16839.0,29,12036.78,6150,95,415.0613793103449,485,126.70294736842106,2.219047619047619,0.2453259442889131,0.05687203791469194,101,577.7765714285714,3.0395449398982444,81.57301098901098,0.1724137931034483,1,0
16840.0,2,139.85,117,9,69.925,494,15.538888888888888,8.875,0.3400084724777852,0.1111111111111111,9,-75.65,2.710563184612707,-75.65,0.0,1,1
16841.0,10,3009.72,1989,142,300.972,516,21.195211267605632,3.188679245283019,0.19017632844654267,0.025,141,-36.31828571428572,1.7708326533480012,-3.293166666666668,0.1,1,0
16842.0,1,520.5699999999999,370,30,520.5699999999999,121,17.35233333333333,0.0,0.0,0.03333333333333333,30,0.0,3.3288466816429167,0.0,0.0,1,1
16843.0,28,13174.11,10438,182,470.5039285714286,549,72.38521978021978,1.6,0.17822150825138347,0.024539877300613498,194,66.92464285714287,3.5027369243639326,-2.7393928571428603,0.10714285714285714,1,0
16844.0,2,614.34,281,26,307.17,402,23.62846153846154,0.6451612903225806,0.14049355233254732,0.0625,26,0.0,2.390207487787916,0.0,0.0,1,1
16845.0,1,253.88,167,20,253.88,437,12.693999999999999,0.0,0.0,0.05,20,0.0,3.4798383205031382,0.0,0.0,1,1
16846.0,2,628.09,382,36,314.045,459,17.446944444444444,1.7714285714285714,0.15430679733139502,0.027777777777777776,36,-83.63,1.7694718743980407,-83.63,0.0,1,1
16847.0,1,421.45000000000005,177,25,421.45000000000005,437,16.858,0.0,0.0,0.04,25,0.0,3.834104632548952,0.0,0.0,1,1
16848.0,3,1130.2,598,64,376.73333333333335,252,17.659375,0.8,0.10398685319219371,0.028169014084507043,65,0.0,1.7287883778916375,-373.70000000000005,0.0,1,1
16849.0,1,124.57,33,8,124.57,6,15.57125,0.0,0.0,0.125,8,0.0,3.2790547418425326,0.0,0.0,1,0
16850.0,1,332.41,249,19,332.41,153,17.495263157894737,0.0,0.0,0.05263157894736842,19,0.0,1.5924017316160521,0.0,0.0,1,1
16854.0,2,1408.96,997,72,704.48,459,19.56888888888889,3.0135135135135136,0.1119298928021627,0.02666666666666667,72,-1172.6599999999999,2.41274619805238,-1172.6599999999999,0.0,1,1
16856.0,2,323.09000000000003,159,15,161.54500000000002,261,21.539333333333335,1.5,0.21428571428571427,0.11764705882352941,16,-44.47000000000003,1.9044220985411204,-44.47000000000003,0.0,1,1
16857.0,1,352.8,168,11,352.8,262,32.07272727272727,0.0,0.0,0.09090909090909091,11,0.0,1.6848522999738798,0.0,0.0,1,1
16858.0,16,4085.7400000000002,1367,78,255.35875000000001,544,52.38128205128206,2.507142857142857,0.22244603368866445,0.05673758865248227,93,66.045,2.3957534704102543,7.321818181818185,0.375,1,1
16859.0,6,1444.44,1448,57,240.74,465,25.341052631578947,5.093333333333334,0.1984850778695489,0.05263157894736842,60,-11.122000000000003,2.0205222661654028,17.993999999999996,0.0,1,0
16860.0,4,1593.67,624,35,398.4175,481,45.53342857142857,4.8604651162790695,0.21023361247209651,0.06818181818181818,35,-42.91,4.19936572151106,-42.91,0.25,1,1
16861.0,4,755.13,470,38,188.7825,328,19.87184210526316,3.2325581395348837,0.18214476672467975,0.045454545454545456,38,480.33000000000004,2.1679139630931403,-77.55000000000001,0.25,1,1
16862.0,4,662.33,513,34,165.5825,520,19.48029411764706,4.470588235294118,0.22247229093876764,0.05714285714285714,34,331.13,2.6205317954102947,-43.500000000000014,0.0,1,1
16863.0,3,494.27,335,27,164.75666666666666,229,18.306296296296296,1.6,0.18372892780269406,0.06451612903225806,27,0.0,1.7616099064110622,-168.67000000000002,0.3333333333333333,1,1
16864.0,2,409.25,283,17,204.625,418,24.073529411764707,10.25,0.2440476190476191,0.058823529411764705,17,185.80999999999995,2.3083547107384157,185.80999999999995,0.0,1,1
16865.0,1,130.95,157,15,130.95,221,8.729999999999999,0.0,0.0,0.125,15,0.0,0.9968815961119287,0.0,0.0,1,1
16867.0,1,76.74000000000001,58,6,76.74000000000001,509,12.790000000000001,0.0,0.0,0.16666666666666666,6,0.0,0.9438308464267665,0.0,0.0,1,1
16868.0,3,384.56,112,47,128.18666666666667,413,8.182127659574467,4.040816326530612,0.16572507104191142,0.04,47,16.75999999999999,3.417242837763348,-28.800000000000004,0.0,1,1
16870.0,1,450.15999999999997,278,28,450.15999999999997,288,16.077142857142857,0.0,0.0,0.03571428571428571,28,0.0,2.358839056214242,0.0,0.0,1,1
16871.0,5,1986.97,858,104,397.394,90,19.10548076923077,0.6728971962616822,0.11796885425660401,0.018518518518518517,104,132.35000000000002,3.7992057294196147,132.35000000000002,0.2,1,0
16872.0,4,921.47,861,10,230.3675,282,92.147,21.307692307692307,0.3146438107114577,0.21428571428571427,10,25.200000000000017,5.054102457247147,25.200000000000017,0.0,1,0
16873.0,13,10668.37,6347,170,820.6438461538462,487,62.75511764705883,1.300275482093664,0.12764232700148592,0.019230769230769232,181,79.556,9.297168798482904,-183.07633333333334,0.3076923076923077,1,0
16874.0,1,209.89000000000001,78,31,209.89000000000001,198,6.770645161290323,0.0,0.0,0.03225806451612903,31,0.0,2.1824483144306743,0.0,0.0,1,1
16875.0,16,2788.02,1387,115,174.25125,523,24.243652173913045,2.5193370165745854,0.19353625254447018,0.03296703296703297,120,-136.37885714285716,5.372097700025738,-35.36545454545455,0.4375,1,0
16876.0,1,136.01,181,32,136.01,223,4.2503125,0.0,0.0,0.03125,32,0.0,1.816481638870825,0.0,0.0,1,1
16877.0,1,77.75,35,25,77.75,27,3.11,0.0,0.0,0.07692307692307693,25,0.0,3.4469264793212737,0.0,0.0,1,0
16880.0,2,591.66,326,36,295.83,312,16.435,8.444444444444445,0.16344086021505375,0.05405405405405406,36,-51.89999999999998,3.1496925823583743,-51.89999999999998,0.0,1,0
16882.0,2,215.70000000000002,102,15,107.85000000000001,136,14.38,5.5,0.2548760614199094,0.06666666666666667,15,195.9,2.494309141874378,195.9,0.0,1,0
16883.0,20,2236.11,1015,159,111.80550000000001,555,14.063584905660377,2.0224719101123596,0.122064385843995,0.03731343283582089,159,-80.33300000000001,3.6507099134491745,4.418928571428574,0.05,1,0
16884.0,2,641.13,200,39,320.565,390,16.439230769230768,0.2978723404255319,0.09791636465494853,0.041666666666666664,38,0.0,5.289579210764345,-194.67000000000004,0.0,1,1
16885.0,2,410.89,214,65,205.445,204,6.321384615384615,0.42424242424242425,0.09540909321420175,0.029850746268656716,65,0.0,3.241126800951519,-54.99000000000001,0.0,1,1
16886.0,2,0.0,0,8,0.0,275,0.0,0.7333333333333333,0.19096288357930657,0.125,8,0.0,1.942120833865219,0.0,0.5,1,1
16887.0,2,465.84000000000003,267,65,232.92000000000002,557,7.166769230769232,5.265625,0.12210144927536232,0.015384615384615385,65,26.19999999999999,2.401422174782781,26.19999999999999,0.0,1,1
16888.0,3,434.2,145,44,144.73333333333332,520,9.868181818181817,5.882352941176471,0.1485566152215515,0.057692307692307696,43,-200.42000000000002,4.7014597072167055,-41.60000000000001,0.0,1,1
16889.0,6,2526.65,1611,163,421.10833333333335,385,15.500920245398774,1.7083333333333333,0.13258475474273987,0.018433179723502304,166,162.77499999999998,2.8353021569818453,40.82771428571427,0.0,1,0
16890.0,3,277.91,241,16,92.63666666666667,401,17.369375,6.117647058823529,0.2750092422610799,0.1111111111111111,16,-196.31,1.4647751840706755,-196.31,0.0,1,1
16891.0,7,1202.77,473,245,171.8242857142857,555,4.909265306122449,1.227891156462585,0.11455041519046502,0.01694915254237288,250,-55.71100000000001,2.294005464245305,-28.806571428571434,0.0,1,1
16892.0,4,323.59,207,58,80.8975,550,5.579137931034483,9.1,0.217306731998904,0.03278688524590164,58,-13.867,3.899160004817627,-13.867,0.25,1,0
16893.0,2,249.47,116,79,124.735,195,3.157848101265823,0.10588235294117647,0.05357911458610626,0.03488372093023256,79,0.0,2.184574074067739,42.39,0.0,1,1
16894.0,5,1265.26,497,186,253.052,354,6.80247311827957,0.16666666666666666,0.06081406084316343,0.010362694300518135,186,-1284.76,3.658739299552485,-1284.76,0.4,1,1
16895.0,4,900.63,330,82,225.1575,485,10.983292682926828,2.25,0.1519549373085654,0.039603960396039604,84,1.4299999999999784,2.9772772563847894,60.556999999999995,0.0,1,1
16896.0,1,103.95,18,18,103.95,374,5.775,0.0,0.0,0.05555555555555555,18,0.0,2.8138444499004023,0.0,0.0,1,1
16897.0,3,213.03,58,37,71.01,133,5.757567567567568,0.32558139534883723,0.10385437768098377,0.045454545454545456,37,0.0,3.5896848931536187,-213.03,0.3333333333333333,1,1
16898.0,4,431.90999999999997,344,111,107.97749999999999,396,3.8910810810810808,1.7073170731707317,0.10627728595497307,0.024193548387096774,111,46.630000000000024,2.202607642953284,-72.45499999999998,0.25,1,1
16899.0,4,772.26,430,68,193.065,216,11.356764705882354,2.1,0.12135418981564636,0.04395604395604396,68,-418.26,2.36629973423369,-123.85500000000002,0.0,1,0
16901.0,1,204.26,42,23,204.26,548,8.880869565217392,0.0,0.0,0.043478260869565216,23,0.0,4.313150953333892,0.0,0.0,1,1
16903.0,3,646.25,444,107,215.41666666666666,234,6.039719626168225,0.265625,0.06631997070180558,0.03875968992248062,107,0.0,2.248452805682131,-216.87,0.3333333333333333,1,1
16904.0,11,2252.96,1168,313,204.81454545454545,230,7.197955271565496,0.40765765765765766,0.09082225520849901,0.011235955056179775,308,-569.545,2.85401064483049,-37.3875,0.0,1,0
16905.0,16,2459.2,787,105,153.7,548,23.42095238095238,2.730337078651685,0.18158566548387678,0.0335195530726257,107,19.41892857142857,3.81848797117914,15.815090909090909,0.1875,1,0
16906.0,6,1243.47,509,140,207.245,394,8.881928571428572,2.325301204819277,0.12091474554380223,0.029940119760479042,140,25.24000000000001,3.3388220835009745,-73.139,0.0,1,0
16907.0,7,1073.24,332,88,153.32,345,12.19590909090909,1.8343949044585988,0.15693360344465654,0.0379746835443038,88,-64.964,2.776424970422059,9.261071428571428,0.0,1,0
16908.0,2,153.59,41,20,76.795,541,7.6795,0.0,0.0,0.09523809523809523,20,0.0,0.8109371415954801,0.0,0.5,1,1
16911.0,3,251.35,159,30,83.78333333333333,480,8.378333333333334,0.9166666666666666,0.17171293390736456,0.05405405405405406,30,0.0,1.6688937822571142,-27.350000000000023,0.3333333333333333,1,1
16912.0,11,3023.64,1124,95,274.87636363636364,550,31.82778947368421,4.355371900826446,0.18411793401847387,0.040983606557377046,99,20.030285714285714,3.702063307676799,-36.924523809523805,0.18181818181818182,1,0
16913.0,3,423.90999999999997,229,18,141.3033333333333,471,23.550555555555555,21.235294117647058,0.23979682274036063,0.05555555555555555,18,-197.02999999999997,3.3953576534396555,-197.02999999999997,0.0,1,1
16915.0,7,1088.29,105,35,155.47,388,31.093999999999998,7.595238095238095,0.3476593721983141,0.09302325581395349,35,-55.152,22.658224779671357,-25.517142857142858,0.0,1,0
16916.0,3,530.14,318,99,176.71333333333334,234,5.354949494949495,0.3620689655172414,0.09072156970034914,0.03418803418803419,99,0.0,2.505095261537599,39.42,0.0,1,1
16917.0,3,1842.93,791,46,614.3100000000001,547,40.06369565217391,9.02,0.17102856069684724,0.0392156862745098,46,200.235,8.806710235750385,200.235,0.3333333333333333,1,1
16918.0,13,2363.75,1511,236,181.82692307692307,556,10.015889830508474,1.1555555555555554,0.11914009860147641,0.019390581717451522,242,-16.484285714285715,2.3921035599167886,2.564499999999997,0.15384615384615385,1,1
16919.0,26,4300.66,1875,215,165.41,296,20.00306976744186,0.5046210720887245,0.0829129680003325,0.025830258302583026,221,205.64499999999995,2.685655990833051,30.710357142857138,0.15384615384615385,1,0
16920.0,1,355.45,81,23,355.45,230,15.454347826086956,0.0,0.0,0.043478260869565216,23,0.0,4.100242208212571,0.0,0.0,1,1
16921.0,2,255.03,121,28,127.515,419,9.108214285714286,4.90625,0.17062878345723698,0.12121212121212122,28,-28.090000000000003,4.750803939143544,-28.090000000000003,0.0,1,1
16922.0,1,611.08,281,122,611.08,392,5.008852459016394,0.0,0.0,0.00819672131147541,122,0.0,2.6769333065885386,0.0,0.0,1,1
16923.0,33,9187.81,4264,309,278.4184848484848,497,29.734012944983817,0.6131105398457584,0.1192711084843241,0.02053915275994865,329,73.30657142857142,2.6677710077169383,5.840642857142857,0.2727272727272727,1,0
16925.0,1,125.65,123,18,125.65,359,6.980555555555556,0.0,0.0,0.05555555555555555,18,0.0,2.0078961773018866,0.0,0.0,1,1
16926.0,6,1158.66,196,63,193.11,345,18.391428571428573,1.6041666666666667,0.15227087293906147,0.05154639175257732,63,-698.16,4.8144224883207025,-90.85799999999999,0.16666666666666666,1,1
16927.0,2,341.45,513,5,170.725,181,68.28999999999999,21.25,0.4885057471264368,0.2,5,-94.75,2.529343788416276,-94.75,0.0,1,1
16928.0,19,1967.04,1177,121,103.52842105263157,494,16.256528925619833,2.4060913705583755,0.13644344074347148,0.050505050505050504,120,122.64200000000001,6.644721643271177,-1.9038787878787886,0.15789473684210525,1,0
16931.0,11,2380.46,1444,277,216.40545454545455,216,8.593718411552347,0.42094017094017094,0.10033587605353404,0.019189765458422176,279,-49.259999999999984,1.4821270044837127,-0.5603571428571529,0.0,1,0
16932.0,2,262.32,135,77,131.16,390,3.406753246753247,1.75,0.10270546783065179,0.047058823529411764,77,31.86,2.510476853829456,31.86,0.0,1,1
16933.0,14,2695.6,1353,196,192.54285714285714,549,13.753061224489796,1.8051470588235294,0.12097123858716671,0.02197802197802198,199,-88.44000000000001,2.9709922772545445,-46.52214285714286,0.42857142857142855,1,0
16934.0,5,1131.8600000000001,536,77,226.372,441,14.69948051948052,2.8780487804878048,0.16733901843276383,0.03614457831325301,78,-18.165999999999997,2.633127469445733,-18.165999999999997,0.2,1,1
16935.0,3,530.86,273,55,176.95333333333335,240,9.652000000000001,0.5588235294117647,0.11542189769477351,0.057971014492753624,55,0.0,1.2524546401949856,2.840000000000032,0.0,1,1
16936.0,1,286.39,168,81,286.39,205,3.5356790123456787,0.0,0.0,0.024096385542168676,81,0.0,1.0857885843194237,0.0,0.0,1,1
16937.0,1,196.25,123,49,196.25,318,4.005102040816326,0.0,0.0,0.02040816326530612,49,0.0,1.2549985093630192,0.0,0.0,1,1
16938.0,6,4551.28,2628,429,758.5466666666666,479,10.609044289044288,0.5780730897009967,0.07754843465784701,0.009950248756218905,448,-52.79400000000001,2.3430929677138397,-118.82742857142857,0.0,1,1
16939.0,3,433.85,229,38,144.61666666666667,468,11.417105263157895,3.975,0.17908910962333136,0.07317073170731707,38,-190.03,2.7881212530934194,-22.095,0.0,1,1
16940.0,9,3953.21,2850,251,439.24555555555554,550,15.7498406374502,1.0606796116504855,0.09400263409744535,0.012106537530266344,268,66.08999999999999,1.683183055629656,31.32035714285713,0.3333333333333333,1,1
16941.0,1,33.0,12,2,33.0,431,16.5,0.0,0.0,0.5,2,0.0,0.2828427124746193,0.0,0.0,1,1
16942.0,4,898.54,346,89,224.635,47,10.095955056179776,0.3247863247863248,0.08404891326390619,0.025423728813559324,89,0.0,2.787952600830279,27.470000000000027,0.0,1,0
16943.0,3,816.73,145,23,272.24333333333334,137,35.51,3.3125,0.23536181734278844,0.09090909090909091,23,-472.53,3.3315818599268936,-139.46499999999997,0.0,1,0
16944.0,1,101.36,27,7,101.36,429,14.48,0.0,0.0,0.14285714285714285,7,0.0,3.017756972132969,0.0,0.0,1,1
16945.0,24,5958.84,4269,195,248.285,550,30.558153846153846,1.5489614243323442,0.17333171454498603,0.038461538461538464,209,-0.3482142857142776,1.5762594480473426,3.5456043956044003,0.08333333333333333,1,0
16946.0,6,1199.54,503,69,199.92333333333332,467,17.38463768115942,3.493333333333333,0.18376257179028238,0.02631578947368421,69,-139.042,4.684035437788248,-139.042,0.16666666666666666,1,1
16947.0,7,906.3100000000001,614,49,129.47285714285715,466,18.496122448979595,7.285714285714286,0.22166374835664354,0.07017543859649122,50,-26.304999999999986,1.973025852602442,-26.304999999999986,0.42857142857142855,1,0
16948.0,6,674.2900000000001,723,17,112.38166666666667,475,39.66411764705883,11.878787878787879,0.3823172672744518,0.17647058823529413,19,14.387000000000006,5.145958627513287,0.7214285714285698,0.0,1,0
16949.0,4,893.75,386,32,223.4375,136,27.9296875,4.193548387096774,0.2855558551997595,0.03125,32,489.3299999999999,30.377348891989325,111.649,0.0,1,0
16950.0,9,2476.03,1727,83,275.1144444444445,504,29.831686746987955,2.9904761904761905,0.20063255256281265,0.04716981132075472,83,121.60900000000001,2.486844805963731,-10.246785714285714,0.1111111111111111,1,1
16951.0,1,1053.79,1066,70,1053.79,123,15.054142857142857,0.0,0.0,0.014285714285714285,70,0.0,2.1711717505039383,0.0,0.0,1,1
16952.0,3,628.22,251,61,209.40666666666667,547,10.298688524590164,4.1,0.1231021506093182,0.04225352112676056,62,130.04,2.7155184482260357,130.04,0.0,1,1
16954.0,15,4893.73,3613,81,326.2486666666666,509,60.416419753086416,2.3315217391304346,0.21698566166263886,0.043243243243243246,86,-246.295,3.0421887288668747,-25.19136363636363,0.06666666666666667,1,0
16955.0,9,1072.06,696,35,119.11777777777777,558,30.630285714285712,10.596153846153847,0.28171436040745296,0.07547169811320754,41,10.686285714285713,3.229772995029132,10.686285714285713,0.3333333333333333,1,0
16957.0,2,416.64,172,15,208.32,101,27.776,2.8,0.2363995663316136,0.125,15,186.96,2.8843612088872175,186.96,0.0,1,0
16958.0,1,778.49,514,69,778.49,254,11.282463768115942,0.0,0.0,0.02857142857142857,69,0.0,2.6842863654844034,0.0,0.0,1,1
16960.0,7,1661.96,1269,300,237.42285714285714,466,5.539866666666667,1.0,0.08127150005545275,0.01272264631043257,304,-33.519999999999996,1.8072373003886002,-33.519999999999996,0.14285714285714285,1,0
16961.0,5,538.84,354,39,107.768,555,13.816410256410258,8.85,0.22719624416978282,0.04878048780487805,39,101.992,4.614993446603703,101.992,0.6,1,1
16962.0,1,251.04,158,15,251.04,229,16.736,0.0,0.0,0.06666666666666667,15,0.0,2.6713839823118617,0.0,0.0,1,1
16963.0,1,110.55000000000001,35,7,110.55000000000001,6,15.792857142857144,0.0,0.0,0.14285714285714285,7,0.0,0.9057356915000883,0.0,0.0,1,0
16964.0,2,207.85,49,6,103.925,552,34.641666666666666,0.0,0.0,0.16666666666666666,6,0.0,1.553061492665374,0.0,0.0,1,1
16965.0,1,192.07,243,25,192.07,46,7.682799999999999,0.0,0.0,0.04,25,0.0,2.842285875840078,0.0,0.0,1,0
16966.0,3,1154.3999999999999,1176,8,384.79999999999995,59,144.29999999999998,2.210526315789474,0.2377647784918278,0.15,8,0.0,0.6652296793708092,335.99999999999994,0.0,1,0
16967.0,1,319.02,333,21,319.02,8,15.19142857142857,0.0,0.0,0.047619047619047616,21,0.0,0.5370705371780897,0.0,0.0,1,0
16969.0,1,397.36,388,27,397.36,11,14.717037037037038,0.0,0.0,0.037037037037037035,27,0.0,2.1965552544279383,0.0,0.0,1,0
16970.0,1,71.4,12,2,71.4,445,35.7,0.0,0.0,0.5,2,0.0,0.0,0.0,0.0,1,1
16972.0,2,749.0,183,54,374.5,276,13.87037037037037,0.9012345679012346,0.09891598915989161,0.036585365853658534,57,195.10000000000002,2.548554685433135,195.10000000000002,0.0,1,1
16973.0,1,127.0,60,6,127.0,205,21.166666666666668,0.0,0.0,0.16666666666666666,6,0.0,0.4082482904638631,0.0,0.0,1,1
16974.0,2,365.5,70,5,182.75,384,73.1,5.857142857142857,0.3550527354411654,0.25,5,187.0,1.8031222920256964,187.0,0.0,1,1
16975.0,5,902.4200000000001,580,44,180.484,325,20.509545454545457,1.934782608695652,0.22003968125482476,0.0425531914893617,44,217.15999999999997,2.1327991665699257,126.81999999999998,0.4,1,1
16976.0,1,251.51999999999998,88,2,251.51999999999998,86,125.75999999999999,0.0,0.0,0.5,2,0.0,6.993286065934955,0.0,0.0,1,0
16977.0,4,496.0,142,25,124.0,451,19.84,8.703703703703704,0.2266472069956844,0.07142857142857142,25,-2.250000000000014,3.1451146293491483,-2.250000000000014,0.0,1,1
16978.0,2,424.55,119,28,212.275,485,15.1625,0.0,0.0,0.03571428571428571,28,0.0,4.895809945908341,0.0,0.0,1,1
16979.0,6,1315.24,672,41,219.20666666666668,269,32.0790243902439,2.9056603773584904,0.21299515132014343,0.05555555555555555,41,15.774999999999977,3.537409341559924,11.73599999999999,0.3333333333333333,1,1
16980.0,3,1422.8300000000002,990,91,474.2766666666667,247,15.635494505494508,1.638095238095238,0.11146036424552012,0.02830188679245283,91,634.09,1.9907983314253876,-23.88499999999999,0.0,1,0
16983.0,9,2458.83,1501,103,273.2033333333333,266,23.872135922330095,1.7516778523489933,0.16424114067497858,0.04,103,-85.095,3.415693630200387,-26.84928571428572,0.1111111111111111,1,0
16984.0,13,5835.81,2731,476,448.90846153846155,461,12.260105042016807,0.345985401459854,0.06875902448307458,0.011661807580174927,482,-366.147,4.056627610120717,-222.85785714285714,0.46153846153846156,1,1
16985.0,22,7997.0,2347,116,363.5,548,68.9396551724138,2.6510416666666665,0.21080583444774134,0.046632124352331605,127,-2.6600000000000046,36.92988985945264,-19.745164835164836,0.13636363636363635,1,0
16986.0,9,3015.55,1499,64,335.06111111111113,492,47.11796875,1.3294117647058823,0.11281037138135905,0.03508771929824561,64,-1209.675,4.640714973591491,-722.585,0.0,1,1
16987.0,6,1083.8,314,119,180.63333333333333,556,9.107563025210084,3.4415584415584415,0.1337983477992708,0.01935483870967742,126,-27.261999999999993,3.291178594301658,-27.261999999999993,0.16666666666666666,1,0
16988.0,1,256.55,115,13,256.55,199,19.734615384615385,0.0,0.0,0.07692307692307693,13,0.0,5.369264978584723,0.0,0.0,1,1
16990.0,2,344.0,200,1,172.0,242,344.0,203.0,203.0,1.0,1,14.0,0.09899494936611673,14.0,0.0,1,0
16991.0,1,1041.21,793,74,1041.21,240,14.070405405405406,0.0,0.0,0.013513513513513514,74,0.0,1.977734376870979,0.0,0.0,1,1
16992.0,12,4516.9400000000005,1553,184,376.4116666666667,486,24.548586956521742,1.9617021276595745,0.15461067010990967,0.0211864406779661,187,-26.910285714285706,6.296961767893376,-36.47904761904762,0.16666666666666666,1,0
16993.0,3,1688.15,261,19,562.7166666666667,395,88.85000000000001,4.0,0.1804564696958991,0.06896551724137931,20,248.55000000000007,4.381757975477995,248.55000000000007,0.3333333333333333,1,1
16996.0,10,1308.73,605,30,130.873,237,43.62433333333333,2.5454545454545454,0.21025121127233645,0.07462686567164178,31,-202.22500000000005,1.8646199729704123,-6.317000000000002,0.3,1,0
16997.0,3,702.0,360,7,234.0,145,100.28571428571429,3.3636363636363638,0.39264207115316746,0.25,8,0.0,0.0,-78.0,0.0,1,1
16998.0,5,386.6,100,2,77.32000000000001,263,193.3,48.6,0.7216457539789701,0.8333333333333334,2,41.30000000000001,0.2041241452319314,41.30000000000001,0.2,1,0
17000.0,2,406.3,305,26,203.15,227,15.626923076923077,0.3793103448275862,0.12466452086329646,0.06666666666666667,26,0.0,1.0278733765211159,22.860000000000014,0.0,1,1
17001.0,13,4453.17,2582,86,342.5515384615385,444,51.781046511627906,2.2459016393442623,0.19587413170407736,0.05434782608695652,89,51.002,3.4348220085383976,-6.896454545454548,0.0,1,0
17002.0,6,2071.34,1008,48,345.22333333333336,460,43.15291666666667,6.609375,0.22999360592852416,0.046153846153846156,48,82.366,3.3884680918691537,82.366,0.0,1,0
17003.0,4,828.21,494,90,207.0525,398,9.202333333333334,1.5909090909090908,0.10015904353457646,0.036036036036036036,91,539.49,1.4740956166334283,145.62,0.0,1,1
17004.0,2,1012.22,462,21,506.11,243,48.20095238095238,1.24,0.17222222222222222,0.07692307692307693,21,0.0,0.7799460533612862,-127.03999999999996,0.0,1,1
17005.0,3,612.41,690,15,204.13666666666666,408,40.82733333333333,6.555555555555555,0.22752180884130324,0.10526315789473684,15,-35.19,3.1409980907106507,-35.19,0.3333333333333333,1,1
17006.0,4,853.49,300,77,213.3725,463,11.084285714285715,2.988095238095238,0.12117430593528909,0.03529411764705882,78,493.97,2.179904965420122,173.16000000000003,0.0,1,1
17007.0,6,680.4,397,40,113.39999999999999,256,17.009999999999998,5.7317073170731705,0.22355939558141666,0.047619047619047616,40,12.719999999999999,3.4474787451158493,12.719999999999999,0.16666666666666666,1,0
17008.0,1,81.36,24,1,81.36,248,81.36,0.0,0.0,1.0,1,0.0,0.0,0.0,0.0,1,1
17009.0,1,242.06,336,10,242.06,370,24.206,0.0,0.0,0.18181818181818182,10,0.0,2.4183221080289985,0.0,0.0,1,1
17011.0,3,265.8,498,12,88.60000000000001,471,22.150000000000002,0.3076923076923077,0.14586718993394437,0.21428571428571427,12,0.0,1.1865843491224792,-399.24,0.3333333333333333,1,1
17012.0,1,360.61,251,34,360.61,544,10.606176470588236,0.0,0.0,0.05555555555555555,34,0.0,1.1862516663309752,0.0,0.0,1,1
17015.0,1,520.55,546,116,520.55,4,4.4875,0.0,0.0,0.01694915254237288,116,0.0,1.7388265427890095,0.0,0.0,1,0
17016.0,1,552.4,309,41,552.4,396,13.473170731707317,0.0,0.0,0.024390243902439025,41,0.0,3.6773207372865984,0.0,0.0,1,1
17017.0,29,8240.25,6179,104,284.1465517241379,555,79.23317307692308,1.8096885813148789,0.12636928618493926,0.04827586206896552,111,256.56600000000003,1.6764612931666458,6.51327272727273,0.3103448275862069,1,0
17018.0,5,1772.6,340,18,354.52,554,98.47777777777777,15.653846153846153,0.3434926054163063,0.14814814814814814,22,15.479999999999997,1.6966785048199169,15.479999999999997,0.0,1,1
17019.0,12,3264.14,2206,307,272.01166666666666,557,10.632377850162866,0.8251748251748252,0.08853554483868765,0.010471204188481676,326,212.17100000000002,1.8891935076894815,7.340476190476184,0.16666666666666666,1,0
17020.0,2,935.62,860,64,467.81,466,14.6190625,1.5294117647058822,0.11235882584634248,0.028985507246376812,67,301.9,1.2366064721334842,301.9,0.0,1,1
17021.0,6,1182.22,992,35,197.03666666666666,408,33.77771428571429,3.0638297872340425,0.24460186628864877,0.08333333333333333,35,58.3599999999999,3.751961608694919,19.987999999999992,0.0,1,1
17022.0,1,189.0,72,9,189.0,252,21.0,0.0,0.0,0.1111111111111111,9,0.0,2.7651602324478612,0.0,0.0,1,1
17023.0,3,800.18,530,48,266.72666666666663,516,16.670416666666664,5.8125,0.1777349978383402,0.04081632653061224,48,26.635,2.80892695940377,26.635,0.0,1,1
17025.0,4,1152.87,789,28,288.2175,460,41.17392857142857,8.375,0.1987089909027406,0.06060606060606061,28,-544.53,1.2692856198856446,-343.865,0.0,1,1
17026.0,3,175.82999999999998,107,4,58.60999999999999,236,43.957499999999996,57.75,0.6559965677364722,0.4,4,67.53,5.116983486391177,50.339999999999996,0.0,1,0
17027.0,7,824.6,413,86,117.8,549,9.588372093023256,3.8947368421052633,0.15639884709216773,0.034782608695652174,86,83.94599999999998,7.944708036287173,-13.110857142857146,0.14285714285714285,1,1
17028.0,3,1593.83,856,85,531.2766666666666,540,18.750941176470587,1.4787234042553192,0.13334290764019432,0.031578947368421054,85,357.91499999999996,3.2076668443818277,357.91499999999996,0.0,1,1
17029.0,6,1779.3,1065,19,296.55,483,93.64736842105263,15.74074074074074,0.39791306788084824,0.21428571428571427,23,-121.93000000000002,1.53253857077056,0.5428571428571428,0.0,1,0
17031.0,4,2393.5,1360,22,598.375,400,108.79545454545455,7.444444444444445,0.3077015017421393,0.10714285714285714,23,-860.7499999999999,0.5169961826842178,-476.35,0.0,1,1
17032.0,7,2816.69,1656,180,402.38428571428574,548,15.648277777777778,0.5189873417721519,0.0920475120054139,0.01680672268907563,183,-97.86500000000001,2.6019095524538205,-90.711,0.2857142857142857,1,1
17033.0,3,910.75,311,22,303.5833333333333,216,41.39772727272727,7.32,0.2386586379853555,0.11538461538461539,22,-310.1500000000001,3.3040907046592087,-1.1750000000000398,0.0,1,0
17034.0,4,639.05,365,31,159.7625,332,20.614516129032257,6.081081081081081,0.22851981936408267,0.07894736842105263,31,-24.325000000000014,1.7788712717401658,-24.325000000000014,0.25,1,1
17035.0,5,568.39,299,29,113.678,556,19.599655172413794,13.583333333333334,0.25535294169184736,0.08108108108108109,29,44.711,3.437421688979673,44.711,0.2,1,0
17036.0,1,176.9,76,12,176.9,202,14.741666666666667,0.0,0.0,0.08333333333333333,12,0.0,5.288042185111154,0.0,0.0,1,1
17038.0,1,630.77,507,41,630.77,234,15.384634146341464,0.0,0.0,0.024390243902439025,41,0.0,2.6046025631936867,0.0,0.0,1,1
17039.0,1,1954.99,689,44,1954.99,423,44.43159090909091,0.0,0.0,0.022727272727272728,44,0.0,3.935463658476363,0.0,0.0,1,1
17040.0,1,13.52,8,1,13.52,369,13.52,0.0,0.0,1.0,1,0.0,0.0,0.0,0.0,1,1
17041.0,5,872.41,562,58,174.482,419,15.04155172413793,3.2162162162162162,0.12970958996696447,0.02666666666666667,62,431.59000000000003,1.9853121750577245,34.144999999999996,0.2,1,1
17042.0,2,487.59,445,51,243.795,66,9.560588235294118,0.9259259259259259,0.11864550642677263,0.03636363636363636,51,0.0,2.1229014514080897,-43.22999999999996,0.0,1,0
17043.0,5,1033.07,780,97,206.61399999999998,549,10.65020618556701,4.277777777777778,0.16595523109651616,0.03669724770642202,97,-50.105000000000004,3.419863485421526,-50.105000000000004,0.0,1,0
17044.0,14,10935.07,5199,91,781.0764285714286,552,120.16560439560439,2.4304635761589406,0.18273596320508442,0.03289473684210526,94,1174.512,4.193099810241535,196.32035714285718,0.21428571428571427,1,1
17045.0,3,528.19,189,29,176.06333333333336,248,18.21344827586207,5.806451612903226,0.22748962575371987,0.0625,29,-448.29,9.486604727405494,-160.34499999999997,0.0,1,0
17046.0,4,1264.05,1126,57,316.0125,439,22.176315789473684,2.8225806451612905,0.15012326507194043,0.031746031746031744,58,545.1700000000001,1.4645285875034841,94.25000000000003,0.0,1,1
17047.0,5,1937.76,1003,98,387.552,551,19.773061224489794,4.411764705882353,0.1501280423006991,0.025,103,125.946,3.103575529035144,125.946,0.0,1,0
17048.0,9,1866.45,973,83,207.38333333333333,509,22.48734939759036,4.1,0.19973710592903995,0.0297029702970297,83,207.59700000000004,1.9707386110966942,51.45971428571429,0.3333333333333333,1,1
17049.0,17,5580.8,2164,210,328.2823529411765,465,26.575238095238095,1.284848484848485,0.13421852045168362,0.027190332326283987,216,9.913142857142862,7.561686995437813,37.69809523809524,0.23529411764705882,1,0
17050.0,9,3780.21,2170,187,420.0233333333333,501,20.215026737967914,1.5520504731861198,0.11478240122748443,0.015723270440251572,187,237.458,2.4852365958685296,61.88416666666668,0.0,1,0
17051.0,4,706.49,507,107,176.6225,447,6.602710280373832,2.8051948051948052,0.11556559744989858,0.03870967741935484,115,28.687,1.2534612255623505,28.687,0.0,1,0
17054.0,3,918.82,544,46,306.27333333333337,64,19.97434782608696,0.6981132075471698,0.14160265271186256,0.037037037037037035,46,0.0,6.132279270923966,-305.92,0.0,1,0
17055.0,1,232.85,83,24,232.85,265,9.702083333333333,0.0,0.0,0.07692307692307693,24,0.0,2.5630870809661124,0.0,0.0,1,1
17056.0,1,128.60000000000002,26,8,128.60000000000002,557,16.075000000000003,0.0,0.0,0.125,8,0.0,2.4311960607310725,0.0,0.0,1,1
17057.0,1,288.79,122,47,288.79,415,6.144468085106383,0.0,0.0,0.04081632653061224,47,0.0,2.644327197328389,0.0,0.0,1,1
17058.0,2,819.66,455,42,409.83,59,19.515714285714285,0.8333333333333334,0.12302841989423344,0.04081632653061224,42,0.0,3.116554942702656,-345.78000000000003,0.0,1,0
17059.0,8,3264.15,2091,250,408.01875,501,13.0566,1.0760626398210291,0.10144601706692458,0.015625,267,-75.31171428571427,2.2359674646238354,-6.387738095238097,0.125,1,0
17060.0,1,234.24,216,5,234.24,85,46.848,0.0,0.0,0.2,5,0.0,1.0970050136621985,0.0,0.0,1,0
17061.0,8,3134.13,1008,46,391.76625,51,68.13326086956522,0.7115384615384616,0.18608033849295105,0.05660377358490566,46,0.0,3.5079909607283084,-632.4899999999998,0.125,1,0
17062.0,7,880.8100000000001,630,81,125.83000000000001,259,10.874197530864198,1.025,0.14580401781896113,0.03305785123966942,81,-40.665000000000006,2.016463536203287,0.5309999999999988,0.14285714285714285,1,1
17063.0,15,2464.71,1303,111,164.314,558,22.204594594594596,2.903225806451613,0.18922594820709485,0.02564102564102564,122,13.356285714285715,1.8502509375337441,-35.29066666666667,0.4666666666666667,1,1
17064.0,2,457.40000000000003,187,36,228.70000000000002,146,12.705555555555556,3.5121951219512195,0.149524963832913,0.07142857142857142,36,169.50000000000006,2.091374312666062,169.50000000000006,0.0,1,0
17065.0,2,194.7,82,6,97.35,457,32.449999999999996,0.0,0.0,0.16666666666666666,6,0.0,3.5622600929321497,0.0,0.0,1,1
17066.0,1,228.34,93,17,228.34,545,13.431764705882353,0.0,0.0,0.1111111111111111,17,0.0,1.4623251250121603,0.0,0.0,1,1
17067.0,3,454.54,322,8,151.51333333333335,551,56.8175,0.5,0.18301270189221933,0.15384615384615385,8,0.0,1.1973962135849987,0.0,0.0,1,1
17068.0,38,7063.04,3339,225,185.86947368421053,440,31.391288888888887,0.4819557625145518,0.13329420342540244,0.02558139534883721,249,124.80399999999999,1.8704641421007515,4.008535714285714,0.02631578947368421,1,0
17069.0,14,3832.2,2161,146,273.7285714285714,556,26.24794520547945,2.4396135265700485,0.1397387421708859,0.028846153846153848,162,132.738,2.910947598485067,-23.164,0.35714285714285715,1,0
17070.0,1,133.18,101,41,133.18,229,3.2482926829268295,0.0,0.0,0.024390243902439025,41,0.0,1.5423854268236743,0.0,0.0,1,1
17071.0,12,2370.8,1227,100,197.5666666666667,503,23.708000000000002,3.3493150684931505,0.19466166149658767,0.034013605442176874,102,53.50571428571428,2.8164265022320527,-10.873571428571427,0.3333333333333333,1,0
17072.0,1,273.35,212,20,273.35,444,13.6675,0.0,0.0,0.09523809523809523,20,0.0,2.023866525807894,0.0,0.0,1,1
17074.0,1,203.05,19,4,203.05,382,50.7625,0.0,0.0,0.25,4,0.0,4.9,0.0,0.0,1,1
17075.0,10,2078.23,731,140,207.823,545,14.8445,2.5161290322580645,0.15656598954908246,0.0213903743315508,152,80.534,2.9823583842031467,7.317666666666667,0.1,1,0
17076.0,5,735.87,331,27,147.174,555,27.254444444444445,12.078947368421053,0.26645217224119017,0.1282051282051282,27,58.241,3.2811189296487444,25.747000000000003,0.0,1,1
17077.0,1,306.0,36,1,306.0,397,306.0,0.0,0.0,1.0,1,0.0,0.0,0.0,0.0,1,1
17080.0,7,744.11,473,19,106.30142857142857,345,39.16368421052632,9.807692307692308,0.3090241494121394,0.18518518518518517,19,-146.72499999999997,4.2628144669322845,-146.72499999999997,0.14285714285714285,1,0
17081.0,4,660.48,304,121,165.12,474,5.458512396694215,1.7972027972027973,0.12572335823082162,0.027777777777777776,121,20.44,3.2999053428773184,20.44,0.0,1,1
17082.0,5,3365.12,1793,74,673.024,544,45.47459459459459,3.607142857142857,0.1412581596335599,0.035398230088495575,77,-74.816,11.798246342857526,-74.816,0.0,1,1
17083.0,10,3625.32,1740,30,362.53200000000004,547,120.84400000000001,4.36734693877551,0.24356042635416436,0.06060606060606061,49,128.82342857142856,2.3552444145606435,47.731,0.2,1,1
17084.0,2,2249.97,1475,133,1124.985,216,16.91706766917293,0.0,0.0,0.007518796992481203,133,0.0,2.4434586931342923,0.0,0.5,1,1
17085.0,31,7357.52,3348,394,237.33935483870968,553,18.673908629441627,0.4963041182682154,0.10271352486284627,0.014767932489451477,398,12.842500000000012,2.2460224198689285,28.516219780219785,0.12903225806451613,1,0
17087.0,1,221.53,113,12,221.53,557,18.460833333333333,0.0,0.0,0.08333333333333333,12,0.0,1.8097580618481142,0.0,0.0,1,1
17088.0,2,1399.1100000000001,525,72,699.5550000000001,73,19.432083333333335,0.9210526315789473,0.10200425953210537,0.025974025974025976,72,-632.55,3.0244439053207763,-632.55,0.0,1,0
17089.0,1,128.45,35,4,128.45,205,32.1125,0.0,0.0,0.25,4,0.0,0.8246211251235321,0.0,0.0,1,1
17090.0,10,1663.14,730,23,166.31400000000002,327,72.3104347826087,6.043478260869565,0.30499763651822925,0.0851063829787234,24,-115.39800000000002,1.7721362743940228,-37.07314285714287,0.1,1,0
17091.0,19,5628.8,2993,223,296.2526315789474,557,25.241255605381166,1.449468085106383,0.15507338142398436,0.021220159151193633,233,109.81607142857142,2.5924886825198934,15.525274725274729,0.21052631578947367,1,0
17092.0,11,3840.63,2741,202,349.14818181818185,494,19.0130198019802,1.4107142857142858,0.10820648641799126,0.014234875444839857,208,69.47699999999995,2.1254690226735096,11.481071428571429,0.2727272727272727,1,1
17093.0,1,235.88,114,13,235.88,412,18.144615384615385,0.0,0.0,0.07692307692307693,13,0.0,2.768038970749824,0.0,0.0,1,1
17094.0,3,370.40000000000003,208,18,123.46666666666668,243,20.57777777777778,5.833333333333333,0.23550839505446566,0.10526315789473684,18,170.00000000000006,2.371846937459676,170.00000000000006,0.3333333333333333,1,1
17095.0,9,1758.4,1300,83,195.3777777777778,544,21.1855421686747,4.262626262626263,0.19687958616886125,0.04,87,44.759,2.9067686526450642,-11.474285714285715,0.3333333333333333,1,1
17096.0,11,2770.39,1329,132,251.85363636363635,374,20.98780303030303,1.7159763313609468,0.1445774537769943,0.023529411764705882,133,-282.963,2.8650147357613154,-155.78428571428572,0.2727272727272727,1,0
17097.0,3,476.58,238,97,158.85999999999999,249,4.913195876288659,0.8898305084745762,0.11124097241533808,0.025210084033613446,97,-250.74,3.121208858313861,-38.01,0.0,0,1
17098.0,3,591.0699999999999,125,10,197.0233333333333,360,59.10699999999999,9.352941176470589,0.2776515671330863,0.16666666666666666,12,-7.870000000000061,3.8483419738521705,-75.78500000000001,0.0,1,1
17099.0,1,582.17,317,40,582.17,352,14.55425,0.0,0.0,0.025,40,0.0,3.588327372653355,0.0,0.0,1,1
17101.0,3,885.3199999999999,360,28,295.1066666666666,369,31.618571428571425,5.166666666666667,0.20779139347746836,0.06451612903225806,28,548.52,3.6695148078092266,34.599999999999994,0.0,1,1
17102.0,1,25.5,2,1,25.5,81,25.5,0.0,0.0,1.0,1,0.0,0.0,0.0,0.0,1,0
17103.0,1,424.3,471,32,424.3,541,13.259375,0.0,0.0,0.03125,32,0.0,1.5644259742896942,0.0,0.0,1,1
17104.0,1,474.03,149,19,474.03,243,24.948947368421052,0.0,0.0,0.05263157894736842,19,0.0,3.1677051852012483,0.0,0.0,1,1
17105.0,1,319.4,359,38,319.4,125,8.405263157894737,0.0,0.0,0.02631578947368421,38,0.0,2.530131603636695,0.0,0.0,1,1
17106.0,1,481.58,153,51,481.58,208,9.442745098039216,0.0,0.0,0.0196078431372549,51,0.0,3.106702406594049,0.0,0.0,1,1
17107.0,8,9350.25,4543,280,1168.78125,496,33.39375,1.0862470862470863,0.09592486526191121,0.011627906976744186,306,112.28028571428571,2.7122581005322988,112.28028571428571,0.25,1,0
17108.0,1,174.95,31,9,174.95,483,19.438888888888886,0.0,0.0,0.1111111111111111,9,0.0,1.3133925536563693,0.0,0.0,1,1
17109.0,4,875.01,448,70,218.7525,317,12.500142857142857,3.52,0.1501364128147132,0.05263157894736842,70,139.95000000000002,2.265785716320213,139.95000000000002,0.0,1,0
17110.0,2,336.59999999999997,86,32,168.29999999999998,429,10.518749999999999,2.4722222222222223,0.15614035087719297,0.05405405405405406,32,-44.400000000000006,3.7804797350372117,-44.400000000000006,0.0,1,1
17111.0,1,227.97,299,19,227.97,244,11.99842105263158,0.0,0.0,0.05263157894736842,19,0.0,0.7778065575293593,0.0,0.0,1,1
17112.0,1,197.57,130,44,197.57,322,4.490227272727273,0.0,0.0,0.0425531914893617,44,0.0,1.535434894264029,0.0,0.0,1,1
17113.0,8,2092.16,814,125,261.52,517,16.73728,1.111764705882353,0.12545936450594558,0.03508771929824561,127,-501.84000000000003,3.42533257470483,-131.06,0.25,1,1
17114.0,5,428.54,127,59,85.708,154,7.2633898305084745,1.7857142857142858,0.19298655694452982,0.04225352112676056,59,-108.54000000000002,3.303166434036539,-29.832,0.2,1,0
17115.0,11,2412.26,756,99,219.29636363636365,554,24.36626262626263,4.6440677966101696,0.15797318902704807,0.03361344537815126,101,-49.562000000000005,3.415662648992012,-46.135,0.45454545454545453,1,0
17116.0,1,389.78,392,47,389.78,467,8.293191489361702,0.0,0.0,0.02127659574468085,47,0.0,0.967576198693168,0.0,0.0,1,1
17117.0,1,116.19999999999999,68,9,116.19999999999999,107,12.91111111111111,0.0,0.0,0.1111111111111111,9,0.0,3.8252450901870327,0.0,0.0,1,1
17118.0,1,157.02,154,10,157.02,137,15.702000000000002,0.0,0.0,0.1,10,0.0,0.8476477255715764,0.0,0.0,1,1
17120.0,1,307.46,120,18,307.46,52,17.08111111111111,0.0,0.0,0.05555555555555555,18,0.0,3.798874661371504,0.0,0.0,1,0
17121.0,1,314.74,106,12,314.74,222,26.228333333333335,0.0,0.0,0.08333333333333333,12,0.0,2.7756484363881966,0.0,0.0,1,1
17122.0,3,432.18,288,19,144.06,319,22.746315789473684,5.045454545454546,0.24618272620893536,0.13043478260869565,19,228.14000000000004,0.7847194307395715,-7.049999999999996,0.0,1,1
17123.0,2,621.37,405,30,310.685,392,20.712333333333333,4.15625,0.1695646464916016,0.06060606060606061,30,207.64999999999998,1.8889592994155497,207.64999999999998,0.0,1,1
17124.0,1,294.24,129,31,294.24,4,9.491612903225807,0.0,0.0,0.03225806451612903,31,0.0,2.672689716854661,0.0,0.0,1,0
17126.0,7,1511.2,901,220,215.8857142857143,284,6.869090909090909,0.532258064516129,0.09436889880092354,0.01929260450160772,220,8.835000000000008,2.162390558165897,-9.617999999999995,0.14285714285714285,1,1
17127.0,5,1155.0300000000002,340,27,231.00600000000003,554,42.77888888888889,8.444444444444445,0.23685136099155893,0.10810810810810811,29,69.577,1.9632968533908808,32.05700000000001,0.0,1,1
17128.0,1,157.09,76,14,157.09,154,11.220714285714285,0.0,0.0,0.07142857142857142,14,0.0,2.7970857086507843,0.0,0.0,1,1
17129.0,1,31.85,5,2,31.85,339,15.925,0.0,0.0,0.5,2,0.0,2.510229073212243,0.0,0.0,1,1
17132.0,2,1220.9099999999999,963,62,610.4549999999999,307,19.692096774193548,0.5142857142857142,0.09698338317270584,0.04225352112676056,62,0.0,3.548670213148883,-36.14999999999998,0.0,1,1
17133.0,9,10558.640000000001,7414,21,1173.1822222222224,448,502.792380952381,8.857142857142858,0.2678598093881962,0.16,21,-641.931,1.3172526914230331,-241.60619047619045,0.1111111111111111,1,0
17134.0,2,530.8,122,29,265.4,261,18.303448275862067,5.709677419354839,0.1741278838007806,0.0625,29,106.6,2.775207054176027,106.6,0.0,1,0
17135.0,6,1066.28,852,84,177.71333333333334,398,12.693809523809524,2.5855855855855854,0.17503498897025757,0.044642857142857144,86,60.672000000000004,2.06139747646701,12.986285714285717,0.16666666666666666,1,1
17136.0,1,231.68,256,14,231.68,481,16.548571428571428,0.0,0.0,0.07142857142857142,14,0.0,2.355437944860342,0.0,0.0,1,1
17137.0,6,1099.81,680,125,183.30166666666665,497,8.79848,1.5602409638554218,0.1356470964385879,0.023952095808383235,126,-82.503,1.4943661169954239,-50.548,0.0,1,1
17138.0,7,4417.27,2024,234,631.0385714285715,492,18.877222222222223,1.5450980392156863,0.11585322064913825,0.01171875,236,-853.883,3.4484215412155055,-294.3134285714286,0.0,1,1
17139.0,19,13596.74,6651,348,715.6178947368421,517,39.07109195402299,0.8907407407407407,0.11210403724633913,0.014787430683918669,385,-118.74171428571431,9.356169497622474,22.169454545454546,0.10526315789473684,1,0
17140.0,1,454.12,296,16,454.12,66,28.3825,0.0,0.0,0.1111111111111111,16,0.0,2.873522638320634,0.0,0.0,1,0
17141.0,4,727.58,423,138,181.895,503,5.27231884057971,1.6521739130434783,0.07522280601155014,0.018518518518518517,138,-73.60000000000002,2.479953728780925,-73.60000000000002,0.0,1,1
17142.0,4,1275.25,322,78,318.8125,503,16.349358974358974,5.045454545454546,0.17923979457952738,0.02247191011235955,78,110.61500000000001,20.565051872755177,110.61500000000001,0.0,1,0
17143.0,2,880.97,314,82,440.485,334,10.743536585365854,0.8828828828828829,0.08570223734548614,0.044642857142857144,82,-404.6500000000001,3.5888281704121594,-404.6500000000001,0.0,1,1
17145.0,7,3014.64,2563,168,430.66285714285715,478,17.944285714285712,1.027027027027027,0.08951877366786518,0.016129032258064516,168,1220.58,2.936208251908572,-491.02500000000003,0.42857142857142855,1,1
17146.0,15,5602.49,2168,162,373.4993333333333,495,34.58327160493827,1.332236842105263,0.1382464682938792,0.02622950819672131,165,-305.26300000000003,3.4846668665507936,-86.37472727272727,0.2,1,0
17147.0,14,2327.67,930,75,166.26214285714286,517,31.035600000000002,4.378378378378378,0.23697337888287778,0.08928571428571429,76,-20.37342857142856,4.336573243377049,24.65059523809524,0.5,1,0
17149.0,1,143.10000000000002,18,6,143.10000000000002,270,23.850000000000005,0.0,0.0,0.16666666666666666,6,0.0,0.0,0.0,0.0,1,1
17150.0,6,1357.95,397,64,226.32500000000002,553,21.21796875,3.89010989010989,0.19692541763788576,0.05434782608695652,66,81.58900000000003,3.6695416966886016,-5.602999999999994,0.0,1,1
17151.0,1,231.90000000000003,42,4,231.90000000000003,554,57.97500000000001,0.0,0.0,0.25,4,0.0,0.25000000000000006,0.0,0.0,1,1
17152.0,5,1830.5,537,9,366.1,245,203.38888888888889,13.529411764705882,0.317215733668332,0.2777777777777778,9,430.29999999999995,1.9625939884241705,430.29999999999995,0.2,1,0
17155.0,5,640.76,745,31,128.152,556,20.669677419354837,3.980769230769231,0.21512310338444832,0.07547169811320754,31,-10.980000000000004,1.7238233192511914,-36.548,0.0,1,1
17156.0,2,572.07,385,39,286.035,311,14.668461538461539,0.175,0.0830644741569477,0.04878048780487805,39,0.0,1.2914354841633002,0.0,0.5,1,1
17157.0,17,4832.9,1920,69,284.2882352941176,554,70.04202898550724,1.952755905511811,0.22717561189690844,0.1328125,70,-141.282,2.311317110743855,-120.99214285714288,0.0,1,1
17158.0,5,1393.88,826,61,278.776,461,22.85049180327869,4.744186046511628,0.17866680372163093,0.034482758620689655,64,1.1139999999999985,3.4409376849677273,1.1139999999999985,0.2,1,0
17159.0,2,560.71,237,27,280.355,464,20.76703703703704,5.964285714285714,0.1831781197328584,0.06896551724137931,27,38.110000000000014,4.157009244886155,38.110000000000014,0.0,1,1
17160.0,14,7888.400000000001,6481,184,563.4571428571429,555,42.87173913043478,0.998019801980198,0.11399688915840495,0.023715415019762844,197,162.54685714285714,1.2980007457231826,79.262,0.07142857142857142,1,0
17161.0,1,856.01,537,52,856.01,263,16.46173076923077,0.0,0.0,0.019230769230769232,52,0.0,2.5071902257416165,0.0,0.0,1,1
17162.0,9,1157.03,688,70,128.55888888888887,125,16.529,1.6388888888888888,0.183021301051644,0.0273972602739726,70,-115.28999999999996,3.4841671731435278,-28.86700000000002,0.1111111111111111,1,0
17163.0,2,406.68,465,24,203.34,495,16.945,9.541666666666666,0.19984879524024116,0.08,24,124.19999999999999,0.773380458334275,124.19999999999999,0.0,1,1
17164.0,2,943.22,602,49,471.61,92,19.249387755102042,1.0714285714285714,0.11881214318351126,0.03508771929824561,49,-311.04,1.9417134192527652,-311.04,0.0,1,0
17165.0,8,1783.63,785,77,222.95375,548,23.164025974025975,4.313725490196078,0.19264070293952834,0.04854368932038835,81,-56.40900000000002,3.1722224390388027,-6.153928571428575,0.25,1,1
17166.0,2,110.74,54,10,55.37,23,11.074,0.6363636363636364,0.2045804180081689,0.16666666666666666,10,0.0,2.1719946146481592,0.0,0.5,1,0
17167.0,3,867.11,429,64,289.0366666666667,264,13.54859375,0.8205128205128205,0.1333277878379413,0.0379746835443038,64,351.72999999999996,2.762554083324187,21.340000000000003,0.0,1,1
17168.0,1,400.2,220,21,400.2,318,19.057142857142857,0.0,0.0,0.047619047619047616,21,0.0,3.3831365413093892,0.0,0.0,1,1
17169.0,3,621.68,242,31,207.22666666666666,397,20.054193548387094,9.380952380952381,0.15854900484165657,0.06976744186046512,31,-4.319999999999993,2.8366094862758464,-4.319999999999993,0.3333333333333333,1,0
17170.0,3,118.98,146,9,39.660000000000004,221,13.22,2.6,0.39990679446945027,0.18181818181818182,9,0.0,2.6318710938314305,0.0,0.3333333333333333,1,1
17171.0,2,384.59,225,25,192.295,481,15.3836,15.5,0.2014709143811478,0.04,25,65.22999999999999,4.282059784729775,65.22999999999999,0.0,1,1
17172.0,4,597.73,719,24,149.4325,546,24.905416666666667,11.461538461538462,0.22199115827388874,0.07407407407407407,24,-18.254999999999995,1.0394962345542296,-18.254999999999995,0.5,1,1
17174.0,1,59.9,41,4,59.9,37,14.975,0.0,0.0,0.25,4,0.0,0.6786935980249115,0.0,0.0,1,0
17175.0,2,821.7,514,30,410.85,115,27.39,2.948717948717949,0.151880390874585,0.05,30,-216.46000000000004,1.6615133663821866,-216.46000000000004,0.0,1,0
17176.0,3,902.3199999999999,576,37,300.7733333333333,496,24.387027027027024,11.585365853658537,0.20553309588685553,0.07142857142857142,38,9.89500000000001,2.0498684697613454,9.89500000000001,0.0,1,0
17177.0,1,119.5,40,29,119.5,324,4.120689655172414,0.0,0.0,0.034482758620689655,29,0.0,3.0869102316596644,0.0,0.0,1,1
17178.0,1,432.96,100,31,432.96,550,13.966451612903224,0.0,0.0,0.03225806451612903,31,0.0,3.9497040858261014,0.0,0.0,1,1
17179.0,5,1283.78,543,69,256.756,382,18.60550724637681,2.411764705882353,0.13708363709712149,0.043795620437956206,89,26.069999999999993,1.335194725467515,0.5289999999999964,0.0,1,0
17180.0,13,1984.95,1649,180,152.68846153846155,506,11.0275,1.179144385026738,0.11725633882769952,0.02666666666666667,186,-53.28257142857142,2.655244375257222,9.342833333333337,0.23076923076923078,1,0
17181.0,2,225.45000000000002,243,7,112.72500000000001,415,32.20714285714286,37.0,0.4037929450712493,0.14285714285714285,7,85.59,16.61984957813999,85.59,0.0,1,1
17182.0,2,321.3,54,4,160.65,537,80.325,59.0,0.4438492662420574,0.3333333333333333,4,-35.69999999999999,0.0,-35.69999999999999,0.0,1,1
17184.0,2,198.41000000000003,73,14,99.20500000000001,549,14.172142857142859,12.384615384615385,0.27127496885815505,0.07142857142857142,14,97.31000000000002,2.254838143846484,97.31000000000002,0.0,1,1
17185.0,3,229.46,119,38,76.48666666666666,417,6.03842105263158,0.13953488372093023,0.07286449543231885,0.045454545454545456,38,0.0,1.2743085635004463,0.0,0.0,1,1
17187.0,2,467.71,426,21,233.855,345,22.27190476190476,13.590909090909092,0.20990788935776783,0.08695652173913043,21,-59.81,2.6668563008989192,-59.81,0.0,1,0
17188.0,13,3312.04,1917,106,254.7723076923077,550,31.24566037735849,3.180451127819549,0.23303740833875902,0.04477611940298507,107,61.44742857142857,2.9230463407587846,3.9203333333333226,0.3076923076923077,1,1
17189.0,4,796.45,477,87,199.1125,557,9.154597701149426,3.9270833333333335,0.14421978074061204,0.020618556701030927,88,-107.99999999999999,1.9385691928491795,-107.99999999999999,0.0,1,1
17190.0,7,1279.99,2053,143,182.8557142857143,463,8.950979020979021,2.6823529411764704,0.12760096610195706,0.023391812865497075,143,-140.559,20.990745171507783,-153.779,0.14285714285714285,1,0
17191.0,14,3366.86,1679,224,240.49,557,15.030625,1.332512315270936,0.1275728063955792,0.02457002457002457,227,11.292142857142855,2.7137299694343593,15.901166666666665,0.07142857142857142,1,0
17192.0,1,75.28,45,20,75.28,355,3.7640000000000002,0.0,0.0,0.05,20,0.0,2.651171339933391,0.0,0.0,1,1
17193.0,3,580.14,378,13,193.38,557,44.62615384615385,29.25,0.2876197343444684,0.07692307692307693,13,551.34,4.821985307701829,551.34,0.3333333333333333,1,1
17194.0,2,776.66,413,56,388.33,349,13.86892857142857,3.017857142857143,0.12796436292336,0.03508771929824561,56,-323.1,3.1770200883223905,-323.1,0.0,1,1
17195.0,1,562.98,486,31,562.98,474,18.160645161290322,0.0,0.0,0.03225806451612903,31,0.0,0.9816025957147723,0.0,0.0,1,1
17196.0,1,327.75,154,84,327.75,247,3.9017857142857144,0.0,0.0,0.021505376344086023,84,0.0,1.9770217517803448,0.0,0.0,1,1
17198.0,2,521.66,242,73,260.83,190,7.146027397260274,0.06578947368421052,0.04180986914937212,0.025974025974025976,72,0.0,3.0615780657864966,0.0,0.0,1,1
17199.0,1,135.04000000000002,232,8,135.04000000000002,401,16.880000000000003,0.0,0.0,0.125,8,0.0,0.6422379954947721,0.0,0.0,1,1
17200.0,4,356.71,367,25,89.1775,471,14.2684,11.0,0.20040527652550089,0.04,25,26.590000000000003,1.354676837232162,26.590000000000003,0.0,1,1
17201.0,4,827.22,724,118,206.805,487,7.010338983050848,1.0757575757575757,0.09438815368940809,0.022556390977443608,118,-101.57499999999999,2.702165730567292,-101.57499999999999,0.25,1,1
17202.0,1,160.65,55,8,160.65,240,20.08125,0.0,0.0,0.125,8,0.0,1.13444448331079,0.0,0.0,1,1
17203.0,4,2004.01,1751,84,501.0025,207,23.857261904761906,0.0,0.0,0.035398230088495575,84,0.0,1.957941082018914,0.0,0.0,1,1
17204.0,12,4958.14,2456,107,413.17833333333334,367,46.3377570093458,1.7758620689655173,0.1440264349723101,0.02857142857142857,116,-127.429,4.303835973336564,-107.69892857142857,0.4166666666666667,1,0
17205.0,2,615.27,1330,18,307.635,383,34.181666666666665,7.0476190476190474,0.21166406195353366,0.09090909090909091,19,65.37,1.8514560199851884,65.37,0.0,1,1
17207.0,1,291.77,232,54,291.77,471,5.403148148148148,0.0,0.0,0.03389830508474576,54,0.0,2.3350939268025304,0.0,0.0,1,1
17208.0,1,111.15,101,21,111.15,215,5.292857142857143,0.0,0.0,0.08695652173913043,21,0.0,1.0639918496522813,0.0,0.0,1,1
17209.0,3,595.7,723,36,198.5666666666667,556,16.547222222222224,2.3513513513513513,0.16774345928915624,0.05263157894736842,36,-150.70000000000005,2.0088584049251472,-150.70000000000005,0.0,1,1
17210.0,1,251.72,242,47,251.72,212,5.355744680851064,0.0,0.0,0.03773584905660377,47,0.0,0.912072075933757,0.0,0.0,1,1
17211.0,12,2665.52,1546,167,222.12666666666667,545,15.961197604790419,1.8841698841698842,0.11100090693278415,0.026923076923076925,170,-142.50100000000003,2.3216493716474087,-86.93599999999999,0.16666666666666666,1,0
17212.0,3,794.41,727,29,264.80333333333334,306,27.393448275862067,8.321428571428571,0.20852367905650543,0.034482758620689655,29,-340.71000000000004,2.2876486196303296,-110.83499999999998,0.0,1,0
17213.0,16,2921.75,1212,96,182.609375,550,30.434895833333332,2.6494252873563218,0.193009362107713,0.05142857142857143,104,-65.81,3.6238992073036775,-62.177499999999995,0.4375,1,0
17214.0,4,611.97,177,56,152.9925,178,10.928035714285715,1.6363636363636365,0.17862010066756423,0.04477611940298507,56,-6.090000000000003,3.733224028412155,-6.090000000000003,0.0,1,0
17215.0,1,186.15,104,11,186.15,283,16.922727272727272,0.0,0.0,0.09090909090909091,11,0.0,1.3900130803831896,0.0,0.0,1,1
17216.0,1,63.6,21,13,63.6,373,4.892307692307693,0.0,0.0,0.07692307692307693,13,0.0,2.2979505919573042,0.0,0.0,1,1
17217.0,2,210.1,93,27,105.05,438,7.781481481481482,14.807692307692308,0.19355268342470144,0.037037037037037035,27,16.900000000000006,1.5831038970067468,16.900000000000006,0.0,1,0
17218.0,13,2881.0,1501,192,221.6153846153846,502,15.005208333333334,1.3892215568862276,0.1252422330165406,0.026865671641791045,192,-17.809714285714293,2.7919013872224463,13.344666666666665,0.0,1,0
17219.0,1,144.9,99,24,144.9,236,6.0375000000000005,0.0,0.0,0.08,24,0.0,1.0558009597772995,0.0,0.0,1,1
17220.0,12,2726.69,1459,276,227.22416666666666,508,9.879311594202898,1.2307692307692308,0.1021036818024639,0.015345268542199489,290,7.151,2.1280371246916348,15.505357142857138,0.0,1,0
17221.0,3,642.14,426,58,214.04666666666665,426,11.071379310344827,0.2459016393442623,0.0841969389323268,0.04838709677419355,58,0.0,2.5361077286705562,0.0,0.0,1,1
17222.0,5,1234.96,733,70,246.99200000000002,517,17.642285714285716,2.6506024096385543,0.17161130017615783,0.03571428571428571,70,36.235000000000014,3.3763562328877157,99.14000000000001,0.0,1,1
17223.0,3,523.04,154,61,174.34666666666666,194,8.574426229508196,0.9552238805970149,0.11774592325566291,0.04411764705882353,61,-274.94,3.1197518635428394,-8.550000000000004,0.0,1,1
17224.0,1,100.86,65,8,100.86,320,12.6075,0.0,0.0,0.125,8,0.0,13.49944628494073,0.0,0.0,1,1
17225.0,1,131.15,36,5,131.15,401,26.23,0.0,0.0,0.2,5,0.0,2.250666567930488,0.0,0.0,1,1
17226.0,3,895.47,853,51,298.49,484,17.558235294117647,6.137931034482759,0.17691672200654077,0.05084745762711865,54,-13.744999999999974,2.4912683870881853,-13.744999999999974,0.0,1,1
17227.0,8,1305.76,1132,47,163.22,512,27.782127659574467,5.2682926829268295,0.25279555361949946,0.08433734939759036,48,-6.764999999999995,1.0599019548910082,3.455476190476193,0.0,1,0
17228.0,9,1601.52,1433,132,177.94666666666666,457,12.132727272727273,2.13,0.16264433430480355,0.024875621890547265,144,-10.246857142857142,1.6635394218232995,-2.9460714285714267,0.0,1,0
17230.0,23,9159.45,3649,141,398.23695652173916,550,64.96063829787235,2.062780269058296,0.13157599475639056,0.044642857142857144,146,-304.835,3.2747187163731355,-118.02260606060607,0.21739130434782608,1,0
17231.0,29,5549.76,2844,436,191.37103448275863,551,12.728807339449542,0.5462012320328542,0.10123569380679515,0.013333333333333334,444,13.88285714285713,2.8868937528147907,-3.550490196078431,0.27586206896551724,1,0
17233.0,2,369.98,167,32,184.99,544,11.561875,8.625,0.17322627575273966,0.06060606060606061,33,11.259999999999991,3.132241065261275,11.259999999999991,0.0,1,1
17234.0,1,149.89000000000001,55,14,149.89000000000001,2,10.706428571428573,0.0,0.0,0.07142857142857142,14,0.0,3.0142078397315104,0.0,0.0,1,0
17235.0,7,1354.82,747,41,193.54571428571427,372,33.044390243902434,2.579710144927536,0.19822623164821218,0.08571428571428572,40,326.885,2.841618076365201,61.53,0.0,1,1
17236.0,10,1576.95,647,81,157.695,461,19.46851851851852,3.780952380952381,0.2329024649219697,0.0660377358490566,81,-33.97,4.128679928437476,-19.46833333333333,0.0,1,0
17237.0,2,679.44,309,58,339.72,201,11.71448275862069,0.1016949152542373,0.05709561759523221,0.03333333333333333,58,0.0,2.645955895110509,0.0,0.0,1,1
17238.0,24,5143.91,2418,401,214.32958333333332,558,12.827705735660848,0.6534772182254197,0.10037566828576651,0.016766467065868262,434,21.837857142857143,2.49113901719872,-17.34978021978022,0.0,1,0
17239.0,6,1174.15,513,19,195.6916666666667,548,61.79736842105264,12.545454545454545,0.3097516583930513,0.11764705882352941,19,137.325,2.9196873840665476,33.56428571428572,0.3333333333333333,1,1
17240.0,1,130.6,108,7,130.6,415,18.657142857142855,0.0,0.0,0.14285714285714285,7,0.0,0.95343988748511,0.0,0.0,1,1
17241.0,12,2736.64,859,116,228.0533333333333,481,23.591724137931035,1.6035502958579881,0.17292618467576557,0.03529411764705882,120,-375.902,3.326056399027116,-66.01309523809525,0.0,1,1
17242.0,3,1754.24,848,27,584.7466666666667,504,64.97185185185185,5.27906976744186,0.20853749023571286,0.06818181818181818,27,148.01999999999998,1.036901690749451,148.01999999999998,0.0,1,1
17243.0,63,14267.08,5615,298,226.4615873015873,557,47.87610738255034,0.5653206650831354,0.15669812142112763,0.03084223013048636,313,-381.2467857142857,2.999947887749701,-68.09286764705884,0.14285714285714285,1,0
17244.0,4,871.14,803,85,217.785,553,10.24870588235294,3.977272727272727,0.10381779463435886,0.02247191011235955,85,349.84000000000003,2.9641990264206104,349.84000000000003,0.0,1,1
17245.0,2,371.63,307,24,185.815,508,15.484583333333333,20.166666666666668,0.2020787329034946,0.08,24,-28.730000000000018,1.4957564418491847,-28.730000000000018,0.0,1,0
17246.0,2,38.92,36,6,19.46,557,6.486666666666667,38.2,0.4420385781728799,0.16666666666666666,6,-8.040000000000001,3.562166475615647,-8.040000000000001,0.0,1,1
17248.0,1,181.89000000000001,63,34,181.89000000000001,301,5.349705882352942,0.0,0.0,0.05714285714285714,34,0.0,1.921551062916351,0.0,0.0,1,1
17249.0,1,68.03,79,27,68.03,248,2.51962962962963,0.0,0.0,0.037037037037037035,27,0.0,0.9063041318934719,0.0,0.0,1,1
17250.0,1,162.65,70,23,162.65,80,7.071739130434783,0.0,0.0,0.043478260869565216,23,0.0,3.9104413284691044,0.0,0.0,1,0
17251.0,4,790.28,375,65,197.57,544,12.158153846153846,4.582278481012659,0.11596320520602325,0.0375,65,177.47999999999996,2.138230428903445,-18.285000000000025,0.25,1,1
17252.0,1,337.01,190,85,337.01,5,3.9648235294117646,0.0,0.0,0.011764705882352941,85,0.0,2.3279786317326714,0.0,0.0,1,0
17254.0,1,198.29,146,36,198.29,220,5.508055555555555,0.0,0.0,0.027777777777777776,36,0.0,1.4870343342072205,0.0,0.0,1,1
17255.0,3,598.48,429,131,199.49333333333334,265,4.568549618320611,1.0138888888888888,0.10310734463276836,0.020689655172413793,131,-131.195,2.1989633246293883,-131.195,0.0,1,1
17256.0,4,386.83,226,18,96.7075,419,21.490555555555556,11.038461538461538,0.2715020477909827,0.14814814814814814,18,-12.865000000000002,0.7201663704586607,-12.865000000000002,0.0,1,1
17257.0,2,189.78,187,14,94.89,256,13.555714285714286,0.0,0.0,0.07142857142857142,14,0.0,1.450565823667168,0.0,0.0,1,1
17258.0,2,417.3,188,46,208.65,484,9.071739130434782,4.962962962962963,0.1324510018776485,0.03636363636363636,47,-150.4,1.2619582879551607,-150.4,0.0,1,1
17259.0,5,1239.11,712,159,247.82199999999997,474,7.793144654088049,1.4615384615384615,0.1120776542084463,0.015306122448979591,159,12.468999999999994,2.624802048801982,12.468999999999994,0.0,1,1
17260.0,1,120.95,23,6,120.95,230,20.158333333333335,0.0,0.0,0.16666666666666666,6,0.0,14.756029840938472,0.0,0.0,1,1
17261.0,1,221.59,95,43,221.59,329,5.153255813953488,0.0,0.0,0.023255813953488372,43,0.0,2.1092449563088413,0.0,0.0,1,1
17262.0,10,2190.76,595,10,219.07600000000002,544,219.07600000000002,30.9375,0.6523484943272828,0.29411764705882354,10,1.4160000000000064,3.8296147671411913,30.54380952380953,0.0,1,0
17263.0,1,63.440000000000005,36,23,63.440000000000005,27,2.7582608695652175,0.0,0.0,0.043478260869565216,23,0.0,1.5639992569976906,0.0,0.0,1,0
17264.0,1,268.28,217,70,268.28,243,3.8325714285714283,0.0,0.0,0.02702702702702703,70,0.0,2.0204961615864465,0.0,0.0,1,1
17265.0,1,377.84000000000003,214,72,377.84000000000003,0,5.247777777777778,0.0,0.0,0.02702702702702703,72,0.0,2.44230882928902,0.0,0.0,1,0
17266.0,2,205.14,90,43,102.57,460,4.770697674418605,3.1333333333333333,0.14230109383838582,0.043478260869565216,44,-24.320000000000007,2.6545791627677944,-24.320000000000007,0.0,1,1
17268.0,9,1246.73,935,24,138.52555555555557,551,51.94708333333333,19.44,0.4145201157625267,0.07692307692307693,24,27.156000000000006,3.210024610497558,8.555000000000003,0.0,1,0
17269.0,1,491.81,314,110,491.81,205,4.471,0.0,0.0,0.024,110,0.0,2.267234504142479,0.0,0.0,1,1
17270.0,2,601.4499999999999,420,45,300.72499999999997,551,13.365555555555554,5.574468085106383,0.14214552351242,0.0625,45,-177.79000000000002,3.446974409505709,-177.79000000000002,0.0,1,1
17271.0,1,204.3,113,46,204.3,555,4.441304347826088,0.0,0.0,0.041666666666666664,46,0.0,2.551122189107936,0.0,0.0,1,1
17272.0,3,1405.34,1159,59,468.44666666666666,82,23.819322033898302,0.8125,0.10100278120871574,0.037037037037037035,59,89.98000000000002,2.196713629858234,89.98000000000002,0.3333333333333333,1,0
17273.0,1,141.12,133,12,141.12,243,11.76,0.0,0.0,0.08333333333333333,12,0.0,1.5405479151223695,0.0,0.0,1,1
17274.0,1,465.4,194,52,465.4,215,8.95,0.0,0.0,0.019230769230769232,52,0.0,2.1056422442891725,0.0,0.0,1,1
17275.0,1,114.1,71,23,114.1,202,4.960869565217391,0.0,0.0,0.043478260869565216,23,0.0,4.606298789434898,0.0,0.0,1,1
17276.0,2,444.19,181,49,222.095,221,9.065102040816326,0.037037037037037035,0.02911337892096365,0.05454545454545454,49,0.0,3.335686613755133,0.0,0.5,1,1
17277.0,2,1065.3500000000001,430,67,532.6750000000001,142,15.900746268656718,1.3970588235294117,0.11158222708233256,0.028985507246376812,67,-368.68999999999994,2.364022384180631,-368.68999999999994,0.0,1,0
17278.0,2,271.24,195,17,135.62,384,15.955294117647059,20.1875,0.24694189602446484,0.058823529411764705,17,220.83999999999997,9.360758594824901,220.83999999999997,0.0,1,0
17280.0,1,118.85999999999999,74,6,118.85999999999999,257,19.81,0.0,0.0,0.16666666666666666,6,0.0,0.5381077958922357,0.0,0.0,1,1
17281.0,6,797.8499999999999,295,2,132.975,492,398.92499999999995,59.2,3.8852091283795445,0.8333333333333334,3,3.044999999999999,0.4844240566555987,5.7728571428571405,0.0,1,1
17282.0,3,1346.98,1072,167,448.99333333333334,368,8.065748502994012,1.2849740932642486,0.09174012831549141,0.02577319587628866,170,185.48499999999999,2.772521391765179,185.48499999999999,0.0,1,1
17283.0,1,188.46,179,15,188.46,198,12.564,0.0,0.0,0.06666666666666667,15,0.0,2.507525435468962,0.0,0.0,1,1
17284.0,3,1834.47,1477,224,611.49,208,8.189598214285715,0.6007905138339921,0.07440475869214236,0.011811023622047244,224,-351.94,1.4972970615593597,-351.94,0.0,1,0
17285.0,2,400.44,132,40,200.22,482,10.011,0.8095238095238095,0.1296002446644329,0.06976744186046512,40,0.0,3.7972855024548693,-9.45999999999998,0.0,1,1
17286.0,2,237.81,251,46,118.905,219,5.169782608695653,0.0,0.0,0.021739130434782608,46,0.0,1.4457591657040916,0.0,0.0,1,1
17287.0,20,3261.89,1635,243,163.09449999999998,556,13.423415637860082,1.3505154639175259,0.13872753295745244,0.02570694087403599,249,30.705428571428573,4.275071060650258,-3.507727272727274,0.1,1,0
17288.0,9,1714.5,1160,139,190.5,213,12.33453237410072,1.0578034682080926,0.14812139286828582,0.040229885057471264,139,-405.59,2.9902055893333883,-116.9582857142857,0.0,1,0
17289.0,7,1109.53,723,130,158.50428571428571,460,8.534846153846154,1.617283950617284,0.14256153552103118,0.018404907975460124,130,-17.44500000000001,2.757344471484112,-17.493000000000006,0.14285714285714285,1,1
17290.0,6,914.47,598,95,152.41166666666666,545,9.626,3.489795918367347,0.17617229653732988,0.020202020202020204,95,137.277,2.5104860399270748,56.098000000000006,0.0,1,1
17291.0,1,550.8000000000001,72,1,550.8000000000001,127,550.8000000000001,0.0,0.0,1.0,1,0.0,0.0,0.0,0.0,1,1
17292.0,2,271.75,131,14,135.875,398,19.410714285714285,7.642857142857143,0.2582312163231611,0.13333333333333333,14,-10.950000000000045,3.287145671652941,-10.950000000000045,0.0,1,1
17293.0,10,2365.92,1396,91,236.592,555,25.99912087912088,3.180451127819549,0.2081069931013936,0.05970149253731343,92,33.80742857142858,2.302938665128282,9.423666666666664,0.0,1,1
17294.0,2,467.78999999999996,297,17,233.89499999999998,488,27.51705882352941,0.0,0.0,0.058823529411764705,17,0.0,2.91857816914534,0.0,0.0,1,1
17296.0,1,338.13,216,32,338.13,549,10.5665625,0.0,0.0,0.06060606060606061,32,0.0,4.471976187629724,0.0,0.0,1,1
17298.0,4,434.9,451,37,108.725,461,11.754054054054054,7.026315789473684,0.22378368956788092,0.05128205128205128,37,-3.2600000000000047,0.6320317259157981,-3.2600000000000047,0.25,1,1
17299.0,2,336.62,251,52,168.31,300,6.473461538461539,0.7192982456140351,0.11185584311738538,0.034482758620689655,52,0.0,1.0215271683102152,-99.22000000000001,0.0,1,1
17300.0,2,393.64,467,37,196.82,301,10.638918918918918,2.0930232558139537,0.14214204042374307,0.045454545454545456,37,82.03999999999999,2.104775540050713,82.03999999999999,0.0,1,1
17301.0,1,131.15,79,52,131.15,443,2.5221153846153848,0.0,0.0,0.037037037037037035,52,0.0,0.8595661395657174,0.0,0.0,1,1
17302.0,2,303.12,190,35,151.56,125,8.660571428571428,2.8529411764705883,0.161773886677959,0.02857142857142857,35,-62.58,1.1097544584200567,-62.58,0.0,1,0
17303.0,1,250.04,144,53,250.04,180,4.717735849056604,0.0,0.0,0.018867924528301886,53,0.0,3.024500762459651,0.0,0.0,1,1
17304.0,1,111.5,73,5,111.5,353,22.3,0.0,0.0,0.2,5,0.0,3.052723374300397,0.0,0.0,1,1
17305.0,1,2135.46,1006,9,2135.46,468,237.27333333333334,0.0,0.0,0.1111111111111111,9,0.0,2.126887397113444,0.0,0.0,1,1
17306.0,11,4329.900000000001,7254,11,393.6272727272728,223,393.6272727272728,6.32258064516129,0.4560302800657307,0.21875,11,-511.66999999999996,0.7530276924822628,-39.76171428571428,0.09090909090909091,1,0
17307.0,15,3378.31,3233,24,225.22066666666666,508,140.76291666666665,6.2745098039215685,0.39708424973238143,0.11538461538461539,24,254.37500000000006,1.8775155573722853,6.609393939393949,0.26666666666666666,1,1
17308.0,2,4511.76,5148,5,2255.88,272,902.3520000000001,9.833333333333334,0.3919747623322898,0.2857142857142857,5,-3178.3199999999997,0.5404231146584524,-3178.3199999999997,0.0,1,1
17309.0,2,237.64000000000001,140,22,118.82000000000001,492,10.801818181818183,12.652173913043478,0.20513370380551332,0.125,22,-182.14000000000001,3.4880387745484738,-182.14000000000001,0.0,1,1
17310.0,2,1025.1,402,1,512.55,354,1025.1,147.0,147.0,1.0,1,-504.90000000000003,0.0,-504.90000000000003,0.0,1,1
17311.0,6,2662.27,2114,93,443.71166666666664,494,28.626559139784945,3.6597938144329896,0.1839917747218383,0.02040816326530612,93,57.48900000000002,3.4844596597687048,-18.222999999999992,0.16666666666666666,1,1
17314.0,16,2776.4900000000002,1713,117,173.53062500000001,556,23.730683760683764,2.562162162162162,0.1952368261374661,0.021505376344086023,118,101.59057142857144,2.783434499168167,-0.8268484848484856,0.25,1,0
17315.0,29,6141.17,3041,315,211.7644827586207,258,19.49577777777778,0.4645669291338583,0.1284388189105942,0.011787819253438114,315,7.2430000000000065,2.404730827688325,-122.56150000000002,0.13793103448275862,1,0
17316.0,1,124.45,44,35,124.45,239,3.5557142857142856,0.0,0.0,0.02857142857142857,35,0.0,1.2272689499984313,0.0,0.0,1,1
17318.0,1,157.32999999999998,59,17,157.32999999999998,544,9.25470588235294,0.0,0.0,0.058823529411764705,17,0.0,2.6936952532992775,0.0,0.0,1,1
17319.0,1,29.1,14,3,29.1,488,9.700000000000001,0.0,0.0,0.3333333333333333,3,0.0,0.08660254037844384,0.0,0.0,1,1
17320.0,5,2154.33,1014,67,430.866,506,32.15417910447761,3.5555555555555554,0.15917161468980215,0.03937007874015748,75,-6.309000000000003,2.9154455550827763,23.114,0.0,1,0
17321.0,4,1008.05,426,159,252.0125,397,6.339937106918239,1.064327485380117,0.07977976522027262,0.01744186046511628,159,23.72999999999996,4.21633297180028,52.19,0.0,1,1
17322.0,7,900.64,624,115,128.66285714285715,556,7.831652173913043,2.005586592178771,0.08004865187670544,0.027777777777777776,115,671.54,1.368143867148713,99.89999999999999,0.2857142857142857,1,1
17323.0,8,927.14,906,120,115.8925,518,7.726166666666667,2.357843137254902,0.15643395533845617,0.024390243902439025,129,-15.370285714285714,0.8375475260789307,1.678214285714285,0.125,1,0
17324.0,11,1733.82,1212,85,157.62,540,20.397882352941174,3.415929203539823,0.22406694105895533,0.03508771929824561,96,79.576,2.374231514267532,51.092619047619046,0.09090909090909091,1,1
17325.0,3,609.5699999999999,465,39,203.18999999999997,461,15.629999999999999,9.473684210526315,0.21849256603271436,0.02564102564102564,39,-2.549999999999997,4.49629786234593,-2.549999999999997,0.0,1,1
17326.0,2,312.35,136,82,156.175,348,3.809146341463415,1.423529411764706,0.10078589011139548,0.023255813953488372,82,-17.049999999999983,2.715783184220266,-17.049999999999983,0.0,1,1
17327.0,2,152.35,59,3,76.175,382,50.78333333333333,50.666666666666664,0.5708454447581106,0.5,3,143.85,4.005109236962207,143.85,0.0,1,1
17328.0,1,104.7,86,6,104.7,492,17.45,0.0,0.0,0.16666666666666666,6,0.0,2.006655592438988,0.0,0.0,1,1
17329.0,4,718.78,355,73,179.695,555,9.846301369863014,4.883720930232558,0.1067538188491646,0.034482758620689655,75,-232.06,1.7185183967063693,-232.06,0.0,1,1
17330.0,2,59.900000000000006,2,2,29.950000000000003,467,29.950000000000003,103.0,103.0,0.5,2,-40.0,28.284271247461902,-40.0,0.0,1,1
17332.0,5,827.77,769,81,165.554,475,10.219382716049383,1.3548387096774193,0.16440912676532235,0.031914893617021274,81,56.35000000000002,2.7235255393574658,-14.474000000000004,0.0,1,1
17334.0,4,634.73,565,20,158.6825,226,31.7365,3.3548387096774195,0.18219264690429318,0.09375,20,-21.529999999999973,3.0671838605922237,-21.529999999999973,0.25,1,1
17335.0,2,497.04,210,34,248.52,504,14.618823529411765,8.571428571428571,0.16576198060482739,0.05555555555555555,34,209.42000000000002,2.73200658857185,209.42000000000002,0.0,1,1
17336.0,1,81.12,48,1,81.12,291,81.12,0.0,0.0,1.0,1,0.0,0.0,0.0,0.0,1,1
17337.0,5,1872.06,1193,420,374.412,129,4.457285714285714,0.18809980806142035,0.0459254029033526,0.007662835249042145,418,-35.89999999999998,2.3360596901410253,-228.1,0.4,1,0
17338.0,15,8942.39,4299,479,596.1593333333333,458,18.668872651356992,0.45147679324894513,0.0880030413767653,0.015806111696522657,488,231.6568571428572,2.073758839282421,35.59027472527472,0.06666666666666667,1,0
17339.0,3,60.0,16,5,20.0,328,12.0,28.6,0.6115163696489943,0.3333333333333333,5,60.0,0.4131182235954577,0.5,0.3333333333333333,1,1
17340.0,18,12803.52,6677,244,711.3066666666667,550,52.47344262295082,1.110878661087866,0.12578295763693648,0.025052192066805846,247,587.8554285714287,2.559885696787773,98.75109890109891,0.3888888888888889,1,0
17341.0,3,1006.53,634,180,335.51,359,5.591833333333333,0.8781725888324873,0.0659004762238715,0.015151515151515152,180,-173.30999999999995,1.885631170739604,-173.30999999999995,0.0,1,1
17342.0,7,1155.8400000000001,499,31,165.12000000000003,489,37.285161290322584,7.487179487179487,0.24506506423796204,0.05,32,-138.41199999999998,11.377308173819115,-138.41199999999998,0.42857142857142855,1,1
17343.0,6,1259.94,454,61,209.99,555,20.654754098360655,4.7974683544303796,0.21375612850072304,0.075,62,23.105000000000008,3.4934765245880937,-11.730285714285717,0.0,1,1
17344.0,2,286.24,133,36,143.12,548,7.9511111111111115,0.0,0.0,0.05405405405405406,36,0.0,2.5240147187170483,0.0,0.5,1,1
17345.0,10,1072.02,1669,138,107.202,557,7.768260869565217,3.3962264150943398,0.143408526386122,0.0125,138,-57.584,2.1061388410097903,-22.159000000000002,0.2,1,0
17346.0,17,3298.37,2471,372,194.02176470588233,420,8.866586021505377,0.6553398058252428,0.10389606025017889,0.01615508885298869,385,-172.767,2.598701172515642,-22.313881118881117,0.0,1,0
17348.0,5,1434.54,1537,205,286.908,459,6.997756097560975,1.2927756653992395,0.09499428299692127,0.01893939393939394,205,-44.23199999999999,1.719150446128422,-44.23199999999999,0.0,1,1
17349.0,4,674.16,670,66,168.54,450,10.214545454545455,3.276315789473684,0.15524037879474928,0.03896103896103896,66,140.07999999999998,1.5928990474152225,140.07999999999998,0.0,1,1
17350.0,3,612.38,407,64,204.12666666666667,495,9.5684375,3.9577464788732395,0.16149385089553184,0.041666666666666664,64,-90.67,3.3405532138626213,-90.67,0.0,1,1
17351.0,10,1575.83,295,29,157.583,548,54.33896551724138,10.511627906976743,0.3502402855904956,0.13636363636363635,34,-6.19114285714286,2.5402501395866888,5.157738095238095,0.0,1,1
17352.0,1,36.25,15,5,36.25,515,7.25,0.0,0.0,0.2,5,0.0,1.9339079605813716,0.0,0.0,1,1
17353.0,5,1415.55,936,7,283.11,502,202.22142857142856,33.5,0.8642392339855768,0.2222222222222222,7,23.165,2.297825058615212,83.21000000000001,0.6,1,1
17354.0,3,1740.8999999999999,1525,73,580.3,247,23.84794520547945,0.0,0.0,0.03529411764705882,73,0.0,2.264048993095612,0.0,0.0,1,1
17355.0,1,273.31,249,28,273.31,205,9.761071428571428,0.0,0.0,0.06060606060606061,28,0.0,1.9026181622207121,0.0,0.0,1,1
17356.0,5,946.47,925,73,189.294,508,12.965342465753425,4.411764705882353,0.15488631945509748,0.03488372093023256,74,-122.00499999999997,1.0795464734022775,-18.761999999999997,0.0,1,1
17358.0,5,861.01,430,126,172.202,472,6.833412698412698,2.406896551724138,0.11099548452866266,0.02054794520547945,126,0.9650000000000033,2.622921181043197,12.624000000000004,0.0,1,1
17359.0,1,156.6,76,23,156.6,467,6.808695652173912,0.0,0.0,0.043478260869565216,23,0.0,3.1709604410299845,0.0,0.0,1,1
17360.0,5,923.22,459,137,184.644,254,6.738832116788322,1.546583850931677,0.08958725092921048,0.024691358024691357,137,-281.4200000000001,3.788978591212318,57.959999999999994,0.2,1,0
17361.0,4,647.51,286,41,161.8775,495,15.792926829268293,11.113636363636363,0.1832143779029521,0.044444444444444446,41,-82.33500000000002,3.219587698680524,-82.33500000000002,0.0,1,0
17362.0,8,1010.54,547,99,126.3175,522,10.207474747474746,3.1724137931034484,0.15048294309945492,0.03424657534246575,103,-44.741,3.6812258719946023,5.325357142857145,0.125,1,0
17363.0,3,920.46,499,34,306.82,221,27.072352941176472,0.17647058823529413,0.08697453256515908,0.05714285714285714,34,0.0,2.293333414761252,0.0,0.0,1,1
17364.0,23,9209.82,5989,386,400.4269565217391,551,23.859637305699483,0.7496382054992764,0.12485623329285521,0.01300578034682081,390,-66.35678571428569,2.5185914251811425,-18.23358241758241,0.08695652173913043,1,0
17365.0,12,5290.97,5267,313,440.9141666666667,496,16.904057507987222,0.87569573283859,0.10186885255902382,0.016666666666666666,324,100.99514285714287,1.903198577066429,33.25883333333333,0.08333333333333333,1,0
17366.0,3,1075.59,503,120,358.53,275,8.963249999999999,0.48091603053435117,0.09583928246115908,0.015151515151515152,123,108.61000000000001,2.6354779008565616,-242.56999999999996,0.3333333333333333,1,1
17367.0,1,167.55,149,33,167.55,57,5.077272727272728,0.0,0.0,0.030303030303030304,33,0.0,1.7099374213252618,0.0,0.0,1,0
17368.0,11,1155.44,1307,139,105.04,543,8.31251798561151,2.5842696629213484,0.13629002594146114,0.027932960893854747,141,26.651,2.6569979467925706,-6.645142857142855,0.18181818181818182,1,0
17369.0,1,979.1999999999999,1152,1,979.1999999999999,275,979.1999999999999,0.0,0.0,1.0,1,0.0,0.0,0.0,0.0,1,1
17371.0,4,325.11,167,61,81.2775,551,5.329672131147541,5.873015873015873,0.16090506108513572,0.03125,61,-31.074999999999992,2.524080921644141,-31.074999999999992,0.0,1,1
17372.0,27,3796.96,1587,363,140.62814814814814,555,10.459944903581267,0.9540636042402827,0.13941770153333882,0.014109347442680775,371,-35.778214285714284,2.637712509238919,-6.425785714285712,0.1111111111111111,1,0
17373.0,4,665.83,419,44,166.4575,468,15.1325,6.7,0.1999320858547272,0.058823529411764705,46,3.5370000000000035,1.2785389946279753,3.5370000000000035,0.0,1,1
17374.0,4,711.21,153,34,177.8025,214,20.91794117647059,4.166666666666667,0.2041912846296269,0.09302325581395349,34,44.19,2.5343645901821215,44.19,0.25,1,0
17375.0,5,632.95,474,77,126.59,251,8.22012987012987,2.7586206896551726,0.17277442995856593,0.03409090909090909,77,-142.01500000000001,2.482224707481699,-57.208000000000006,0.2,1,0
17376.0,3,356.29,193,37,118.76333333333334,342,9.62945945945946,4.883720930232558,0.20758474146940184,0.06818181818181818,37,-17.700000000000003,2.4511246394024595,-17.700000000000003,0.0,1,1
17377.0,77,14723.53,5900,429,191.21467532467534,557,34.32058275058275,0.31424581005586594,0.09735412623184324,0.030704815073272853,446,-18.029428571428564,5.058700296595605,-14.330178571428565,0.15584415584415584,1,0
17378.0,2,0.0,0,1,0.0,193,0.0,0.0,0.0,1.0,1,0.0,0.0,0.0,0.5,1,1
17380.0,4,643.75,251,5,160.9375,354,128.75,9.8,0.4460664760165809,0.36363636363636365,5,-109.79999999999998,1.3421996870808754,-109.79999999999998,0.25,1,1
17381.0,25,29941.17,33745,49,1197.6468,367,611.0442857142857,2.59375,0.31138851039101456,0.05426356589147287,50,-410.72399999999993,1.7131146940417792,-117.73506993006994,0.0,1,0
17382.0,7,836.88,432,14,119.55428571428571,389,59.777142857142856,8.8,0.4028001541965971,0.125,14,197.28000000000003,1.41255899581811,70.82399999999998,0.0,1,1
17383.0,1,110.69999999999999,12,2,110.69999999999999,272,55.349999999999994,0.0,0.0,0.5,2,0.0,6.151828996322963,0.0,0.0,1,1
17384.0,2,398.8,76,7,199.4,286,56.971428571428575,35.42857142857143,0.37397477841129667,0.25,7,56.5,2.1875867329744243,56.5,0.0,1,0
17386.0,1,126.35000000000001,53,10,126.35000000000001,204,12.635000000000002,0.0,0.0,0.1,10,0.0,0.651685847970051,0.0,0.0,1,1
17388.0,9,2179.01,2207,29,242.11222222222224,549,75.13827586206898,12.536585365853659,0.3511202348916717,0.21428571428571427,29,25.753428571428575,2.487582074238824,41.27785714285715,0.0,1,0
17389.0,51,28281.49,11203,57,554.5390196078432,555,496.1664912280702,1.8061224489795917,0.19549429893163892,0.05084745762711865,62,822.2325000000001,3.6202866317110045,31.86464285714283,0.19607843137254902,1,0
17390.0,1,149.3,49,12,149.3,240,12.441666666666668,0.0,0.0,0.08333333333333333,12,0.0,1.0146931914264887,0.0,0.0,1,1
17392.0,3,579.92,448,65,193.30666666666664,269,8.921846153846154,2.1029411764705883,0.1537776422711194,0.028985507246376812,65,-11.575000000000003,4.887706314612491,-11.575000000000003,0.0,1,1
17393.0,2,381.15,238,45,190.575,307,8.469999999999999,1.6382978723404256,0.13393973726470876,0.041666666666666664,45,-8.050000000000011,2.75524023614371,-8.050000000000011,0.0,1,1
17394.0,1,203.86999999999998,241,4,203.86999999999998,38,50.967499999999994,0.0,0.0,0.25,4,0.0,4.356706516012602,0.0,0.0,1,0
17395.0,1,97.5,66,3,97.5,327,32.5,0.0,0.0,0.3333333333333333,3,0.0,1.4433756729740643,0.0,0.0,1,1
17396.0,9,1243.8,332,11,138.2,260,113.07272727272726,2.3214285714285716,0.32620442825204327,0.1724137931034483,11,717.0000000000001,1.3601691433502556,-25.559999999999995,0.2222222222222222,1,1
17397.0,1,516.87,441,44,516.87,235,11.747045454545455,0.0,0.0,0.044444444444444446,44,0.0,2.8196118365993055,0.0,0.0,1,1
17398.0,2,528.45,259,26,264.225,74,20.325000000000003,1.4666666666666666,0.16236286661944763,0.06451612903225806,26,-82.91,3.7158711333373624,-82.91,0.0,1,0
17400.0,7,3832.06,1698,278,547.4371428571428,541,13.784388489208633,1.3783783783783783,0.0917871114776974,0.013477088948787063,287,-116.56685714285716,2.749218244479798,-116.56685714285716,0.0,1,0
17401.0,1,114.85,34,11,114.85,360,10.44090909090909,0.0,0.0,0.16666666666666666,11,0.0,2.454074379599376,0.0,0.0,1,1
17402.0,18,2978.21,978,101,165.4561111111111,542,29.48722772277228,3.394904458598726,0.21903697744700687,0.056962025316455694,102,65.53,3.884358882607035,13.999909090909089,0.16666666666666666,1,0
17403.0,1,118.95,77,13,118.95,270,9.15,0.0,0.0,0.07692307692307693,13,0.0,8.040976707481276,0.0,0.0,1,1
17404.0,18,28173.62,32148,83,1565.201111111111,521,339.4412048192771,2.5668449197860963,0.21225129616289828,0.0425531914893617,91,360.40000000000003,2.0349358182202693,131.70700000000002,0.2222222222222222,0,0
17406.0,18,3874.0,1827,156,215.22222222222223,552,24.833333333333332,1.5991902834008098,0.15366367445570822,0.028225806451612902,158,148.05714285714285,26.21009708486012,87.44166666666665,0.2777777777777778,1,1
17407.0,1,552.9,426,23,552.9,231,24.039130434782606,0.0,0.0,0.043478260869565216,23,0.0,2.9884246381968245,0.0,0.0,1,1
17408.0,3,132.24,88,6,44.080000000000005,333,22.040000000000003,2.1666666666666665,0.34352123367112175,0.2857142857142857,6,0.0,4.26840663926192,0.0,0.3333333333333333,1,1
17409.0,10,7793.51,4089,50,779.351,548,155.8702,5.252427184466019,0.2068625764723175,0.057692307692307696,54,193.32400000000007,2.811249878171725,26.15928571428569,0.0,1,0
17410.0,1,302.4,100,15,302.4,34,20.16,0.0,0.0,0.06666666666666667,15,0.0,2.055468895642155,0.0,0.0,1,0
17411.0,7,823.1700000000001,401,48,117.5957142857143,556,17.149375000000003,8.280701754385966,0.24146203073931807,0.05172413793103448,48,23.932999999999993,2.275219779575602,-3.6340000000000034,0.5714285714285714,1,0
17412.0,16,3639.44,2147,144,227.465,556,25.27388888888889,2.6485148514851486,0.18774078266660882,0.029556650246305417,149,-80.52464285714285,29.045824679420164,-23.901258741258747,0.1875,1,0
17413.0,2,560.14,302,10,280.07,389,56.013999999999996,18.333333333333332,0.3273809523809524,0.1,10,120.45999999999995,3.2772407092959566,120.45999999999995,0.0,1,1
17414.0,5,2069.52,5536,6,413.904,555,344.92,28.894736842105264,0.4255931483981082,0.2,6,41.175999999999995,0.19844858806568302,46.19200000000001,0.0,1,0
17416.0,20,13786.14,6476,279,689.307,544,49.41268817204301,1.144736842105263,0.11226164783597006,0.01312910284463895,294,-135.816,5.460461558466876,58.61224242424243,0.1,1,0
17417.0,1,164.18,76,16,164.18,368,10.26125,0.0,0.0,0.0625,16,0.0,2.4378884305890622,0.0,0.0,1,1
17418.0,2,373.99,371,24,186.995,206,15.582916666666668,2.739130434782609,0.19376424465091988,0.041666666666666664,24,-39.21000000000001,1.1991372955684383,-39.21000000000001,0.0,1,1
17419.0,14,3934.73,1979,140,281.0521428571429,502,28.105214285714286,2.194871794871795,0.19024191862070816,0.03571428571428571,142,107.79742857142857,3.297747943157366,23.635090909090913,0.07142857142857142,1,0
17420.0,6,475.7,232,24,79.28333333333333,220,19.820833333333333,0.9285714285714286,0.208544613469952,0.10344827586206896,24,0.0,3.7650731549425394,-214.00000000000003,0.3333333333333333,1,1
17421.0,3,1059.41,807,46,353.1366666666667,554,23.030652173913044,6.105263157894737,0.1464200279899227,0.034482758620689655,46,797.81,1.601093140263599,166.975,0.0,1,1
17422.0,14,2041.44,1508,95,145.81714285714287,354,21.48884210526316,2.246376811594203,0.19439149641294193,0.03597122302158273,95,-36.77700000000001,2.175290394759441,-6.426071428571435,0.5,1,0
17423.0,3,852.6800000000001,621,28,284.2266666666667,213,30.452857142857145,6.642857142857143,0.1950326541924514,0.06896551724137931,28,11.599999999999966,1.4526610540422136,11.599999999999966,0.3333333333333333,1,0
17426.0,11,3777.99,2554,157,343.45363636363635,479,24.063630573248407,1.609442060085837,0.11598766057384148,0.017094017094017096,163,352.713,3.731481135125198,203.42314285714286,0.2727272727272727,1,1
17428.0,34,21013.98,12555,331,618.0582352941176,557,63.48634441087613,0.8954703832752613,0.12425531429312804,0.01217391304347826,350,213.92964285714288,4.314776217979413,-57.7523076923077,0.11764705882352941,1,0
17429.0,5,1206.18,994,70,241.23600000000002,249,17.231142857142856,2.880952380952381,0.1391284829104406,0.047058823529411764,70,-453.9,2.40197565158607,-112.83400000000002,0.2,1,0
17430.0,3,469.40999999999997,325,24,156.47,299,19.55875,4.185185185185185,0.22017296818698356,0.10714285714285714,24,47.81,2.161572368860248,-49.1,0.0,1,1
17431.0,1,403.3,292,41,403.3,132,9.836585365853658,0.0,0.0,0.046511627906976744,41,0.0,1.7876030896710682,0.0,0.0,1,1
17432.0,7,1363.23,801,174,194.74714285714285,555,7.834655172413793,1.5466666666666666,0.10615503417253216,0.022123893805309734,177,230.179,2.619050136312624,59.415,0.0,1,1
17433.0,1,266.8,120,39,266.8,204,6.841025641025642,0.0,0.0,0.02564102564102564,39,0.0,3.098228238626632,0.0,0.0,1,1
17435.0,1,331.35,195,15,331.35,230,22.09,0.0,0.0,0.06666666666666667,15,0.0,5.284190256478911,0.0,0.0,1,1
17436.0,6,427.40999999999997,131,5,71.235,552,85.482,33.53333333333333,0.5054713602235612,0.3125,5,12.800999999999998,1.5994706155475318,6.936,0.3333333333333333,1,0
17437.0,1,369.68,283,52,369.68,349,7.109230769230769,0.0,0.0,0.019230769230769232,52,0.0,3.536014636537004,0.0,0.0,1,1
17438.0,6,1412.6200000000001,550,49,235.4366666666667,460,28.828979591836738,5.444444444444445,0.1956054523158723,0.0684931506849315,57,-46.786,3.2761532703983116,-46.786,0.16666666666666666,1,0
17439.0,1,325.74,370,8,325.74,475,40.7175,0.0,0.0,0.125,8,0.0,2.905772272563698,0.0,0.0,1,1
17440.0,4,260.61,195,4,65.1525,368,65.1525,77.25,0.5142651791550832,0.4,4,-13.709999999999994,1.461820782449066,-13.709999999999994,0.25,1,0
17441.0,1,293.35,245,21,293.35,551,13.96904761904762,0.0,0.0,0.047619047619047616,21,0.0,1.6816833969624152,0.0,0.0,1,1
17442.0,17,3092.67,2147,146,181.92176470588237,481,21.182671232876714,2.126829268292683,0.18790526059627943,0.024271844660194174,146,-53.911142857142856,2.7353580221524085,-18.457181818181816,0.35294117647058826,1,0
17443.0,1,534.24,504,1,534.24,39,534.24,0.0,0.0,1.0,1,0.0,0.0,0.0,0.0,0,0
17446.0,1,68.10000000000001,102,5,68.10000000000001,129,13.620000000000001,0.0,0.0,0.2,5,0.0,0.8944271909999157,0.0,0.0,1,1
17448.0,48,14375.01,11500,569,299.479375,464,25.26363796133568,0.09252669039145907,0.04492893252416784,0.010666666666666666,570,99.54999999999927,1.8466328114201613,-1681.8110000000001,0.14583333333333334,1,1
17449.0,9,3668.63,1967,235,407.6255555555556,549,15.611191489361703,1.0357894736842106,0.09991292501512411,0.023109243697478993,239,33.5117142857143,2.420517603675642,16.18766666666667,0.0,1,0
17450.0,20,99828.64,31109,95,4991.432,257,1050.827789473684,1.132701421800948,0.15764049860941567,0.02358490566037736,109,-2882.7119999999995,2.0792951810359397,-1973.5485714285714,0.05,1,0
17454.0,11,1532.64,721,98,139.3309090909091,512,15.63918367346939,3.9444444444444446,0.24988526032096273,0.031496062992125984,103,-40.09942857142857,2.6623566312847684,-7.173454545454548,0.09090909090909091,1,0
17455.0,1,131.7,66,8,131.7,23,16.4625,0.0,0.0,0.125,8,0.0,2.9173128535887756,0.0,0.0,1,0
17456.0,2,975.5600000000001,508,59,487.78000000000003,275,16.53491525423729,1.5254237288135593,0.11995152082386186,0.03333333333333333,59,-475.84000000000003,2.9586071457592764,-475.84000000000003,0.0,1,1
17457.0,17,5458.95,2481,23,321.11470588235295,551,237.34565217391304,8.238095238095237,0.4203304285864834,0.140625,23,30.91857142857143,1.5445047236152574,-22.923811188811182,0.23529411764705882,1,0
17458.0,1,213.08,112,32,213.08,201,6.65875,0.0,0.0,0.03125,32,0.0,1.5888705666036345,0.0,0.0,1,1
17460.0,19,1937.1000000000001,883,90,101.95263157894738,505,21.523333333333333,3.237410071942446,0.2812047315948248,0.07142857142857142,93,-74.77314285714286,2.948162282296273,-9.554615384615385,0.21052631578947367,1,0
17462.0,1,463.40999999999997,155,14,463.40999999999997,103,33.10071428571428,0.0,0.0,0.07142857142857142,14,0.0,1.0944736303230551,0.0,0.0,1,1
17463.0,5,1580.16,912,169,316.03200000000004,408,9.350059171597634,1.6729857819905214,0.08996848509751143,0.018867924528301886,172,-210.1,2.366573613849063,5.306000000000004,0.2,1,0
17464.0,3,526.58,328,28,175.52666666666667,438,18.806428571428572,3.129032258064516,0.16985565011408885,0.0625,28,211.60000000000002,1.9914501726939038,211.60000000000002,0.3333333333333333,1,1
17465.0,9,2533.64,1470,103,281.5155555555555,555,24.598446601941745,2.13986013986014,0.17691575561298,0.027777777777777776,106,-87.908,2.9647666375340513,-17.804642857142856,0.2222222222222222,1,1
17467.0,1,102.6,20,4,102.6,214,25.65,0.0,0.0,0.25,4,0.0,4.068886006431407,0.0,0.0,1,1
17468.0,1,57.8,68,3,57.8,194,19.266666666666666,0.0,0.0,0.3333333333333333,3,0.0,0.0,0.0,0.0,1,1
17469.0,17,3420.64,1629,138,201.21411764705883,542,24.787246376811595,2.56,0.14809705004086215,0.029850746268656716,149,-25.125142857142848,2.969151102361872,4.880000000000005,0.23529411764705882,1,0
17470.0,9,2124.5099999999998,1939,89,236.05666666666664,327,23.870898876404492,2.4237288135593222,0.18102949704474705,0.03361344537815126,91,-302.755,1.6624571213680694,-31.55726190476191,0.0,1,0
17471.0,1,321.65000000000003,153,19,321.65000000000003,294,16.928947368421053,0.0,0.0,0.05263157894736842,19,0.0,1.3859307679560517,0.0,0.0,1,1
17472.0,4,922.35,551,183,230.5875,447,5.0401639344262295,1.9639639639639639,0.0818947214884196,0.017937219730941704,183,17.22999999999999,1.9713194688914564,17.22999999999999,0.0,1,0
17473.0,3,592.15,267,33,197.38333333333333,275,17.94393939393939,1.588235294117647,0.17427702194814376,0.05714285714285714,33,-4.050000000000011,3.0048434291346107,-156.47500000000002,0.3333333333333333,1,1
17474.0,1,1047.0,200,6,1047.0,419,174.5,0.0,0.0,0.16666666666666666,6,0.0,3.7858178332649164,0.0,0.0,1,1
17476.0,4,446.51,220,29,111.6275,557,15.396896551724138,10.393939393939394,0.18008307878510638,0.058823529411764705,29,-38.41,5.6883864943488955,-38.41,0.5,1,1
17477.0,5,1079.0,211,44,215.8,467,24.522727272727273,0.6956521739130435,0.18288712104505817,0.06382978723404255,44,-253.83999999999997,3.873076437611562,-253.83999999999997,0.6,1,1
17478.0,2,1272.8,516,40,636.4,452,31.82,5.769230769230769,0.15580373594240576,0.025,40,-139.60000000000002,2.4926243893041424,-139.60000000000002,0.0,1,1
17479.0,1,389.26000000000005,266,18,389.26000000000005,452,21.625555555555557,0.0,0.0,0.05555555555555555,18,0.0,1.3730087185362192,0.0,0.0,1,1
17480.0,1,370.40999999999997,243,24,370.40999999999997,264,15.433749999999998,0.0,0.0,0.041666666666666664,24,0.0,1.8289717056313364,0.0,0.0,1,1
17482.0,2,775.64,240,50,387.82,397,15.5128,1.75,0.12849290086708967,0.03773584905660377,50,275.06,3.092241226928332,275.06,0.0,1,1
17483.0,2,332.79,124,14,166.395,234,23.770714285714288,17.76923076923077,0.27308762437930617,0.07142857142857142,14,-22.589999999999975,3.2945005791370057,-22.589999999999975,0.0,1,0
17484.0,2,209.57,339,14,104.785,443,14.969285714285714,3.6153846153846154,0.2575894201870517,0.07142857142857142,14,-58.129999999999995,3.4797272376368307,-58.129999999999995,0.0,1,1
17486.0,1,396.87,191,24,396.87,80,16.53625,0.0,0.0,0.041666666666666664,24,0.0,2.180189087332046,0.0,0.0,1,0
17487.0,1,160.55,37,8,160.55,547,20.06875,0.0,0.0,0.125,8,0.0,5.676376485047482,0.0,0.0,1,1
17488.0,1,336.5,136,18,336.5,460,18.694444444444443,0.0,0.0,0.05555555555555555,18,0.0,1.3280778778645483,0.0,0.0,1,1
17489.0,1,208.56,232,16,208.56,32,13.035,0.0,0.0,0.0625,16,0.0,0.8795109910247475,0.0,0.0,1,0
17490.0,2,658.18,397,37,329.09,389,17.788648648648646,4.641025641025641,0.1547875572033635,0.05,38,-48.099999999999966,2.4813738827822474,-48.099999999999966,0.0,1,1
17491.0,11,3419.66,2270,73,310.8781818181818,410,46.84465753424657,3.8190476190476192,0.25924402809803765,0.04716981132075472,73,-123.53000000000003,2.474043627105836,-1.2149090909090947,0.0,1,0
17492.0,3,1122.42,450,32,374.14000000000004,337,35.075625,7.105263157894737,0.18360899218412152,0.07692307692307693,32,-373.28000000000003,3.5787402129060704,9.984999999999985,0.0,1,0
17493.0,1,100.91000000000001,62,8,100.91000000000001,204,12.613750000000001,0.0,0.0,0.125,8,0.0,1.921684064266846,0.0,0.0,1,1
17494.0,1,54.699999999999996,26,3,54.699999999999996,321,18.23333333333333,0.0,0.0,0.3333333333333333,3,0.0,4.911551010967242,0.0,0.0,1,1
17495.0,2,261.51,129,21,130.755,210,12.452857142857143,0.2,0.1,0.07692307692307693,21,0.0,4.104711514270475,0.0,0.5,1,1
17496.0,5,1385.89,671,55,277.178,513,25.198,4.575342465753424,0.17246342059902622,0.05405405405405406,56,-236.045,9.443047198465507,-26.761000000000006,0.2,1,1
17497.0,2,287.25,59,7,143.625,430,41.035714285714285,36.666666666666664,0.40375288792930875,0.14285714285714285,7,-121.95000000000002,5.676518047435164,-121.95000000000002,0.0,1,1
17499.0,3,1296.84,1077,66,432.28,381,19.64909090909091,3.763888888888889,0.12021580827815724,0.0273972602739726,69,-51.08000000000004,4.313385699751989,-47.815,0.3333333333333333,1,1
17501.0,2,288.6,160,18,144.3,40,16.033333333333335,0.0,0.0,0.05555555555555555,18,0.0,3.1348087890317724,0.0,0.0,1,0
17504.0,19,9238.42,5212,244,486.23263157894735,489,37.86237704918033,1.2909604519774012,0.14734468546245072,0.01971830985915493,247,3.704000000000003,3.1696072910639144,19.44496969696969,0.05263157894736842,1,0
17505.0,4,1776.63,955,65,444.1575,424,27.332769230769234,5.306666666666667,0.1290381264404452,0.039473684210526314,65,-802.6500000000001,3.0087974633462125,-218.59000000000003,0.0,1,0
17507.0,2,605.58,359,79,302.79,128,7.665569620253165,0.5402298850574713,0.08945789771237932,0.022727272727272728,79,0.0,2.035006973690166,-75.54000000000002,0.0,1,0
17508.0,9,4546.78,2880,199,505.19777777777773,552,22.848140703517586,1.9350649350649352,0.1572109432424393,0.021551724137931036,201,-82.2057142857143,3.0382794348393602,-17.526190476190482,0.1111111111111111,0,1
17510.0,1,206.07999999999998,208,15,206.07999999999998,240,13.738666666666665,0.0,0.0,0.06666666666666667,15,0.0,1.133234729604133,0.0,0.0,1,1
17511.0,61,115842.66,77192,522,1899.06,557,221.92080459770116,0.34551724137931034,0.09777834058433556,0.018607856650585803,591,639.9485714285715,2.7884355141978348,18.39845201238393,0.2786885245901639,1,0
17512.0,16,3809.7000000000003,3910,80,238.10625000000002,548,47.62125,3.7285714285714286,0.20337223117476227,0.07801418439716312,88,-19.642857142857164,1.576728067288805,-34.9697619047619,0.125,1,0
17513.0,2,645.6,186,12,322.8,298,53.800000000000004,6.363636363636363,0.28787187327286595,0.08333333333333333,12,-128.39999999999998,2.4779443765616156,-128.39999999999998,0.0,1,1
17514.0,1,313.35,149,41,313.35,488,7.642682926829269,0.0,0.0,0.046511627906976744,41,0.0,1.7117385099562756,0.0,0.0,1,1
17515.0,8,1534.86,504,90,191.8575,369,17.054,2.0297619047619047,0.18047289385179013,0.029585798816568046,100,-7.134999999999997,6.2600846073635195,4.51714285714286,0.0,1,0
17516.0,4,634.63,415,115,158.6575,198,5.518521739130435,1.118881118881119,0.10621027447371899,0.020833333333333332,115,-27.62,2.6125975731175726,-27.62,0.0,1,0
17517.0,1,153.94,102,11,153.94,128,13.994545454545454,0.0,0.0,0.09090909090909091,11,0.0,3.492210813172132,0.0,0.0,1,1
17518.0,2,329.42,267,71,164.71,440,4.6397183098591555,2.5657894736842106,0.1097991156608621,0.025974025974025976,72,22.319999999999993,2.2616289972320804,22.319999999999993,0.0,1,1
17519.0,13,3880.8,2557,124,298.5230769230769,558,31.296774193548387,3.136904761904762,0.2162189050996642,0.047337278106508875,131,-69.71964285714286,7.144068689586688,0.7041958041958049,0.07692307692307693,1,0
17521.0,3,714.41,403,37,238.13666666666666,254,19.30837837837838,5.85,0.18190246937166746,0.04878048780487805,37,-395.29,4.524406065319783,-42.769999999999996,0.0,1,0
17522.0,3,782.98,737,49,260.99333333333334,37,15.979183673469388,0.5964912280701754,0.13701875330659546,0.05172413793103448,49,0.0,2.57068635628848,286.14,0.0,1,0
17524.0,4,508.9,290,37,127.225,257,13.754054054054054,1.7272727272727273,0.1386540061305969,0.06666666666666667,37,-218.89999999999998,1.578310213903823,-218.89999999999998,0.25,1,1
17525.0,3,1161.9,338,19,387.3,248,61.15263157894737,2.76,0.2602324884350329,0.11538461538461539,19,0.0,2.191343107636185,-4.799999999999983,0.0,1,1
17526.0,14,3142.84,1221,61,224.48857142857145,541,51.521967213114756,6.023529411764706,0.3207007427492953,0.09302325581395349,61,-85.28857142857142,5.231644847580684,-49.71318181818181,0.21428571428571427,1,0
17527.0,2,251.55,33,7,125.775,37,35.93571428571429,1.5714285714285714,0.3046815897729517,0.25,7,0.0,4.280010013339421,0.0,0.5,1,0
17529.0,2,1240.25,790,78,620.125,517,15.900641025641026,1.0740740740740742,0.10069444444444446,0.024390243902439025,78,-476.28999999999996,3.835539218422281,-476.28999999999996,0.0,1,1
17530.0,9,1784.29,1015,270,198.25444444444443,552,6.608481481481482,1.5276967930029155,0.09506077188729804,0.020348837209302327,271,111.07100000000001,3.048919362985059,26.59742857142857,0.1111111111111111,1,0
17531.0,8,1194.47,461,56,149.30875,550,21.329821428571428,8.523809523809524,0.19006496310194498,0.03125,56,0.5759999999999991,3.2294200515026867,0.5759999999999991,0.625,1,0
17532.0,1,65.34,30,4,65.34,205,16.335,0.0,0.0,0.25,4,0.0,1.5704219178297276,0.0,0.0,1,1
17533.0,1,34.8,24,1,34.8,254,34.8,0.0,0.0,1.0,1,0.0,0.0,0.0,0.0,1,1
17534.0,4,1445.47,757,69,361.3675,471,20.948840579710144,2.4390243902439024,0.16322569944670026,0.03614457831325301,69,-104.12999999999998,2.4116752700131387,-66.971,0.0,1,1
17535.0,1,164.4,136,13,164.4,99,12.646153846153847,0.0,0.0,0.07692307692307693,13,0.0,0.972242979021402,0.0,0.0,1,1
17536.0,2,288.33,195,13,144.165,502,22.179230769230767,21.833333333333332,0.28490814691581673,0.07692307692307693,13,218.77,2.5862397215718222,218.77,0.0,1,1
17537.0,1,620.75,369,60,620.75,122,10.345833333333333,0.0,0.0,0.016666666666666666,60,0.0,1.8269128277577968,0.0,0.0,1,1
17539.0,5,997.3399999999999,696,132,199.468,546,7.55560606060606,0.6805555555555556,0.11276706893049118,0.020689655172413793,132,279.34000000000003,10.583853927824082,94.02999999999997,0.4,1,1
17540.0,5,1280.5,458,35,256.1,419,36.58571428571429,6.130434782608695,0.26392754058696816,0.10638297872340426,35,-13.359999999999996,1.3234454514976173,25.23,0.0,1,1
17541.0,1,119.86,44,31,119.86,329,3.8664516129032256,0.0,0.0,0.03225806451612903,31,0.0,2.898421965910609,0.0,0.0,1,1
17542.0,3,340.85,323,57,113.61666666666667,461,5.979824561403509,5.888888888888889,0.12334919834436478,0.03125,57,0.6500000000000057,2.1409224144564933,0.6500000000000057,0.0,1,0
17543.0,1,120.05,62,13,120.05,369,9.234615384615385,0.0,0.0,0.07692307692307693,13,0.0,2.5603234971886675,0.0,0.0,1,1
17544.0,3,944.82,410,80,314.94,209,11.81025,0.0,0.0,0.022727272727272728,80,0.0,3.6123555533305636,0.0,0.0,1,1
17545.0,3,767.54,345,112,255.84666666666666,397,6.853035714285714,1.5847457627118644,0.087003454171434,0.01680672268907563,112,87.94,3.2790384401760395,87.94,0.0,1,1
17547.0,4,692.35,213,22,173.0875,484,31.470454545454547,8.342857142857143,0.17274550112449136,0.08333333333333333,24,-69.35000000000002,5.907135851515008,-196.325,0.5,1,1
17548.0,6,486.48,304,22,81.08,215,22.112727272727273,3.911111111111111,0.17813901196244852,0.08695652173913043,22,-486.48,1.326669725435262,-194.9,0.3333333333333333,1,0
17550.0,10,2165.54,908,250,216.554,489,8.66216,1.3916913946587537,0.10818624590709153,0.011834319526627219,252,-48.41299999999999,3.1129377837328858,-45.66464285714285,0.1,1,0
17551.0,1,290.34,142,39,290.34,178,7.444615384615384,0.0,0.0,0.02564102564102564,39,0.0,1.739999224409215,0.0,0.0,1,1
17552.0,12,2129.24,1364,64,177.43666666666664,447,33.269375,2.3,0.19959215060435662,0.04504504504504504,65,-55.57000000000001,2.2325142042996444,4.640357142857142,0.16666666666666666,1,1
17553.0,3,2270.0,1240,2,756.6666666666666,430,1135.0,46.0,0.7258052730000328,0.5,2,638.0,1.7320508075688772,638.0,0.0,1,1
17555.0,4,760.88,547,174,190.22,405,4.37287356321839,1.2077294685990339,0.09124332914002123,0.019230769230769232,176,22.25,1.4044484977961014,22.25,0.0,1,1
17556.0,2,300.67,184,13,150.335,198,23.12846153846154,13.307692307692308,0.27168776194720023,0.14285714285714285,13,15.129999999999995,3.742530729831923,15.129999999999995,0.0,1,0
17557.0,1,34.0,4,1,34.0,552,34.0,0.0,0.0,1.0,1,0.0,0.0,0.0,0.0,1,1
17558.0,1,259.17,54,28,259.17,212,9.25607142857143,0.0,0.0,0.03571428571428571,28,0.0,3.147904484812499,0.0,0.0,1,1
17559.0,1,167.62,270,12,167.62,332,13.968333333333334,0.0,0.0,0.08333333333333333,12,0.0,0.4652532708757736,0.0,0.0,1,1
17560.0,6,1526.9,1232,33,254.48333333333335,480,46.26969696969697,10.066666666666666,0.3275094213617898,0.08695652173913043,33,24.3,2.6986965631757527,24.3,0.0,1,0
17561.0,3,537.9,237,129,179.29999999999998,552,4.169767441860465,2.3517241379310345,0.11042545612312143,0.0273972602739726,132,-6.224999999999994,2.1438972774216687,-6.224999999999994,0.0,1,1
17563.0,4,313.78000000000003,228,27,78.44500000000001,431,11.621481481481483,1.0,0.21962732050649236,0.11764705882352941,27,0.0,2.4464088599742335,-248.68,0.5,1,1
17565.0,1,131.83,67,30,131.83,406,4.394333333333334,0.0,0.0,0.03333333333333333,30,0.0,2.0778445120104525,0.0,0.0,1,1
17567.0,6,2370.67,1283,99,395.1116666666667,261,23.946161616161618,1.5648854961832062,0.14802629576963383,0.030303030303030304,101,9.994999999999981,2.002008065478286,-21.409000000000017,0.16666666666666666,1,0
17568.0,1,374.45,275,61,374.45,452,6.138524590163934,0.0,0.0,0.03225806451612903,61,0.0,1.2802051184969154,0.0,0.0,1,1
17569.0,1,344.14,159,29,344.14,151,11.866896551724137,0.0,0.0,0.034482758620689655,29,0.0,2.8995407314266113,0.0,0.0,1,1
17571.0,3,563.54,364,95,187.84666666666666,362,5.9319999999999995,2.693877551020408,0.10478093348232034,0.020202020202020204,95,153.06000000000003,2.4044740687538795,-64.82,0.0,1,1
17572.0,8,577.6600000000001,288,14,72.20750000000001,544,41.261428571428574,17.88888888888889,0.43896486460272366,0.21428571428571427,14,27.083000000000006,1.634804447636041,10.086428571428572,0.0,1,0
17574.0,1,185.65,77,8,185.65,62,23.20625,0.0,0.0,0.125,8,0.0,3.0696390550961246,0.0,0.0,1,0
17575.0,1,171.7,72,5,171.7,486,34.339999999999996,0.0,0.0,0.2,5,0.0,4.908971379016179,0.0,0.0,1,1
17576.0,35,6763.81,3636,317,193.25171428571429,555,21.336940063091483,0.8108108108108109,0.15321432936539417,0.02848575712143928,321,2.0271428571428607,3.4248812344285335,-10.249684210526317,0.08571428571428572,1,0
17577.0,2,348.75,179,20,174.375,488,17.4375,1.15,0.18720627899752235,0.09523809523809523,20,0.0,1.4023704421952343,123.94999999999999,0.0,1,1
17578.0,10,1003.73,471,57,100.373,349,17.609298245614035,4.855072463768116,0.1510058001560644,0.04285714285714286,57,-92.88499999999999,2.5224750571767154,-76.177,0.3,1,0
17579.0,1,304.38,117,43,304.38,397,7.078604651162791,0.0,0.0,0.045454545454545456,43,0.0,6.334297706240973,0.0,0.0,1,1
17580.0,5,538.07,222,77,107.614,241,6.987922077922079,1.815217391304348,0.17955124977221695,0.043010752688172046,77,-162.225,1.9548755174997858,-26.909,0.0,1,0
17581.0,34,10011.14,5146,294,294.44529411764705,556,34.05149659863945,0.9558011049723757,0.13550318319484309,0.01838235294117647,328,26.389285714285684,14.463581389382364,29.59803571428571,0.17647058823529413,1,0
17582.0,6,1429.95,601,92,238.32500000000002,443,15.542934782608697,3.1475409836065573,0.14227783671376804,0.032520325203252036,95,-31.729000000000006,3.13880630993899,12.073999999999996,0.16666666666666666,1,0
17583.0,1,135.95,55,7,135.95,379,19.42142857142857,0.0,0.0,0.14285714285714285,7,0.0,1.185829024855808,0.0,0.0,1,1
17584.0,4,4067.12,2006,73,1016.78,503,55.71397260273972,2.4431818181818183,0.16532457930703104,0.033707865168539325,73,1310.4099999999999,4.123462359279677,510.158,0.0,1,1
17585.0,5,1469.56,1513,206,293.912,297,7.13378640776699,0.8734693877551021,0.09246653836888682,0.012195121951219513,208,-426.5,2.6989901868791746,-90.828,0.0,1,0
17586.0,1,167.4,68,8,167.4,438,20.925,0.0,0.0,0.125,8,0.0,1.9174015154444233,0.0,0.0,1,1
17587.0,1,173.76,66,41,173.76,447,4.238048780487805,0.0,0.0,0.024390243902439025,41,0.0,2.9919738977601478,0.0,0.0,1,1
17588.0,7,2058.65,747,31,294.09285714285716,457,66.40806451612903,6.590163934426229,0.24364452909401257,0.08064516129032258,38,-23.510999999999992,2.8043689238069915,-23.510999999999992,0.2857142857142857,1,0
17589.0,19,12469.72,7797,552,656.301052631579,461,22.590072463768117,0.3790186125211506,0.06068771903237554,0.014370245139475908,577,-202.816,2.6222266107318397,-127.58516666666665,0.15789473684210525,1,0
17591.0,7,1751.97,843,93,250.28142857142856,510,18.838387096774195,3.0062111801242235,0.11027584781753588,0.043209876543209874,94,135.24100000000004,4.5060026409071225,36.55057142857144,0.14285714285714285,1,0
17592.0,2,0.0,0,13,0.0,558,0.0,0.0,0.0,0.07692307692307693,13,0.0,1.033515285883013,0.0,0.5,1,1
17593.0,10,4795.34,2866,163,479.534,554,29.419263803680984,1.6550218340611353,0.1366095551371486,0.017391304347826087,168,-86.76599999999996,2.537805969716332,-131.68457142857145,0.3,1,1
17594.0,3,1819.7,1038,52,606.5666666666667,424,34.99423076923077,5.208955223880597,0.1674276439225852,0.04411764705882353,55,-148.35000000000002,2.1643872095760255,-148.35000000000002,0.0,1,0
17596.0,10,2958.63,4703,208,295.863,543,14.224182692307693,1.5513196480938416,0.12842928362740158,0.02046783625730994,212,67.18314285714285,2.0674255961127757,23.68816666666667,0.1,1,0
17597.0,7,3425.29,2205,110,489.32714285714286,402,31.139,2.7518796992481205,0.13914146047373463,0.03731343283582089,112,479.10900000000004,5.031694029825905,379.2370000000001,0.2857142857142857,1,0
17598.0,1,409.98,126,10,409.98,200,40.998000000000005,0.0,0.0,0.1,10,0.0,2.269524913574058,0.0,0.0,1,1
17599.0,3,44.55,9,3,14.85,297,14.85,3.0,0.6580352787455409,0.6,3,0.0,1.3145341380123987,-52.05,0.6666666666666666,1,1
17601.0,2,412.65999999999997,294,68,206.32999999999998,199,6.068529411764706,2.0142857142857142,0.11282792379070761,0.028169014084507043,68,-180.64,2.2652076092664153,-180.64,0.0,1,0
17602.0,11,3005.56,2557,270,273.2327272727273,438,11.131703703703703,0.6258064516129033,0.07770905622958516,0.015021459227467811,276,104.68800000000002,3.434244219097962,5.2125000000000075,0.18181818181818182,1,1
17603.0,6,1280.21,539,94,213.36833333333334,549,13.619255319148937,1.1111111111111112,0.13267550131333203,0.03,93,18.400000000000006,2.3675406922147983,-57.31099999999999,0.5,1,1
17604.0,6,942.38,614,142,157.06333333333333,501,6.636478873239437,2.2222222222222223,0.1389594870455991,0.03365384615384615,143,3.425714285714286,1.5729735707367567,3.425714285714286,0.0,1,0
17605.0,1,160.75,71,13,160.75,409,12.365384615384615,0.0,0.0,0.07692307692307693,13,0.0,2.0628816663179617,0.0,0.0,1,1
17606.0,1,87.30000000000001,42,6,87.30000000000001,556,14.550000000000002,0.0,0.0,0.16666666666666666,6,0.0,0.649358657959272,0.0,0.0,1,1
17607.0,1,333.81,269,22,333.81,195,15.173181818181819,0.0,0.0,0.045454545454545456,22,0.0,2.819066039193359,0.0,0.0,1,1
17608.0,2,296.07,299,90,148.035,426,3.2896666666666667,1.5490196078431373,0.09306589680182487,0.019417475728155338,90,-15.689999999999998,0.8504179552716367,-15.689999999999998,0.0,1,1
17609.0,11,1170.48,778,230,106.40727272727273,428,5.089043478260869,1.1385767790262171,0.08832493745170569,0.011194029850746268,232,10.975000000000023,2.1114919485813637,-24.709714285714284,0.2727272727272727,1,1
17610.0,8,1410.29,873,123,176.28625,552,11.465772357723576,1.1428571428571428,0.13091241710933257,0.01775147928994083,124,-349.63,2.775607091046187,-178.11600000000004,0.375,1,1
17611.0,21,6224.0,4137,638,296.3809523809524,557,9.755485893416928,0.5606382978723404,0.09703946691287907,0.007438894792773645,653,5.577142857142848,2.2871104874794828,-10.482945054945056,0.09523809523809523,1,0
17612.0,26,3800.58,2147,157,146.17615384615385,550,24.207515923566877,1.8654545454545455,0.1880078753439252,0.03260869565217391,173,-8.370357142857138,3.2694217319172934,10.147902097902099,0.46153846153846156,1,0
17613.0,8,2504.46,1459,163,313.0575,125,15.36478527607362,0.5118483412322274,0.11316061309321865,0.02830188679245283,163,-276.7800000000002,2.38967055795774,-116.05199999999999,0.125,1,0
17615.0,6,657.0,342,44,109.5,304,14.931818181818182,5.264150943396227,0.20687940304716412,0.05555555555555555,44,-18.400000000000006,2.9287898632187805,35.3,0.16666666666666666,1,0
17616.0,3,571.1999999999999,224,1,190.39999999999998,271,571.1999999999999,97.5,4.533598149713858,1.0,1,-40.8,0.0,-40.8,0.0,1,0
17617.0,2,227.14000000000001,220,20,113.57000000000001,390,11.357000000000001,0.631578947368421,0.16828692541888715,0.05,20,0.0,2.4787655565241598,0.0,0.5,1,1
17618.0,12,3671.54,1709,196,305.96166666666664,504,18.73234693877551,1.2378223495702005,0.1120514540146981,0.022857142857142857,212,13.894999999999994,3.44293462686454,-20.412619047619053,0.16666666666666666,1,0
17619.0,1,214.37,124,71,214.37,131,3.0192957746478872,0.0,0.0,0.02702702702702703,71,0.0,1.3359346746816103,0.0,0.0,1,1
17621.0,7,2551.2,890,52,364.45714285714286,251,49.06153846153846,4.232142857142857,0.2281233729952762,0.03508771929824561,54,-988.2099999999998,2.6553358230802617,-291.366,0.2857142857142857,1,0
17622.0,3,1125.17,367,19,375.0566666666667,417,59.21947368421053,0.0,0.0,0.07692307692307693,19,0.0,2.6757735269658633,0.0,0.3333333333333333,1,1
17623.0,6,1838.72,534,108,306.4533333333333,544,17.025185185185187,1.9625,0.1300418467352192,0.031055900621118012,111,87.28800000000001,3.528606333282235,45.47371428571429,0.0,1,1
17624.0,3,1125.45,716,71,375.15000000000003,539,15.851408450704225,7.056338028169014,0.16379684009600595,0.027777777777777776,72,41.735000000000014,3.8226537471472657,41.735000000000014,0.0,1,0
17625.0,5,4500.53,2698,343,900.106,544,13.121078717201165,0.9914712153518124,0.07766353457113315,0.01276595744680851,352,43.303,1.7740130975198392,43.303,0.0,1,0
17626.0,1,254.0,202,18,254.0,422,14.11111111111111,0.0,0.0,0.05555555555555555,18,0.0,2.2252594032527324,0.0,0.0,1,1
17627.0,2,285.11,673,11,142.555,548,25.91909090909091,25.0,0.3122777304537105,0.09090909090909091,10,307.61,2.1998363575502613,307.61,0.5,1,1
17629.0,6,1217.59,710,78,202.93166666666664,240,15.610128205128204,2.2282608695652173,0.1940316903002978,0.043010752688172046,78,-256.255,3.4661862136496904,-44.793428571428564,0.16666666666666666,1,0
17630.0,1,335.5,112,19,335.5,51,17.657894736842106,0.0,0.0,0.05263157894736842,19,0.0,8.968045123288203,0.0,0.0,1,0
17631.0,5,772.71,349,49,154.542,549,15.769591836734694,9.92,0.2107837918976439,0.0392156862745098,50,34.458999999999996,3.4075120473655227,34.458999999999996,0.0,1,0
17633.0,4,665.05,245,29,166.2625,208,22.932758620689654,0.9354838709677419,0.1940664063322935,0.0625,29,0.0,2.664060386315499,-800.05,0.25,1,1
17634.0,5,1811.29,455,131,362.258,157,13.826641221374045,0.7235294117647059,0.10647452889684882,0.017543859649122806,131,-663.3299999999999,3.2554176114977014,-141.617,0.0,1,0
17635.0,4,1256.83,763,60,314.2075,410,20.947166666666664,2.22972972972973,0.15724417664226262,0.05333333333333334,63,-58.27499999999997,4.187729531695025,-5.386999999999989,0.25,1,1
17638.0,2,842.4,432,2,421.2,541,421.2,37.0,0.6938466813623555,0.6666666666666666,2,-374.4,0.0,-374.4,0.0,1,1
17639.0,6,615.17,576,59,102.52833333333332,303,10.426610169491525,2.628205128205128,0.15654828905897447,0.05063291139240506,59,-80.315,2.7060770143382875,-80.315,0.0,1,1
17640.0,7,2485.93,1421,47,355.1328571428571,446,52.89212765957446,3.9516129032258065,0.24233973652834676,0.07936507936507936,47,-157.29500000000002,2.100949472042529,-33.518,0.2857142857142857,1,1
17642.0,3,1112.2,1001,58,370.73333333333335,553,19.175862068965518,4.537313432835821,0.16244352979101293,0.04411764705882353,59,91.23500000000001,2.116740292157376,91.23500000000001,0.0,1,1
17643.0,2,439.7,226,30,219.85,324,14.656666666666666,4.4,0.17530025376509167,0.06451612903225806,30,-236.60000000000002,2.9509438985641725,-236.60000000000002,0.0,1,1
17644.0,18,3926.2200000000003,2144,117,218.12333333333333,481,33.5574358974359,1.929460580912863,0.19220992607875645,0.024793388429752067,124,-95.08285714285715,2.919919241510252,-24.345989010989012,0.3333333333333333,1,0
17646.0,16,3843.1600000000003,1299,124,240.19750000000002,543,30.993225806451616,2.4411764705882355,0.20946186668023942,0.024390243902439025,129,-26.050357142857138,6.252579920892248,3.7693006993006994,0.25,1,0
17647.0,2,198.6,52,5,99.3,488,39.72,0.0,0.0,0.2,5,0.0,5.594819031925876,0.0,0.0,1,1
17648.0,4,1526.26,756,96,381.565,204,15.898541666666667,1.9591836734693877,0.12440842078887204,0.020202020202020204,96,688.5200000000001,3.407241391237981,52.32499999999999,0.0,1,0
17649.0,3,680.7,318,45,226.9,291,15.126666666666667,0.0425531914893617,0.03294279148856795,0.0625,45,0.0,2.972143176574227,0.0,0.3333333333333333,1,1
17651.0,7,1748.38,968,84,249.76857142857145,346,20.81404761904762,0.35,0.13640476428822834,0.039603960396039604,84,0.0,2.812831845329367,-1768.6599999999999,0.14285714285714285,1,1
17652.0,5,1625.06,814,68,325.012,100,23.89794117647059,1.0,0.1338219731237396,0.030927835051546393,68,1180.46,3.0303884372726895,385.26,0.2,1,0
17654.0,1,117.55,41,22,117.55,96,5.343181818181818,0.0,0.0,0.045454545454545456,22,0.0,2.592814955591585,0.0,0.0,1,1
17655.0,7,1872.94,720,57,267.5628571428571,236,32.85859649122807,2.9705882352941178,0.2304118165454563,0.043478260869565216,57,-320.17,6.6627536523485595,58.152000000000015,0.14285714285714285,1,0
17657.0,1,126.0,60,7,126.0,249,18.0,0.0,0.0,0.14285714285714285,7,0.0,0.66332495807108,0.0,0.0,1,1
17658.0,1,317.59999999999997,216,9,317.59999999999997,30,35.288888888888884,0.0,0.0,0.1111111111111111,9,0.0,3.832898526064982,0.0,0.0,1,0
17659.0,9,1679.0,784,73,186.55555555555554,205,23.0,2.258426966292135,0.17049772190451978,0.03333333333333333,73,-159.52999999999997,5.150239926292468,-87.346,0.2222222222222222,1,0
17660.0,1,163.47,138,42,163.47,556,3.892142857142857,0.0,0.0,0.045454545454545456,42,0.0,1.7048504984271542,0.0,0.0,1,1
17662.0,2,412.92,184,14,206.46,542,29.494285714285716,4.285714285714286,0.2515729143571466,0.13333333333333333,14,-293.08000000000004,2.8832541139681545,-293.08000000000004,0.0,1,1
17663.0,18,4075.63,1819,125,226.42388888888888,555,32.60504,2.6903553299492384,0.19056717854909178,0.045454545454545456,126,-27.67892857142857,6.578193250393462,-15.311363636363641,0.2777777777777778,1,0
17664.0,3,887.78,863,51,295.9266666666667,439,17.407450980392156,6.898305084745763,0.1737653478349409,0.05,51,8.669999999999987,2.1357095964166075,8.669999999999987,0.0,1,0
17665.0,1,563.1,690,19,563.1,312,29.63684210526316,0.0,0.0,0.05263157894736842,19,0.0,1.1987959358900215,0.0,0.0,1,1
17666.0,3,1319.6399999999999,956,17,439.87999999999994,347,77.62588235294118,1.96,0.23862061161338569,0.11538461538461539,17,696.84,1.425151004144959,696.84,0.0,1,1
17667.0,10,3184.96,1870,136,318.496,474,23.418823529411764,2.2746113989637307,0.1606570318878756,0.02577319587628866,142,-7.655428571428569,2.9685918874873027,25.330952380952382,0.3,1,0
17669.0,6,4346.63,2481,70,724.4383333333334,436,62.09471428571429,4.242105263157895,0.1668437210925736,0.041666666666666664,73,-245.1400000000001,1.5534968901543698,-137.667,0.0,1,0
17670.0,1,205.7,110,11,205.7,47,18.7,0.0,0.0,0.09090909090909091,11,0.0,2.0463159802213076,0.0,0.0,1,0
17671.0,4,1118.63,517,40,279.6575,195,27.965750000000003,3.3333333333333335,0.14762171027791157,0.057692307692307696,40,-542.63,3.744162172913174,-74.225,0.25,1,0
17672.0,6,3637.9100000000003,1707,127,606.3183333333334,460,28.64496062992126,2.661764705882353,0.12816666543412752,0.021897810218978103,128,-38.644999999999925,3.4914225894545785,-203.768,0.16666666666666666,1,1
17673.0,11,3601.66,2751,183,327.4236363636364,450,19.681202185792348,1.0256410256410255,0.11715968368711745,0.018604651162790697,183,-32.3537142857143,1.4860496448363352,-18.19366666666667,0.09090909090909091,1,0
17674.0,1,300.66,349,11,300.66,188,27.332727272727276,0.0,0.0,0.09090909090909091,11,0.0,0.5194192561278064,0.0,0.0,1,1
17675.0,66,24592.23,10655,216,372.60954545454547,548,113.85291666666666,0.7808219178082192,0.19310568436008785,0.04559270516717325,229,312.1535714285714,6.192425176126935,-1.8752105263157932,0.21212121212121213,1,0
17676.0,7,1339.25,935,57,191.32142857142858,439,23.49561403508772,2.808988764044944,0.2235057425387791,0.044444444444444446,64,29.14699999999999,1.5229966231437828,3.698214285714283,0.2857142857142857,1,1
17677.0,64,24216.01,14715,281,378.37515625,547,86.17797153024911,0.9319470699432892,0.18033811833522462,0.022641509433962263,306,21.803214285714308,2.8630746418406328,-20.104158926728587,0.453125,1,0
17678.0,3,579.81,367,27,193.26999999999998,422,21.474444444444444,12.107142857142858,0.20665511235388886,0.06896551724137931,27,16.410000000000025,5.100805306843727,-1.7699999999999816,0.3333333333333333,1,0
17679.0,9,1174.45,685,41,130.49444444444444,555,28.64512195121951,2.8513513513513513,0.2215910471132912,0.05333333333333334,39,-115.125,1.1658191567761726,-73.68500000000002,0.4444444444444444,1,1
17680.0,3,278.1,58,9,92.7,330,30.900000000000002,14.0,0.33717391133573105,0.2,9,-104.10000000000002,13.428576494426604,-104.10000000000002,0.3333333333333333,1,1
17681.0,6,529.6,354,13,88.26666666666667,547,40.73846153846154,9.214285714285714,0.5002672103333886,0.13333333333333333,13,146.1,3.2536577219229086,55.879999999999995,0.16666666666666666,1,1
17682.0,9,2683.36,1487,73,298.1511111111111,461,36.758356164383564,2.8653846153846154,0.18780074916251827,0.044585987261146494,79,37.71199999999999,2.1847464331066133,-22.110999999999997,0.1111111111111111,1,0
17683.0,3,819.01,781,41,273.00333333333333,373,19.975853658536586,3.7111111111111112,0.18083332606210348,0.043478260869565216,41,-185.20499999999998,2.5257122686022884,-185.20499999999998,0.0,1,1
17685.0,12,3796.84,2443,81,316.40333333333336,485,46.87456790123457,3.1102362204724407,0.20890086769396196,0.0625,83,179.43,1.8940692751442003,-11.041212121212117,0.16666666666666666,1,0
17686.0,6,5594.1,2328,209,932.35,353,26.766028708133973,1.1731448763250882,0.09476812675497129,0.014084507042253521,216,77.79399999999998,3.695390929668699,77.79399999999998,0.0,1,0
17687.0,1,432.68,210,26,432.68,240,16.641538461538463,0.0,0.0,0.038461538461538464,26,0.0,2.225433406362421,0.0,0.0,1,1
17688.0,2,286.5,108,19,143.25,213,15.078947368421053,1.0,0.18660549686337075,0.1,19,0.0,2.149198136882439,0.0,0.5,1,1
17689.0,2,317.08,300,17,158.54,293,18.651764705882353,4.0476190476190474,0.20705500512979527,0.09090909090909091,19,-14.919999999999987,0.544574181320634,-14.919999999999987,0.0,1,1
17690.0,15,5269.78,2205,192,351.3186666666667,493,27.446770833333332,1.821969696969697,0.11362888894726846,0.01509433962264151,197,62.41999999999997,13.460573091024846,-9.534424242424247,0.0,1,0
17691.0,5,627.35,303,37,125.47,366,16.955405405405408,4.325581395348837,0.18664533690348087,0.06818181818181818,37,302.45000000000005,2.597489233302948,63.97500000000002,0.2,1,1
17692.0,13,2829.56,2174,87,217.65846153846152,360,32.52367816091954,2.0193548387096776,0.19907878301029938,0.05128205128205128,88,-150.91600000000003,1.8163683897761478,-40.27684848484849,0.15384615384615385,1,0
17694.0,2,1412.85,1309,45,706.425,382,31.396666666666665,0.7846153846153846,0.10710344821235457,0.030303030303030304,45,191.11,0.9090755698006582,191.11,0.0,1,1
17695.0,4,955.2,1024,20,238.8,500,47.760000000000005,11.192307692307692,0.2481719867633383,0.07407407407407407,20,-6.599999999999994,1.3567404797324836,-6.599999999999994,0.25,1,1
17696.0,39,6012.4800000000005,4564,163,154.16615384615386,548,36.88638036809816,1.7032258064516128,0.18704778601097105,0.022508038585209004,167,-64.97464285714285,2.258079510655981,-13.633785714285711,0.41025641025641024,1,0
17697.0,1,338.95,93,19,338.95,55,17.839473684210525,0.0,0.0,0.05263157894736842,19,0.0,3.0511861369154882,0.0,0.0,1,0
17698.0,1,154.95,93,8,154.95,80,19.36875,0.0,0.0,0.125,8,0.0,1.5642775603179528,0.0,0.0,1,0
17699.0,2,442.0,208,17,221.0,381,26.0,4.666666666666667,0.22436987060965613,0.10526315789473684,17,76.60000000000002,2.7404805998453368,76.60000000000002,0.0,1,1
17700.0,15,5231.65,2695,211,348.77666666666664,558,24.794549763033174,1.8426573426573427,0.1685012957833683,0.03484320557491289,214,-36.9942857142857,8.02252152986101,-10.196468531468534,0.2,1,0
17701.0,1,417.95,109,24,417.95,72,17.414583333333333,0.0,0.0,0.041666666666666664,24,0.0,3.227864978409193,0.0,0.0,1,0
17702.0,5,1631.87,1256,96,326.37399999999997,220,16.99864583333333,1.6495726495726495,0.10435719112160258,0.025423728813559324,97,-752.27,2.71005363009039,-420.21,0.4,1,0
17703.0,1,296.1,307,23,296.1,237,12.873913043478263,0.0,0.0,0.043478260869565216,23,0.0,1.065908100659425,0.0,0.0,1,1
17704.0,1,387.29,175,16,387.29,59,24.205625,0.0,0.0,0.0625,16,0.0,2.397236951158562,0.0,0.0,1,0
17705.0,5,617.68,567,37,123.53599999999999,396,16.694054054054053,8.75609756097561,0.27327168226399146,0.07142857142857142,39,13.352,2.2900133768102324,-2.1080000000000014,0.0,1,0
17706.0,26,10159.97,4321,311,390.7680769230769,509,32.668713826366556,1.0813186813186813,0.10788926035350078,0.015350877192982455,321,-271.5774285714286,3.585612918854429,-74.37775757575758,0.2692307692307692,1,0
17707.0,9,605.0500000000001,545,10,67.22777777777779,552,60.50500000000001,22.625,0.536805673599909,0.28,11,5.725000000000001,1.0285507603743564,5.135119047619049,0.1111111111111111,1,0
17708.0,4,884.1800000000001,387,57,221.04500000000002,243,15.511929824561404,3.263888888888889,0.16677376158575788,0.0410958904109589,57,-232.185,2.0103804625646853,-65.766,0.0,1,0
17709.0,4,533.56,278,31,133.39,422,17.211612903225806,4.09375,0.21278173767794178,0.06060606060606061,31,-241.87999999999997,7.119120301247646,-241.87999999999997,0.0,1,1
17710.0,1,293.5,158,20,293.5,243,14.675,0.0,0.0,0.05,20,0.0,4.080680122621461,0.0,0.0,1,1
17711.0,1,220.53000000000003,107,13,220.53000000000003,109,16.963846153846156,0.0,0.0,0.07692307692307693,13,0.0,2.061862488886425,0.0,0.0,1,1
17713.0,4,1198.09,989,55,299.5225,368,21.783454545454543,2.2133333333333334,0.1802833298368899,0.05263157894736842,55,-14.490000000000009,3.938191079982806,-8.471000000000004,0.0,1,1
17714.0,9,1376.58,590,69,152.95333333333332,333,19.950434782608696,2.2738095238095237,0.2096878826584937,0.07058823529411765,69,-321.51,3.8361839224462027,-107.81800000000001,0.4444444444444444,1,1
17715.0,2,489.59999999999997,576,1,244.79999999999998,412,489.59999999999997,392.0,392.0,1.0,1,163.2,0.0,163.2,0.0,1,0
17716.0,17,11617.15,6521,261,683.3617647058824,556,44.51015325670498,1.0936073059360731,0.11554984477076721,0.018223234624145785,273,-174.65821428571428,2.787846860693724,-52.63758741258741,0.11764705882352941,1,0
17717.0,1,376.92,344,26,376.92,240,14.496923076923078,0.0,0.0,0.038461538461538464,26,0.0,2.5730832746845835,0.0,0.0,1,1
17718.0,3,386.98,238,22,128.99333333333334,464,17.59,17.869565217391305,0.2156559019908973,0.08333333333333333,22,-108.28,3.081263033896647,-108.28,0.3333333333333333,1,0
17719.0,5,1971.46,1294,66,394.29200000000003,75,29.87060606060606,0.5887850467289719,0.12641962029077566,0.037037037037037035,66,811.8000000000001,3.003521970638239,-129.892,0.0,1,0
17720.0,10,1949.5,1210,69,194.95,398,28.253623188405797,3.4653465346534653,0.19476991909390934,0.0392156862745098,69,36.79999999999999,4.511324241114173,8.00452380952381,0.2,1,0
17721.0,1,307.21000000000004,107,11,307.21000000000004,478,27.928181818181823,0.0,0.0,0.09090909090909091,11,0.0,2.745655742176257,0.0,0.0,1,1
17722.0,6,3153.66,2217,145,525.61,195,21.74937931034483,1.1719745222929936,0.10146654187786042,0.0189873417721519,145,-809.51,2.9191072602160357,-227.67400000000004,0.3333333333333333,1,0
17723.0,4,1263.8000000000002,404,6,315.95000000000005,195,210.63333333333335,26.142857142857142,0.4306666263791227,0.375,6,1059.8000000000002,1.5535673234756933,156.50000000000003,0.0,1,0
17725.0,6,1216.63,665,53,202.77166666666668,86,22.955283018867927,1.0588235294117647,0.17181234972666198,0.057971014492753624,53,541.2099999999999,3.2427928941694235,-11.620000000000005,0.3333333333333333,1,0
17726.0,8,1089.56,442,52,136.195,501,20.95307692307692,4.4375,0.2134432565062526,0.06153846153846154,53,163.75,2.457718004259549,28.32857142857143,0.125,1,1
17728.0,3,1345.45,673,79,448.48333333333335,272,17.031012658227848,0.5925925925925926,0.10903217941786124,0.024390243902439025,79,-600.3499999999999,3.645233747315596,-600.3499999999999,0.3333333333333333,1,1
17729.0,1,438.65000000000003,247,23,438.65000000000003,415,19.071739130434786,0.0,0.0,0.043478260869565216,23,0.0,3.370143262926403,0.0,0.0,1,1
17730.0,14,4493.67,3145,122,320.9764285714286,409,36.83336065573771,2.0894736842105264,0.20802945238861514,0.031413612565445025,124,35.950000000000024,1.9607520925032103,12.07736363636364,0.14285714285714285,1,0
17731.0,4,1131.45,395,50,282.8625,488,22.629,7.698412698412699,0.13648563587743776,0.03125,51,193.68999999999994,4.6333179920095455,144.73499999999996,0.0,1,0
17732.0,10,2144.17,1052,90,214.417,307,23.82411111111111,0.9112903225806451,0.17965176277280578,0.04,92,304.77,4.159064507096945,-73.685,0.2,1,1
17733.0,1,216.95000000000002,87,12,216.95000000000002,81,18.07916666666667,0.0,0.0,0.08333333333333333,12,0.0,4.329855830758285,0.0,0.0,1,0
17734.0,4,854.67,385,49,213.6675,461,17.44224489795918,7.980392156862745,0.1840351062185516,0.038461538461538464,49,-42.997,3.6577015331050506,-42.997,0.0,1,0
17735.0,20,9719.12,6147,306,485.956,316,31.76183006535948,0.5555555555555556,0.11504033791407779,0.02033271719038817,308,598.6139999999999,8.008572577381422,41.06909090909092,0.15,1,0
17738.0,11,3061.93,2033,139,278.3572727272727,450,22.028273381294962,1.9827586206896552,0.14566468728614493,0.02857142857142857,141,2.1319999999999824,2.6966660374562115,37.15678571428571,0.09090909090909091,1,1
17739.0,16,5997.56,1877,47,374.8475,552,127.60765957446809,4.39344262295082,0.257232814267398,0.06504065040650407,56,-74.3025,2.163209251003676,-26.690000000000005,0.125,1,0
17740.0,6,426.9,222,5,71.14999999999999,516,85.38,38.25,0.8141660903981565,0.3333333333333333,5,-59.489999999999995,0.6105484783737033,-10.367999999999999,0.0,1,1
17741.0,2,101.1,114,6,50.55,380,16.849999999999998,30.6,0.44077179358479385,0.16666666666666666,6,18.299999999999997,0.5154286242213044,18.299999999999997,0.0,1,1
17742.0,10,2045.94,635,52,204.594,557,39.345,4.890243902439025,0.2867517926592721,0.04819277108433735,52,-17.841714285714286,8.129763890595965,-4.210666666666666,0.0,1,1
17743.0,2,208.85,83,3,104.425,267,69.61666666666666,1.5,0.375,0.4,3,0.0,0.8215838362577493,0.0,0.5,1,1
17744.0,5,1615.7,2100,63,323.14,200,25.646031746031746,1.6973684210526316,0.16719419121862344,0.03896103896103896,62,-211.85,0.7490564125802641,11.482,0.0,1,0
17745.0,2,600.34,164,27,300.17,375,22.234814814814815,2.888888888888889,0.18043030310658098,0.07142857142857142,27,-378.12,5.190772388519649,-378.12,0.0,1,1
17746.0,7,873.4300000000001,659,32,124.7757142857143,429,27.294687500000002,9.58974358974359,0.24034963465356815,0.075,32,-143.24,3.284554334987804,-21.851000000000013,0.42857142857142855,1,0
17748.0,1,358.15,111,17,358.15,346,21.06764705882353,0.0,0.0,0.058823529411764705,17,0.0,3.6058750059900206,0.0,0.0,1,1
17749.0,2,720.67,383,41,360.335,365,17.577317073170732,6.72093023255814,0.14911513324168615,0.045454545454545456,41,17.349999999999966,3.9397945544251702,17.349999999999966,0.0,1,0
17751.0,1,157.85999999999999,147,31,157.85999999999999,240,5.092258064516129,0.0,0.0,0.0625,31,0.0,2.542665903966455,0.0,0.0,1,1
17752.0,1,80.64,192,1,80.64,178,80.64,0.0,0.0,1.0,1,0.0,0.0,0.0,0.0,1,1
17753.0,5,379.56,122,63,75.912,521,6.024761904761905,3.4347826086956523,0.12373097041833592,0.04285714285714286,63,318.66,2.1410365371511406,53.99999999999999,0.2,1,1
17754.0,12,2982.67,2831,137,248.55583333333334,547,21.771313868613138,2.8181818181818183,0.16659063299877405,0.030120481927710843,139,-79.71571428571431,1.2026444878464704,-33.69642857142857,0.25,1,0
17756.0,3,728.75,399,54,242.91666666666666,213,13.49537037037037,0.20481927710843373,0.08852423407400169,0.047619047619047616,54,0.0,2.5420136121282972,0.0,0.0,1,1
17757.0,44,5846.64,2997,289,132.87818181818182,514,20.230588235294118,0.5943627450980392,0.14052440902719643,0.023255813953488372,320,117.47085714285713,2.4566798224420694,13.697585139318887,0.06818181818181818,1,0
17758.0,7,2607.71,1809,230,372.53000000000003,387,11.33786956521739,1.4150197628458498,0.09246990662384331,0.011811023622047244,234,308.46000000000004,2.1929721585928217,-43.76899999999997,0.0,1,0
17759.0,2,441.92,268,41,220.96,403,10.778536585365854,4.523809523809524,0.14921379260168385,0.046511627906976744,41,177.61999999999998,2.51266005974908,177.61999999999998,0.0,1,1
17760.0,6,624.09,456,44,104.015,469,14.183863636363638,5.392156862745098,0.17333004799612114,0.057692307692307696,44,162.81,3.0020488981239124,22.481,0.16666666666666666,1,1
17762.0,1,129.75,129,16,129.75,275,8.109375,0.0,0.0,0.11764705882352941,16,0.0,1.159483911564309,0.0,0.0,1,1
17763.0,5,51.15,27,11,10.23,478,4.6499999999999995,20.736842105263158,0.23430183854767125,0.2,11,-21.15,2.667149079171675,-28.075000000000003,0.2,1,0
17764.0,4,971.69,436,76,242.9225,555,12.785394736842106,5.574468085106383,0.17301917821831125,0.042105263157894736,77,11.491000000000005,2.533865642686046,11.491000000000005,0.0,1,0
17765.0,3,414.67,155,60,138.22333333333333,268,6.911166666666667,3.537313432835821,0.1419545712581701,0.029411764705882353,62,-9.659999999999997,5.254914374925276,-9.659999999999997,0.0,1,0
17766.0,2,299.61,155,21,149.805,200,14.267142857142858,0.0,0.0,0.09090909090909091,21,0.0,2.467745698237327,0.0,0.0,1,1
17767.0,1,141.85,70,18,141.85,229,7.8805555555555555,0.0,0.0,0.05555555555555555,18,0.0,0.9800793618659438,0.0,0.0,1,1
17768.0,5,1205.8799999999999,1216,69,241.176,557,17.476521739130433,4.154761904761905,0.12444055435663313,0.03529411764705882,69,126.77000000000001,2.5799408935100825,126.77000000000001,0.2,1,1
17769.0,11,3901.64,1805,243,354.69454545454545,509,16.056131687242797,1.0357142857142858,0.11154559386522443,0.017811704834605598,254,129.79,2.791938116531046,35.48133333333334,0.18181818181818182,1,1
17770.0,5,1143.27,365,33,228.654,101,34.64454545454545,2.2162162162162162,0.19220076285721113,0.07894736842105263,33,-586.27,3.8525519151453973,-586.27,0.0,1,0
17771.0,3,257.4,196,36,85.8,408,7.1499999999999995,7.361111111111111,0.2288276162819604,0.05405405405405406,36,49.9,3.313783209438897,49.9,0.0,1,1
17772.0,1,187.3,58,45,187.3,212,4.162222222222223,0.0,0.0,0.043478260869565216,45,0.0,2.445008718358739,0.0,0.0,1,1
17773.0,2,575.37,254,48,287.685,509,11.986875,3.240740740740741,0.1305987580327304,0.05454545454545454,48,-157.33,2.2699010939754567,-157.33,0.0,1,1
17774.0,8,2650.6,1286,240,331.325,488,11.044166666666666,1.3462783171521036,0.11968148708946784,0.012903225806451613,241,-158.088,3.081604767385647,-24.128214285714282,0.125,1,0
17775.0,1,56.4,72,3,56.4,74,18.8,0.0,0.0,0.3333333333333333,3,0.0,0.11547005383792512,0.0,0.0,1,0
17776.0,3,322.55,269,73,107.51666666666667,542,4.418493150684932,4.253164556962025,0.10993165630281519,0.0375,74,-79.45,2.6272109555692884,-79.45,0.3333333333333333,1,1
17778.0,1,197.70000000000002,214,10,197.70000000000002,481,19.770000000000003,0.0,0.0,0.1,10,0.0,1.4951774328003868,0.0,0.0,1,1
17780.0,3,346.56,156,76,115.52,504,4.56,0.21794871794871795,0.07451566960558681,0.02531645569620253,76,0.0,1.965274880367652,41.06,0.0,1,1
17781.0,1,102.0,8,2,102.0,72,51.0,0.0,0.0,0.5,2,0.0,0.0,0.0,0.0,1,0
17782.0,2,679.02,538,29,339.51,202,23.41448275862069,0.0,0.0,0.034482758620689655,29,0.0,0.9725899859592312,0.0,0.0,1,1
17783.0,2,205.9,137,54,102.95,332,3.812962962962963,4.981132075471698,0.13367433719064123,0.018518518518518517,54,18.92,1.998569928975789,18.92,0.0,1,0
17784.0,1,112.86,72,19,112.86,369,5.94,0.0,0.0,0.08695652173913043,19,0.0,2.541193193334541,0.0,0.0,1,1
17785.0,2,271.44,160,38,135.72,384,7.143157894736842,3.2432432432432434,0.15646768900627622,0.02631578947368421,38,40.94,2.653877232842276,40.94,0.0,1,1
17786.0,1,103.35,52,24,103.35,136,4.3062499999999995,0.0,0.0,0.08,24,0.0,2.3193373335215095,0.0,0.0,1,1
17787.0,3,1668.52,829,87,556.1733333333333,190,19.1783908045977,0.5803571428571429,0.10108453824045756,0.02654867256637168,87,195.96000000000004,2.1470871066670014,-143.14999999999998,0.0,1,1
17789.0,2,397.15,199,27,198.575,480,14.709259259259259,13.535714285714286,0.1863800452170709,0.06896551724137931,27,54.650000000000006,2.868252415876655,54.650000000000006,0.0,1,1
17790.0,15,1712.1200000000001,929,120,114.14133333333334,363,14.267666666666667,1.8626373626373627,0.1771767389599962,0.0546448087431694,121,10.229000000000003,2.459471881031685,2.2438095238095266,0.0,1,0
17792.0,2,368.35,149,45,184.175,297,8.185555555555556,0.21568627450980393,0.08490555738198455,0.038461538461538464,45,0.0,2.9632407303394515,0.0,0.0,1,1
17794.0,2,147.3,46,7,73.65,508,21.042857142857144,0.16666666666666666,0.11835034190722737,0.14285714285714285,7,0.0,2.1124348397952897,0.0,0.0,1,1
17795.0,1,155.69,155,15,155.69,84,10.379333333333333,0.0,0.0,0.125,15,0.0,0.8902274990135949,0.0,0.0,1,0
17796.0,6,1160.49,329,147,193.415,240,7.894489795918368,0.5353535353535354,0.10898293890688196,0.02512562814070352,147,-161.58999999999997,2.3170967794649475,78.40299999999999,0.0,1,1
17797.0,6,1463.85,837,172,243.975,543,8.510755813953487,2.6551724137931036,0.1259332579160669,0.024509803921568627,173,-0.5049999999999955,2.319845734965677,23.71971428571429,0.0,1,0
17798.0,1,172.17,136,42,172.17,401,4.099285714285714,0.0,0.0,0.045454545454545456,42,0.0,1.3073725526961855,0.0,0.0,1,1
17799.0,19,4469.84,2657,398,235.25473684210527,545,11.230753768844222,0.6994134897360704,0.10476206544666372,0.017569546120058566,416,-37.805,2.619666119755801,-17.05370629370629,0.15789473684210525,1,0
17800.0,3,354.85,222,18,118.28333333333335,153,19.71388888888889,4.64,0.27161813167060506,0.11538461538461539,18,-124.54999999999998,2.1858953455137007,-10.450000000000003,0.0,1,0
17801.0,4,767.48,817,67,191.87,511,11.454925373134328,2.962962962962963,0.14771903684436294,0.036585365853658534,67,-59.81,1.2623140401353836,-59.81,0.25,1,1
17802.0,13,3657.3,2006,248,281.33076923076925,545,14.74717741935484,0.85995085995086,0.08628487560995925,0.014705882352941176,255,358.35,1.8926593602757995,0.2965714285714203,0.38461538461538464,1,1
17803.0,1,184.66,98,27,184.66,211,6.839259259259259,0.0,0.0,0.037037037037037035,27,0.0,2.3968056258230885,0.0,0.0,1,1
17804.0,3,383.78000000000003,194,82,127.92666666666668,558,4.680243902439025,4.022222222222222,0.1431887468904061,0.03296703296703297,85,-2.9750000000000014,2.3978285557274073,-2.9750000000000014,0.0,1,1
17805.0,1,414.72,648,1,414.72,429,414.72,0.0,0.0,1.0,1,0.0,0.0,0.0,0.0,1,1
17807.0,3,437.87,262,88,145.95666666666668,523,4.975795454545454,3.5113636363636362,0.1428225529252544,0.02247191011235955,88,-26.715000000000003,2.480869938898106,-26.715000000000003,0.0,1,1
17808.0,4,262.64,143,29,65.66,400,9.05655172413793,0.9375,0.1839989150548649,0.06060606060606061,28,0.0,2.977007153318428,-7.840000000000003,0.0,1,1
17809.0,15,7320.43,1519,32,488.0286666666667,556,228.7634375,9.160714285714286,0.41411653213219546,0.12280701754385964,36,12.42464285714286,2.029783375480853,-18.88878787878788,0.06666666666666667,1,0
17810.0,2,343.21,117,50,171.605,503,6.864199999999999,0.2830188679245283,0.09247748190962227,0.05555555555555555,50,0.0,3.3908495325008885,-214.93,0.0,1,1
17811.0,31,5768.01,2963,434,186.06483870967742,265,13.290345622119816,0.34615384615384615,0.09306125313207012,0.015647226173541962,436,328.26900000000006,2.672782780868029,-102.27226190476189,0.16129032258064516,1,0
17812.0,4,405.48,242,79,101.37,349,5.132658227848101,1.9047619047619047,0.13972167099323296,0.023529411764705882,79,202.67999999999998,2.5387586459104132,27.821999999999992,0.0,1,1
17814.0,2,1609.37,1435,112,804.685,241,14.369375,0.33098591549295775,0.06694492600277631,0.02097902097902098,112,0.0,2.1968122639222796,8.129999999999995,0.0,1,1
17815.0,1,591.96,612,13,591.96,212,45.535384615384615,0.0,0.0,0.07692307692307693,13,0.0,0.3957790111173477,0.0,0.0,1,1
17816.0,4,80.86,72,36,20.215,543,2.246111111111111,11.947368421052632,0.23258474337214077,0.05128205128205128,36,-7.730000000000001,0.6873920477140094,-7.730000000000001,0.0,1,0
17817.0,6,663.47,310,97,110.57833333333333,241,6.839896907216495,1.2434782608695651,0.11324604566349099,0.02586206896551724,97,-124.07,17.98918581278476,2.039999999999992,0.16666666666666666,1,1
17818.0,1,124.78,86,42,124.78,557,2.970952380952381,0.0,0.0,0.023809523809523808,42,0.0,1.215190439757509,0.0,0.0,1,1
17819.0,12,5740.849999999999,1566,66,478.40416666666664,545,86.98257575757575,6.195402298850575,0.27595492863023535,0.09090909090909091,68,106.10249999999999,4.296293747947414,-12.133666666666661,0.08333333333333333,1,0
17820.0,3,156.56,106,44,52.18666666666667,193,3.558181818181818,4.022222222222222,0.1550891433231303,0.043478260869565216,44,-170.76,3.1815360432034865,-93.85499999999999,0.6666666666666666,1,0
17821.0,1,334.62,162,6,334.62,225,55.77,0.0,0.0,0.16666666666666666,6,0.0,1.3822505802735867,0.0,0.0,1,1
17822.0,5,2154.08,1372,151,430.816,380,14.265430463576159,0.8383233532934131,0.07084307805109391,0.023809523809523808,152,4.240000000000009,2.5822867359870902,4.240000000000009,0.0,1,1
17823.0,2,449.25,252,88,224.625,240,5.105113636363637,0.0,0.0,0.04,88,0.0,2.8118919095710475,0.0,0.0,1,1
17825.0,4,701.96,516,24,175.49,545,29.248333333333335,4.846153846153846,0.18848831302547694,0.07407407407407407,24,-172.95999999999998,1.5889699937461503,-172.95999999999998,0.0,1,1
17826.0,1,133.34,84,33,133.34,193,4.040606060606061,0.0,0.0,0.030303030303030304,33,0.0,1.6793211448605527,0.0,0.0,1,1
17827.0,6,1962.56,1298,191,327.0933333333333,441,10.275183246073299,1.7136363636363636,0.09505748142660037,0.013574660633484163,194,103.97200000000002,2.1703709189805314,103.97200000000002,0.16666666666666666,1,0
17828.0,1,673.16,374,43,673.16,4,15.654883720930231,0.0,0.0,0.023255813953488372,43,0.0,2.468839088556142,0.0,0.0,0,0
17829.0,6,4680.42,2937,121,780.07,474,38.681157024793386,2.0701754385964914,0.11879458604440753,0.01744186046511628,123,-287.68600000000004,2.0316357754894474,-287.68600000000004,0.16666666666666666,0,1
17830.0,2,287.65000000000003,65,15,143.82500000000002,108,19.17666666666667,1.8,0.22580811012000065,0.125,15,0.0,2.930456093625473,-89.35,0.0,1,0
17833.0,1,338.46000000000004,143,28,338.46000000000004,542,12.087857142857144,0.0,0.0,0.06451612903225806,28,0.0,2.550901042579319,0.0,0.0,1,1
17834.0,2,689.6700000000001,639,54,344.83500000000004,264,12.771666666666668,0.5263157894736842,0.10582195982900823,0.05172413793103448,54,-135.69,7.218287919584405,-135.69,0.0,1,1
17838.0,12,4522.09,2677,111,376.84083333333336,450,40.73954954954955,1.5633802816901408,0.1404137152265761,0.037383177570093455,112,3.3689999999999944,2.66322927218105,46.153928571428565,0.08333333333333333,1,1
17840.0,1,175.9,128,44,175.9,263,3.997727272727273,0.0,0.0,0.04,44,0.0,1.6098209432690813,0.0,0.0,1,1
17841.0,187,40023.32,19753,1791,214.02844919786097,556,22.346912339475153,0.06783216783216783,0.043093145388100634,0.00797091315899874,1892,201.98214285714278,3.554551715012336,-33.92956140350877,0.26737967914438504,1,0
17842.0,1,430.69,89,18,430.69,421,23.927222222222223,0.0,0.0,0.05555555555555555,18,0.0,2.5496569678281764,0.0,0.0,1,1
17843.0,2,312.65,226,57,156.325,231,5.485087719298245,1.8305084745762712,0.12154445994660318,0.03333333333333333,56,82.80999999999999,2.2948722254350993,82.80999999999999,0.0,1,1
17845.0,4,596.09,195,42,149.0225,395,14.192619047619049,0.45652173913043476,0.11144785484635349,0.0425531914893617,42,0.0,3.7100962583292167,-306.28999999999996,0.0,1,1
17847.0,2,125.74000000000001,28,8,62.870000000000005,464,15.717500000000001,18.428571428571427,0.3703683296469009,0.125,8,52.34,3.036943952632082,52.34,0.0,1,1
17848.0,26,3012.88,1217,91,115.88000000000001,552,33.10857142857143,3.437956204379562,0.29273500530239843,0.06521739130434782,91,-84.425,7.517386272954956,-15.413821428571428,0.038461538461538464,1,0
17849.0,8,1063.76,224,24,132.97,454,44.32333333333333,8.46938775510204,0.30413302294053174,0.12,26,21.054,11.113032533095216,-7.302499999999998,0.0,1,0
17850.0,159,50407.770000000004,20876,104,317.03000000000003,554,484.6900961538462,0.16396039603960397,0.04487168276548198,0.04513064133016627,107,-1271.179142857143,2.7544742204232118,-188.01101398601395,0.025157232704402517,1,1
17851.0,6,1552.35,933,185,258.72499999999997,555,8.391081081081081,1.3463203463203464,0.0961676982690593,0.017241379310344827,185,-315.08500000000004,2.461422565292697,-315.08500000000004,0.0,1,1
17852.0,3,543.47,319,62,181.15666666666667,550,8.765645161290323,4.120481927710843,0.10878114759963559,0.047619047619047616,62,-217.25,1.3735642167321813,-217.25,0.0,1,1
17853.0,3,1596.29,625,84,532.0966666666667,555,19.003452380952382,3.1538461538461537,0.1158679999344402,0.0380952380952381,84,-24.834999999999976,3.1033849326651444,-24.834999999999976,0.0,1,1
17854.0,6,1068.5,607,113,178.08333333333334,551,9.455752212389381,4.64957264957265,0.15021850042206705,0.01694915254237288,113,87.66,2.7451609842583773,10.564,0.0,1,0
17855.0,1,208.97,197,17,208.97,192,12.292352941176471,0.0,0.0,0.058823529411764705,17,0.0,2.3157289857179135,0.0,0.0,1,1
17856.0,5,1118.39,561,6,223.67800000000003,101,186.39833333333334,4.7,0.4079736930933287,0.2727272727272727,6,-1017.47,3.266824145863992,-1017.47,0.4,1,0
17857.0,11,9179.34,5716,12,834.4854545454546,461,764.945,21.45,0.34296480545770414,0.23809523809523808,12,1772.154,1.1219825140815527,368.33314285714283,0.09090909090909091,1,0
17858.0,25,9922.79,4827,106,396.9116,552,93.61122641509435,2.1141552511415527,0.22893942057709027,0.045454545454545456,107,120.80999999999999,7.354479219007584,-39.41521978021979,0.04,1,0
17859.0,1,141.92000000000002,102,23,141.92000000000002,124,6.170434782608696,0.0,0.0,0.043478260869565216,23,0.0,1.535044771527165,0.0,0.0,1,1
17860.0,4,717.39,696,127,179.3475,547,5.648740157480315,2.2236024844720497,0.08897842306972482,0.024691358024691357,128,223.51,1.6227196406905298,-10.24499999999999,0.0,1,1
17861.0,15,3426.89,2909,226,228.45933333333332,549,15.163230088495574,1.2265625,0.1336128447448192,0.01818181818181818,238,-9.903142857142852,2.5846917512275303,-24.245333333333335,0.2,1,0
17862.0,4,1254.89,440,90,313.7225,382,13.943222222222223,2.438775510204082,0.12687020787698186,0.030303030303030304,90,90.03499999999997,3.3166147213156214,90.03499999999997,0.0,1,1
17863.0,9,3572.38,3156,100,396.93111111111114,472,35.723800000000004,2.2906976744186047,0.18445042478189203,0.04046242774566474,103,138.798,1.9416420111395314,18.20133333333333,0.0,1,0
17864.0,3,522.57,656,57,174.19000000000003,247,9.167894736842106,2.0972222222222223,0.14265655857649742,0.0547945205479452,57,-120.87000000000003,1.2957999562572247,-3.079999999999998,0.0,1,1
17865.0,45,19462.44,9456,326,432.4986666666666,558,59.70073619631901,0.6305125148986889,0.1236769272073452,0.02142857142857143,344,-141.69464285714287,2.964247932364836,-38.1506862745098,0.26666666666666666,1,0
17866.0,2,805.3000000000001,361,15,402.65000000000003,544,53.686666666666675,15.0,0.2459016393442623,0.11764705882352941,15,506.30000000000007,2.9413819781144492,506.30000000000007,0.0,1,1
17867.0,14,843.0000000000001,389,63,60.21428571428572,556,13.380952380952383,6.235294117647059,0.26696489616618574,0.03488372093023256,63,67.64857142857143,7.248588546035203,39.88571428571429,0.2857142857142857,1,0
17868.0,1,227.15,85,18,227.15,205,12.619444444444445,0.0,0.0,0.05555555555555555,18,0.0,2.803988755536739,0.0,0.0,1,1
17869.0,5,696.42,469,65,139.284,366,10.714153846153845,4.925373134328358,0.21966321085638704,0.029411764705882353,65,-19.160000000000004,6.7735109680331185,-43.846000000000004,0.0,1,0
17870.0,2,1213.8,476,2,606.9,201,606.9,7.0,0.6422315933637285,0.6666666666666666,2,0.0,0.0,-560.9999999999999,0.0,1,1
17871.0,5,1068.95,665,64,213.79000000000002,512,16.70234375,5.939024390243903,0.18902880239942302,0.04819277108433735,67,-12.728999999999996,3.216236354130449,-37.515,0.0,1,0
17872.0,1,235.87,176,15,235.87,201,15.724666666666668,0.0,0.0,0.06666666666666667,15,0.0,2.098201497428101,0.0,0.0,1,1
17873.0,19,5577.59,3486,63,293.5573684210526,542,88.5331746031746,3.1785714285714284,0.2319917037803785,0.05917159763313609,66,6.605000000000009,1.6670243663771807,-14.744175824175823,0.10526315789473684,1,0
17874.0,7,658.26,209,37,94.03714285714285,75,17.79081081081081,1.5,0.18345594199614837,0.06382978723404255,38,527.94,3.307268814600032,28.800000000000004,0.14285714285714285,1,0
17875.0,1,167.1,98,25,167.1,507,6.684,0.0,0.0,0.07692307692307693,25,0.0,2.158605247696905,0.0,0.0,1,1
17876.0,3,3424.02,1958,3,1141.34,494,1141.34,91.66666666666667,0.8820967477767672,0.5,3,513.8,0.6119027700541972,513.8,0.0,1,1
17878.0,2,999.48,613,56,499.74,214,17.847857142857144,0.0,0.0,0.017857142857142856,56,0.0,1.8486238388062068,0.0,0.0,1,1
17880.0,3,824.9200000000001,466,43,274.97333333333336,549,19.18418604651163,8.272727272727273,0.1872611263020516,0.044444444444444446,43,143.66000000000003,1.9827852565866466,143.66000000000003,0.0,1,1
17881.0,1,133.35000000000002,32,8,133.35000000000002,123,16.668750000000003,0.0,0.0,0.125,8,0.0,1.5217324478557797,0.0,0.0,1,1
17882.0,2,291.56,130,47,145.78,198,6.203404255319149,0.0,0.0,0.03773584905660377,47,0.0,2.322631993215264,0.0,0.0,1,1
17883.0,5,427.53,148,46,85.506,471,9.294130434782607,8.1,0.17976992574086254,0.058823529411764705,47,-16.614999999999995,3.508808054138088,-16.614999999999995,0.2,1,0
17884.0,22,2544.94,2460,286,115.67909090909092,554,8.89839160839161,1.0668380462724936,0.13063279555433363,0.017948717948717947,292,-20.62514285714286,1.808636569588888,-20.760000000000005,0.13636363636363635,1,1
17886.0,6,1071.03,459,92,178.505,545,11.64163043478261,4.697247706422019,0.18042065736330626,0.045454545454545456,92,157.785,4.564825614859607,37.00942857142857,0.16666666666666666,1,0
17888.0,23,965.3100000000001,610,107,41.970000000000006,537,9.02158878504673,3.4444444444444446,0.25200198265921736,0.027586206896551724,108,-15.587499999999997,2.2213860335298974,-3.0263186813186818,0.13043478260869565,1,0
17889.0,7,746.42,403,97,106.63142857142857,438,7.695051546391753,3.5130434782608697,0.14037945384384476,0.02586206896551724,97,-17.252000000000002,2.434603876297489,-17.252000000000002,0.0,1,0
17890.0,2,586.89,402,88,293.445,180,6.669204545454545,0.4222222222222222,0.08435078634375037,0.02197802197802198,88,-339.13,2.3396033705788533,-339.13,0.0,1,1
17893.0,1,107.21,149,15,107.21,44,7.147333333333333,0.0,0.0,0.06666666666666667,15,0.0,2.6578983820913487,0.0,0.0,1,0
17894.0,18,1996.48,808,186,110.91555555555556,288,10.733763440860216,0.49025069637883006,0.10970468253134186,0.041666666666666664,188,109.82999999999998,2.3918905975419777,-7.2097142857142895,0.1111111111111111,1,1
17897.0,9,1896.4,779,174,210.7111111111111,395,10.898850574712645,0.9406392694063926,0.09568306313167778,0.04090909090909091,177,-99.74499999999995,3.564060700061594,-18.53999999999999,0.1111111111111111,1,1
17898.0,3,246.96,185,41,82.32000000000001,386,6.0234146341463415,8.75609756097561,0.20459892960393827,0.047619047619047616,41,-7.519999999999995,3.093150764066482,-7.519999999999995,0.0,1,0
17900.0,2,97.19999999999999,72,3,48.599999999999994,9,32.4,0.0,0.0,0.4,3,0.0,0.1095445115010332,0.0,0.0,1,0
17901.0,2,149.7,14,3,74.85,341,49.9,0.0,0.0,0.3333333333333333,3,0.0,9.353074360871938,0.0,0.0,1,1
17902.0,1,216.39999999999998,526,24,216.39999999999998,366,9.016666666666666,0.0,0.0,0.041666666666666664,24,0.0,1.3148207570571762,0.0,0.0,1,1
17903.0,1,381.09000000000003,142,44,381.09000000000003,213,8.661136363636365,0.0,0.0,0.044444444444444446,44,0.0,2.265950020399721,0.0,0.0,1,1
17905.0,12,1752.98,1037,122,146.08166666666668,499,14.368688524590164,2.323741007194245,0.1852564417795938,0.02857142857142857,124,-174.582,10.761465484930499,3.123928571428567,0.08333333333333333,1,1
17906.0,1,72.9,26,12,72.9,66,6.075,0.0,0.0,0.08333333333333333,12,0.0,4.336761464503207,0.0,0.0,1,0
17907.0,1,291.76,1046,13,291.76,460,22.443076923076923,0.0,0.0,0.07692307692307693,13,0.0,2.3745895731737816,0.0,0.0,1,1
17908.0,7,1088.82,643,178,155.54571428571427,545,6.116966292134831,1.661904761904762,0.1258319189665265,0.018957345971563982,179,37.89800000000001,3.8695414999123763,-12.288999999999996,0.2857142857142857,1,1
17909.0,1,110.05,35,8,110.05,556,13.75625,0.0,0.0,0.125,8,0.0,4.623677417072135,0.0,0.0,1,1
17910.0,1,261.7,121,25,261.7,545,10.468,0.0,0.0,0.07692307692307693,25,0.0,1.7733768309683606,0.0,0.0,1,1
17912.0,7,356.2,208,47,50.885714285714286,194,7.578723404255319,1.26,0.15923369012128785,0.0392156862745098,47,-313.0,3.330268010176935,-19.970000000000002,0.14285714285714285,1,1
17913.0,13,3234.4900000000002,1527,212,248.80692307692308,555,15.257028301886793,0.8604118993135011,0.12228850692905842,0.02054794520547945,220,62.016999999999996,2.0191503631688703,-25.648909090909086,0.0,1,1
17915.0,1,225.78,184,27,225.78,370,8.362222222222222,0.0,0.0,0.06896551724137931,27,0.0,2.5177187852842895,0.0,0.0,1,1
17916.0,2,43.87,90,15,21.935,552,2.9246666666666665,5.777777777777778,0.2264637570325893,0.10526315789473684,15,-7.050000000000001,0.777670084440644,-7.050000000000001,0.0,1,1
17917.0,2,226.71,130,57,113.355,182,3.9773684210526317,1.6825396825396826,0.11721139708021353,0.03125,57,12.39,1.3307742927536466,12.39,0.0,1,0
17918.0,3,388.44,351,33,129.48,324,11.770909090909091,0.10526315789473684,0.06383896645035451,0.05128205128205128,33,0.0,1.3893554268164399,0.0,0.0,1,1
17919.0,1,536.28,696,17,536.28,258,31.545882352941174,0.0,0.0,0.058823529411764705,17,0.0,0.744126511223651,0.0,0.0,1,1
17920.0,44,20956.47,10803,477,476.2834090909091,553,43.93389937106919,0.4669683257918552,0.08862676775409276,0.013562386980108499,490,-867.6335714285713,2.4094101196372346,-225.81887912087907,0.045454545454545456,1,0
17921.0,9,1812.05,690,172,201.33888888888887,331,10.535174418604651,0.9198473282442748,0.0972514429709356,0.026615969581749048,173,-389.40500000000003,3.373621727837084,-39.534,0.2222222222222222,1,0
17922.0,1,170.4,49,8,170.4,362,21.3,0.0,0.0,0.125,8,0.0,2.533058216577627,0.0,0.0,1,1
17923.0,3,497.0,140,2,165.66666666666666,363,248.5,130.5,0.800969988076408,0.6666666666666666,2,-81.99999999999997,0.8326663997864534,-81.99999999999997,0.0,1,1
17924.0,6,751.7,147,3,125.28333333333335,234,250.5666666666667,14.125,0.6501524354984881,0.5555555555555556,3,-333.20000000000005,1.5251593723644459,-42.97500000000001,0.5,1,1
17925.0,1,244.08,72,1,244.08,192,244.08,0.0,0.0,1.0,1,0.0,0.0,0.0,0.0,1,1
17926.0,4,849.9300000000001,400,21,212.48250000000002,398,40.472857142857144,11.333333333333334,0.24281600189290717,0.11764705882352941,22,16.715000000000003,2.320442766926412,16.715000000000003,0.0,1,0
17927.0,1,294.0,108,10,294.0,541,29.4,0.0,0.0,0.1,10,0.0,1.3577043533520512,0.0,0.0,1,1
17928.0,2,206.96,128,21,103.48,390,9.855238095238096,16.25,0.22057163971726276,0.047619047619047616,21,-50.44,4.061971958356703,-50.44,0.0,1,0
17929.0,10,2674.1,386,5,267.40999999999997,550,534.8199999999999,39.416666666666664,0.864281666681341,0.38461538461538464,5,65.08999999999999,1.982261076235664,-17.108333333333338,0.0,1,0
17930.0,11,2893.04,2348,25,263.00363636363636,465,115.7216,7.2727272727272725,0.3130771856004367,0.125,25,-8.281999999999982,1.4080148593519335,-2.724761904761895,0.18181818181818182,1,0
17931.0,17,3159.75,1717,266,185.86764705882354,480,11.878759398496241,1.1730205278592376,0.11139520895442641,0.011695906432748537,268,-137.054,2.6240591018206665,-21.616333333333333,0.23529411764705882,1,0
17932.0,1,589.01,391,42,589.01,30,14.024047619047618,0.0,0.0,0.023809523809523808,42,0.0,3.0045851140077686,0.0,0.0,1,0
17933.0,1,105.99,57,11,105.99,451,9.635454545454545,0.0,0.0,0.23076923076923078,11,0.0,1.7506028265743936,0.0,0.0,1,1
17934.0,1,344.90000000000003,150,20,344.90000000000003,226,17.245,0.0,0.0,0.05,20,0.0,1.5096270016830402,0.0,0.0,1,1
17935.0,6,509.75,150,33,84.95833333333333,554,15.446969696969697,9.25,0.23654929975024144,0.05405405405405406,33,89.125,2.5333022164992713,10.245,0.16666666666666666,1,1
17937.0,4,3327.48,1248,19,831.87,181,175.13052631578947,3.7142857142857144,0.25101454691381025,0.06896551724137931,19,-980.2800000000002,2.881487240855288,-760.1400000000001,0.0,1,0
17938.0,1,144.29,53,29,144.29,239,4.97551724137931,0.0,0.0,0.034482758620689655,29,0.0,2.1184834012052742,0.0,0.0,1,1
17940.0,9,27745.08,82736,9,3082.786666666667,556,3082.786666666667,20.6,0.47756274047931835,0.19230769230769232,10,-1573.0845714285713,0.3261542815671985,-1302.4719047619049,0.0,1,0
17941.0,3,1128.72,856,3,376.24,521,376.24,27.75,0.8013490511550259,0.4,3,-516.72,0.818400879764923,-54.359999999999985,0.0,1,1
17944.0,1,74.99,84,24,74.99,242,3.1245833333333333,0.0,0.0,0.08,24,0.0,1.7157931110713789,0.0,0.0,1,1
17945.0,3,359.5,243,65,119.83333333333333,516,5.530769230769231,0.0,0.0,0.04225352112676056,65,0.0,2.5114941243049946,0.0,0.0,1,1
17946.0,2,149.57999999999998,75,18,74.78999999999999,78,8.309999999999999,1.368421052631579,0.196476462856164,0.1,18,114.48,5.5476002161200055,114.48,0.0,1,0
17949.0,94,55885.32,30126,37,594.5246808510639,557,1510.414054054054,4.7,0.4778129061404286,0.2072072072072072,39,-128.52857142857135,3.5700236637687652,-107.10463157894736,0.07446808510638298,1,0
17950.0,7,937.18,455,110,133.88285714285715,523,8.51981818181818,2.5338345864661656,0.14936750522796247,0.03731343283582089,110,87.75999999999999,2.674771933911399,22.330000000000005,0.14285714285714285,1,1
17951.0,4,723.84,378,15,180.96,223,48.256,2.8823529411764706,0.32368661725703357,0.1111111111111111,15,0.0,2.9349977452641904,59.75999999999999,0.25,1,1
17952.0,4,788.46,477,85,197.115,361,9.276,1.6804123711340206,0.09574921525171926,0.030612244897959183,85,68.24000000000001,2.7210436528855797,68.24000000000001,0.0,1,1
17953.0,1,148.67000000000002,73,19,148.67000000000002,359,7.824736842105264,0.0,0.0,0.05263157894736842,19,0.0,2.503793379364541,0.0,0.0,1,1
17954.0,22,2899.5,2463,388,131.79545454545453,549,7.472938144329897,0.9658886894075404,0.1005055361582864,0.008960573476702509,400,39.61885714285713,1.9135226927932423,-7.253454545454547,0.3181818181818182,1,0
17955.0,6,949.9,681,16,158.31666666666666,484,59.36875,22.142857142857142,0.2308177012469763,0.09090909090909091,16,164.69999999999993,3.499985559648628,164.69999999999993,0.0,1,0
17956.0,1,12.75,1,1,12.75,68,12.75,0.0,0.0,1.0,1,0.0,0.0,0.0,0.0,1,0
17958.0,1,465.42,200,29,465.42,547,16.04896551724138,0.0,0.0,0.034482758620689655,29,0.0,3.4735263381288575,0.0,0.0,1,1
17959.0,1,140.75,49,2,140.75,411,70.375,0.0,0.0,0.5,2,0.0,26.763991667910826,0.0,0.0,1,1
17960.0,2,61.300000000000004,19,11,30.650000000000002,461,5.572727272727273,11.8,0.30797437214449125,0.09090909090909091,11,39.5,2.1634253143820548,39.5,0.0,1,1
17961.0,84,2454.6,1242,437,29.22142857142857,557,5.6169336384439355,0.9402173913043478,0.21932080680657634,0.0108499095840868,449,-49.30000000000001,5.794528944371661,-9.48298245614035,0.023809523809523808,1,0
17962.0,4,549.1,503,125,137.275,514,4.3928,0.9798657718120806,0.07560234146446765,0.02666666666666667,125,-183.36,2.082617589086236,-183.36,0.25,1,1
17963.0,4,643.16,341,98,160.79,508,6.562857142857142,2.0,0.129018175835867,0.01834862385321101,98,80.52499999999999,3.724414215286323,6.323999999999998,0.0,1,1
17964.0,1,261.76,195,35,261.76,191,7.478857142857143,0.0,0.0,0.02857142857142857,35,0.0,3.3266760355312854,0.0,0.0,1,1
17965.0,25,5604.29,3508,478,224.1716,544,11.724456066945606,0.711864406779661,0.12934476656774535,0.012307692307692308,481,-46.5375,2.763637425839456,-8.00617857142857,0.16,1,0
17966.0,7,1148.99,2022,39,164.14142857142858,509,29.46128205128205,9.0,0.19212866917905638,0.07017543859649122,41,-165.777,1.2198104232509572,-63.63100000000001,0.0,1,0
17967.0,2,223.42,111,59,111.71,235,3.786779661016949,0.7333333333333333,0.10977426720429209,0.03278688524590164,59,0.0,2.1627216712564756,1.1200000000000045,0.0,1,1
17968.0,4,590.4399999999999,352,106,147.60999999999999,331,5.570188679245282,1.0866141732283465,0.09066560788161462,0.0234375,109,333.36,1.1520941220845335,68.28000000000002,0.0,1,1
17969.0,26,2132.54,962,108,82.02076923076923,552,19.74574074074074,1.7203791469194314,0.1502515215404928,0.04245283018867924,110,-112.27100000000002,4.0549844038669285,-27.839999999999996,0.2692307692307692,1,1
17970.0,1,562.79,513,27,562.79,30,20.844074074074072,0.0,0.0,0.06896551724137931,27,0.0,3.2470363144852885,0.0,0.0,1,0
17971.0,1,161.94,62,21,161.94,367,7.711428571428572,0.0,0.0,0.047619047619047616,20,0.0,2.162638379827927,0.0,0.0,1,1
17972.0,1,135.19,36,30,135.19,61,4.506333333333333,0.0,0.0,0.03333333333333333,30,0.0,3.5565269284940677,0.0,0.0,1,0
17974.0,4,1199.17,774,177,299.7925,226,6.77497175141243,0.8691588785046729,0.07204748763284521,0.018604651162790697,177,-871.03,2.092322406725116,-21.590000000000003,0.0,1,0
17975.0,20,4888.79,1489,153,244.4395,310,31.952875816993465,0.9113924050632911,0.15398076828915414,0.04100946372239748,153,-28.472999999999992,2.7001550817609052,-10.765393939393936,0.1,1,0
17976.0,1,321.79,93,56,321.79,191,5.746250000000001,0.0,0.0,0.03508771929824561,56,0.0,2.3576154402085536,0.0,0.0,1,1
17977.0,2,1165.41,1576,83,582.705,219,14.041084337349398,0.16666666666666666,0.06594065395649333,0.023529411764705882,83,0.0,2.2843585913051103,0.0,0.5,1,1
17978.0,4,1159.99,1297,62,289.9975,550,18.70951612903226,5.53030303030303,0.15526509502816918,0.04477611940298507,63,374.41999999999996,4.034671642161642,93.95299999999999,0.0,1,1
17979.0,3,211.77,77,53,70.59,79,3.9956603773584907,0.0,0.0,0.03508771929824561,53,0.0,2.9679973607355743,0.0,0.3333333333333333,1,0
17980.0,3,764.02,545,40,254.67333333333332,212,19.1005,3.357142857142857,0.15263988742429302,0.07017543859649122,40,-228.92000000000002,2.4272907687770897,33.14,0.0,1,0
17981.0,1,239.12,260,17,239.12,230,14.065882352941177,0.0,0.0,0.058823529411764705,17,0.0,1.9663107437982608,0.0,0.0,1,1
17982.0,1,138.18,117,13,138.18,500,10.62923076923077,0.0,0.0,0.07692307692307693,13,0.0,1.3426996342042803,0.0,0.0,1,1
17983.0,1,171.71,108,23,171.71,214,7.4656521739130435,0.0,0.0,0.08333333333333333,23,0.0,2.0584648494040123,0.0,0.0,1,1
17984.0,4,996.01,840,164,249.0025,558,6.073231707317073,1.7916666666666667,0.09014742218519575,0.015544041450777202,167,174.52499999999998,2.3365467921984755,174.52499999999998,0.0,1,1
17987.0,6,889.92,845,139,148.32,370,6.402302158273381,2.1927710843373496,0.11095012961256302,0.017964071856287425,140,12.295000000000002,1.8312077973211878,12.295000000000002,0.16666666666666666,1,0
17988.0,7,349.56,150,91,49.93714285714286,551,3.8413186813186813,4.231578947368421,0.1563973580088162,0.020833333333333332,91,-62.664999999999985,4.3694606385605335,-43.693999999999996,0.0,1,1
17989.0,1,207.32999999999998,300,26,207.32999999999998,198,7.974230769230768,0.0,0.0,0.06896551724137931,26,0.0,1.459824707744016,0.0,0.0,1,1
17990.0,7,1522.5700000000002,765,40,217.51000000000002,551,38.06425,8.631578947368421,0.24615293641841055,0.06896551724137931,40,43.839,1.6504849880276946,17.59685714285714,0.14285714285714285,1,0
17991.0,3,298.65,92,36,99.55,411,8.295833333333333,10.13888888888889,0.16397124887690925,0.05405405405405406,36,-111.95000000000002,3.935114824078032,-111.95000000000002,0.0,1,0
17992.0,1,252.88,130,49,252.88,208,5.160816326530612,0.0,0.0,0.038461538461538464,49,0.0,2.004019941917198,0.0,0.0,1,1
17993.0,1,225.99,108,60,225.99,436,3.7665,0.0,0.0,0.016666666666666666,60,0.0,1.8709272830083707,0.0,0.0,1,1
17994.0,12,2117.87,2046,225,176.48916666666665,440,9.412755555555554,1.4186046511627908,0.1283872442968113,0.019867549668874173,236,-60.01742857142859,3.0317255139026273,-34.35233333333334,0.16666666666666666,1,0
17995.0,3,495.48,263,28,165.16,206,17.695714285714285,3.7142857142857144,0.1867851204231228,0.06896551724137931,28,-343.28,2.7590557569485146,-343.28,0.0,1,1
17996.0,3,469.73,527,62,156.57666666666668,366,7.576290322580645,2.5538461538461537,0.11828966375687418,0.030303030303030304,62,-56.06999999999999,3.5058258705995415,-56.06999999999999,0.0,1,1
17998.0,4,601.74,531,57,150.435,557,10.556842105263158,6.155172413793103,0.1285638197481673,0.03389830508474576,57,-36.639999999999986,6.4410497799411335,-36.639999999999986,0.25,1,1
17999.0,2,338.41,161,77,169.205,197,4.394935064935066,0.15,0.06405764746872633,0.024691358024691357,77,0.0,2.864334344061094,42.27000000000001,0.0,1,1
18000.0,1,124.25,109,6,124.25,383,20.708333333333332,0.0,0.0,0.16666666666666666,6,0.0,2.941036665304713,0.0,0.0,1,1
18001.0,4,509.01,512,69,127.2525,556,7.37695652173913,3.864864864864865,0.15091553943567643,0.04,69,27.355000000000004,1.9360903020411155,27.355000000000004,0.0,1,1
18002.0,4,237.62,70,51,59.405,551,4.65921568627451,6.9411764705882355,0.23439173773765387,0.038461538461538464,52,14.973999999999998,4.854504462317512,14.973999999999998,0.0,1,1
18003.0,1,353.51,297,23,353.51,195,15.37,0.0,0.0,0.043478260869565216,23,0.0,1.287831004306145,0.0,0.0,1,1
18004.0,1,157.92,75,32,157.92,181,4.935,0.0,0.0,0.08108108108108109,32,0.0,2.6543001260519055,0.0,0.0,1,1
18006.0,3,524.83,175,36,174.94333333333336,542,14.578611111111112,8.5,0.20577866239243311,0.07317073170731707,36,71.57499999999999,2.79273735808069,71.57499999999999,0.0,1,1
18007.0,1,215.22,246,46,215.22,212,4.678695652173913,0.0,0.0,0.04,46,0.0,2.590662109049597,0.0,0.0,1,1
18008.0,21,19708.3,7761,75,938.4904761904761,522,262.77733333333333,5.258064516129032,0.3277706758764054,0.06382978723404255,75,-1071.8497142857143,3.969744637773684,-13.597202797202817,0.0,1,0
18009.0,14,2065.48,635,146,147.53428571428572,472,14.147123287671233,2.2216216216216216,0.12809574450480174,0.03225806451612903,149,-214.31200000000004,3.33012418595284,-53.54892857142856,0.42857142857142855,1,0
18010.0,1,174.8,60,14,174.8,76,12.485714285714286,0.0,0.0,0.07142857142857142,14,0.0,5.433883317857305,0.0,0.0,1,0
18011.0,2,410.79,125,63,205.395,386,6.520476190476191,3.129032258064516,0.12204654228400408,0.015873015873015872,63,-205.21,2.975830287267322,-205.21,0.0,1,1
18012.0,1,115.3,63,13,115.3,542,8.86923076923077,0.0,0.0,0.07692307692307693,13,0.0,8.749368035786414,0.0,0.0,1,1
18016.0,5,959.76,385,79,191.952,500,12.14886075949367,4.776699029126213,0.15445070624669266,0.04807692307692308,83,-38.17200000000001,2.463123527394107,-18.788000000000007,0.0,1,0
18017.0,2,330.0,200,1,165.0,250,330.0,120.0,120.0,1.0,1,0.0,0.0,0.0,0.0,1,1
18018.0,4,72.0,14,16,18.0,240,4.5,11.0,0.24176688312498232,0.19047619047619047,16,2.9000000000000057,6.222959562321268,18.725,0.25,1,0
18020.0,2,129.28,43,12,64.64,363,10.773333333333333,0.0,0.0,0.14285714285714285,12,0.0,4.031298157562255,0.0,0.5,1,1
18021.0,2,216.41,168,32,108.205,331,6.7628125,0.06451612903225806,0.04746588118121853,0.03125,32,0.0,2.873441074543024,0.0,0.0,1,1
18022.0,4,893.9,605,202,223.475,365,4.425247524752475,0.6138996138996139,0.06600777800120816,0.015384615384615385,208,548.88,1.9322320588210227,123.38,0.0,1,1
18025.0,6,1177.72,1053,83,196.28666666666666,438,14.189397590361446,2.135135135135135,0.12767309005114608,0.03571428571428571,85,213.21499999999997,1.9641974333736305,34.936,0.0,1,1
18026.0,2,2074.07,530,12,1037.035,324,172.83916666666667,0.25,0.125,0.11764705882352941,12,0.0,3.1728840795643545,0.0,0.0,1,1
18028.0,1,192.05,133,4,192.05,402,48.0125,0.0,0.0,0.25,4,0.0,1.4071247279470287,0.0,0.0,1,1
18029.0,1,433.77,253,18,433.77,461,24.098333333333333,0.0,0.0,0.05555555555555555,18,0.0,1.5106091053879707,0.0,0.0,1,1
18031.0,1,451.3,298,49,451.3,198,9.210204081632654,0.0,0.0,0.047619047619047616,49,0.0,1.7797589543204642,0.0,0.0,1,1
18032.0,1,73.5,42,5,73.5,153,14.7,0.0,0.0,0.2,5,0.0,0.4132190702278878,0.0,0.0,1,1
18034.0,1,334.67,391,96,334.67,195,3.4861458333333335,0.0,0.0,0.019417475728155338,96,0.0,1.159924859878211,0.0,0.0,1,1
18035.0,2,546.34,550,8,273.17,204,68.2925,0.0,0.0,0.125,8,0.0,0.45451504768426376,0.0,0.0,1,1
18036.0,9,1252.32,591,199,139.14666666666665,541,6.293065326633165,1.7518518518518518,0.11603037092112098,0.01845018450184502,200,22.370857142857133,2.645718853547341,12.641785714285712,0.0,1,0
18037.0,14,158.22,35,30,11.301428571428572,557,5.274,16.9,0.538313216878511,0.06451612903225806,30,-2.8514285714285714,5.027481038392671,-1.5553333333333337,0.0,1,0
18038.0,1,141.48,80,25,141.48,375,5.659199999999999,0.0,0.0,0.07407407407407407,25,0.0,3.9751877878558077,0.0,0.0,1,1
18039.0,4,548.22,555,137,137.055,460,4.001605839416059,1.6878980891719746,0.1090605444443046,0.03164556962025317,137,24.870000000000005,1.9081022510852583,14.738000000000003,0.0,1,1
18040.0,1,239.0,96,12,239.0,65,19.916666666666668,0.0,0.0,0.08333333333333333,12,0.0,1.5267364679027757,0.0,0.0,1,0
18041.0,33,6495.28,5805,347,196.82666666666665,514,18.718386167146974,0.797752808988764,0.14187732195383201,0.020833333333333332,363,-103.49314285714287,2.182793814786665,-19.852882352941172,0.06060606060606061,1,0
18042.0,1,116.1,36,9,116.1,361,12.899999999999999,0.0,0.0,0.1111111111111111,9,0.0,2.829752639366204,0.0,0.0,1,1
18043.0,2,421.59,229,87,210.795,186,4.845862068965517,1.7391304347826086,0.09836069076095957,0.021505376344086023,87,-154.23000000000002,2.6755087512609395,-154.23000000000002,0.0,1,0
18044.0,14,2300.22,1074,103,164.30142857142854,379,22.332233009708737,2.6222222222222222,0.20497470861708797,0.03676470588235294,104,-23.243999999999996,4.1027455815818685,-5.032833333333335,0.0,1,0
18046.0,1,189.63,44,26,189.63,469,7.293461538461538,0.0,0.0,0.038461538461538464,26,0.0,7.64351543164833,0.0,0.0,1,1
18047.0,2,326.09,130,74,163.045,200,4.406621621621621,0.0,0.0,0.024096385542168676,74,0.0,3.2001014162595163,0.0,0.0,1,1
18048.0,3,394.93,256,56,131.64333333333335,312,7.052321428571429,5.0,0.12794639589137177,0.05084745762711865,56,-50.349999999999966,2.177998507469384,-50.349999999999966,0.0,1,0
18049.0,2,500.5,400,81,250.25,409,6.179012345679013,1.8,0.10230074359194227,0.03488372093023256,81,-23.360000000000014,2.501930507705975,-23.360000000000014,0.0,1,1
18050.0,2,412.06,250,22,206.03,212,18.73,1.5,0.1866687723629426,0.08695652173913043,22,0.0,3.56952621384188,-263.26,0.0,1,1
18051.0,8,2275.98,1657,41,284.4975,550,55.511707317073174,1.6140350877192982,0.2734851469052438,0.06896551724137931,41,873.7800000000001,1.7083501555838854,-122.482,0.125,1,1
18052.0,1,10877.18,17766,16,10877.18,384,679.82375,0.0,0.0,0.0625,16,0.0,0.358029328407604,0.0,0.0,1,1
18053.0,4,230.7,101,13,57.675,347,17.746153846153845,3.230769230769231,0.2615667186334314,0.14285714285714285,13,-251.7,2.663543558065887,-133.35,0.5,1,1
18054.0,1,176.5,96,11,176.5,212,16.045454545454547,0.0,0.0,0.09090909090909091,11,0.0,1.6104770608848682,0.0,0.0,1,1
18055.0,11,6711.78,2190,227,610.1618181818181,232,29.567312775330397,0.6200607902735562,0.09245496289276947,0.01818181818181818,227,-2081.96,3.692045853272351,-222.495,0.09090909090909091,1,0
18056.0,3,539.75,331,28,179.91666666666666,438,19.276785714285715,11.0,0.19218070651740565,0.06451612903225806,28,86.35,6.29282617671286,86.35,0.3333333333333333,1,1
18057.0,3,1168.14,930,120,389.38000000000005,510,9.7345,2.2846153846153845,0.1091560355971678,0.015267175572519083,119,-48.285,3.074642806116279,-48.285,0.0,1,1
18058.0,2,603.9,306,11,301.95,487,54.9,10.5,0.28095098567998295,0.15384615384615385,11,1.5,1.151531867134228,1.5,0.0,1,1
18060.0,2,1185.46,902,74,592.73,384,16.01972972972973,2.108108108108108,0.11017239042410297,0.02666666666666667,75,256.6599999999999,3.185862051158055,256.6599999999999,0.0,1,1
18061.0,25,5294.27,3134,26,211.7708,555,203.62576923076924,5.161904761904762,0.399987250129957,0.11320754716981132,28,-53.70964285714285,2.8881201927860345,-18.72933823529412,0.04,1,0
18062.0,8,1288.77,777,43,161.09625,417,29.97139534883721,7.612244897959184,0.2905908665546954,0.06,43,-0.3860000000000014,3.0712256677165257,-0.7557142857142846,0.375,1,0
18063.0,2,186.60000000000002,48,2,93.30000000000001,452,93.30000000000001,121.0,0.702998557655288,0.6666666666666666,2,-17.39999999999999,1.4852048119142802,-17.39999999999999,0.0,1,1
18064.0,14,4021.98,2411,48,287.2842857142857,495,83.79125,7.0,0.2355885167132901,0.07936507936507936,49,-221.19799999999995,2.5624354874299065,-6.003214285714282,0.2857142857142857,1,0
18065.0,25,4836.2,1821,162,193.44799999999998,549,29.853086419753087,2.0930232558139537,0.1894732135497099,0.03474903474903475,182,53.18928571428572,3.3919753621337567,0.035804195804194645,0.12,1,0
18066.0,2,1122.4,427,35,561.2,235,32.06857142857143,0.6666666666666666,0.12530165279013483,0.046511627906976744,35,0.0,3.888146210262797,-380.19999999999993,0.0,1,1
18068.0,1,101.69999999999999,6,1,101.69999999999999,108,101.69999999999999,0.0,0.0,1.0,1,0.0,0.0,0.0,0.0,1,1
18069.0,9,3108.84,2316,464,345.4266666666667,468,6.700086206896552,0.5956521739130435,0.07709444502271214,0.010130246020260492,472,-59.21657142857142,1.887913535510932,-13.135714285714288,0.1111111111111111,1,0
18070.0,2,307.75,85,10,153.875,550,30.775,6.777777777777778,0.3177083333333333,0.1,10,320.45000000000005,1.8468065530651676,320.45000000000005,0.5,1,1
18071.0,6,1169.68,678,52,194.9466666666667,554,22.493846153846157,6.8,0.19188343032499386,0.07042253521126761,54,-69.06800000000001,2.7454680784556422,-69.06800000000001,0.0,1,0
18072.0,1,247.44,288,18,247.44,5,13.746666666666666,0.0,0.0,0.05555555555555555,18,0.0,0.4381008479119579,0.0,0.0,1,0
18073.0,3,504.24,420,6,168.08,16,84.04,1.5714285714285714,0.3046815897729517,0.375,6,0.0,3.5613237406495757,22.080000000000013,0.0,1,0
18074.0,2,1019.44,361,37,509.72,325,27.552432432432433,3.119047619047619,0.14702960387285818,0.046511627906976744,37,-40.24000000000001,3.102419036166616,-40.24000000000001,0.0,1,1
18075.0,26,4257.16,2411,139,163.73692307692306,318,30.62705035971223,1.0294117647058822,0.17247561025224536,0.047619047619047616,139,-516.9660000000001,3.9207241709499785,-41.268969696969705,0.38461538461538464,1,0
18076.0,1,151.49,164,8,151.49,199,18.93625,0.0,0.0,0.125,8,0.0,1.5497833950034992,0.0,0.0,1,1
18077.0,11,2373.7599999999998,1856,95,215.79636363636362,552,24.98694736842105,2.358490566037736,0.15245352245440566,0.04225352112676056,98,-40.28914285714286,1.0787391776073523,-13.783571428571436,0.0,1,0
18078.0,4,725.53,370,65,181.3825,447,11.161999999999999,5.680555555555555,0.17807366022231322,0.0273972602739726,65,-28.93300000000001,2.4956598399080114,-28.93300000000001,0.0,1,0
18079.0,2,2203.61,5226,38,1101.805,311,57.989736842105266,6.146341463414634,0.15230383963843563,0.047619047619047616,38,1022.05,1.4638981895636272,1022.05,0.0,1,0
18080.0,1,841.4999999999999,330,1,841.4999999999999,62,841.4999999999999,0.0,0.0,1.0,1,0.0,0.0,0.0,0.0,1,0
18083.0,1,463.53,268,36,463.53,217,12.875833333333333,0.0,0.0,0.075,36,0.0,3.6846895635164683,0.0,0.0,1,1
18084.0,4,85.55,17,7,21.3875,208,12.221428571428572,10.75,0.4081817181573085,0.2222222222222222,7,-91.45,3.628054268857865,-91.45,0.5,1,1
18085.0,4,1341.8500000000001,507,42,335.46250000000003,448,31.948809523809526,4.868852459016393,0.15433406494562896,0.04838709677419355,43,63.650000000000006,1.6012094268920125,29.264999999999997,0.0,1,1
18086.0,1,101.34,106,7,101.34,93,14.477142857142857,0.0,0.0,0.14285714285714285,7,0.0,1.1357963432470335,0.0,0.0,1,1
18087.0,18,13808.42,7716,43,767.1344444444444,558,321.1260465116279,4.943820224719101,0.2796001105179155,0.07777777777777778,47,608.7457142857143,2.5018704139183447,342.604,0.1111111111111111,1,1
18089.0,1,428.45,95,9,428.45,266,47.605555555555554,0.0,0.0,0.2,9,0.0,5.6013986348649265,0.0,0.0,1,1
18090.0,1,321.9,307,47,321.9,241,6.848936170212766,0.0,0.0,0.05555555555555555,47,0.0,1.4749344819569745,0.0,0.0,1,1
18091.0,1,360.85,539,25,360.85,412,14.434000000000001,0.0,0.0,0.04,25,0.0,2.393823649867856,0.0,0.0,1,1
18092.0,15,10291.75,6453,33,686.1166666666667,555,311.8712121212121,6.033333333333333,0.2847506014098625,0.08791208791208792,33,-69.4975,2.313615494082077,-104.17300000000003,0.06666666666666667,1,0
18093.0,7,3440.61,2750,36,491.5157142857143,438,95.5725,6.551020408163265,0.23527811163088325,0.08,36,358.179,1.5664003189426619,178.46900000000002,0.14285714285714285,1,1
18094.0,11,5082.52,3514,47,462.04727272727274,547,108.13872340425533,5.142857142857143,0.22655362428829895,0.06060606060606061,47,156.08114285714288,2.071599087373928,60.476190476190474,0.18181818181818182,1,0
18095.0,5,2303.09,1623,37,460.61800000000005,418,62.24567567567568,6.0638297872340425,0.22594510884424082,0.0625,37,-423.6549999999999,2.2187828111648438,-143.36099999999996,0.0,1,1
18096.0,3,789.1,592,153,263.03333333333336,332,5.157516339869281,0.3645833333333333,0.06392895798587743,0.015544041450777202,152,0.0,2.2796266321566776,74.82,0.0,1,1
18097.0,10,3415.88,2136,77,341.588,542,44.36207792207792,4.785046728971962,0.18322566284640968,0.05555555555555555,77,36.27899999999999,3.2386226808874907,45.18166666666667,0.2,1,0
18098.0,1,527.94,215,85,527.94,215,6.211058823529412,0.0,0.0,0.023255813953488372,85,0.0,3.1144213340904967,0.0,0.0,1,1
18100.0,1,451.56,440,30,451.56,369,15.052,0.0,0.0,0.03333333333333333,30,0.0,2.8948118673113177,0.0,0.0,1,1
18101.0,3,399.61,160,62,133.20333333333335,493,6.445322580645161,4.397058823529412,0.1231845400796158,0.028985507246376812,62,174.61,3.2013422363497774,174.61,0.0,1,1
18102.0,104,410880.97,137778,310,3950.7785576923075,558,1325.4224838709677,0.7380952380952381,0.1452297865126142,0.026573426573426574,327,-2770.082857142856,4.5447716721112466,-1077.13,0.019230769230769232,1,0
18103.0,1,105.8,23,10,105.8,368,10.58,0.0,0.0,0.1,10,0.0,4.9166638418070985,0.0,0.0,1,1
18106.0,6,1441.06,506,126,240.17666666666665,513,11.436984126984127,1.9105263157894736,0.10815516699699503,0.020942408376963352,134,-88.61500000000001,2.6754426771799316,47.797999999999995,0.0,1,1
18107.0,1,165.88,65,38,165.88,261,4.365263157894737,0.0,0.0,0.02631578947368421,38,0.0,3.2672296763740425,0.0,0.0,1,1
18108.0,4,842.46,259,43,210.615,557,19.592093023255813,10.145833333333334,0.18814826473206542,0.061224489795918366,44,-131.236,2.6311642394768975,-131.236,0.25,1,0
18109.0,28,4354.9,1933,186,155.53214285714284,346,23.41344086021505,0.7603686635944701,0.14394148710026522,0.04827586206896552,188,149.718,3.865130606407383,16.954685314685314,0.14285714285714285,1,0
18110.0,1,193.48000000000002,97,29,193.48000000000002,230,6.671724137931035,0.0,0.0,0.08571428571428572,29,0.0,1.761199362161283,0.0,0.0,1,1
18111.0,2,398.9,228,27,199.45,408,14.774074074074074,0.20689655172413793,0.09786173919626673,0.06666666666666667,27,0.0,4.920659707196078,-412.8,0.5,1,1
18112.0,2,420.67,188,34,210.335,371,12.37264705882353,3.8,0.16183226024575428,0.05555555555555555,34,116.67000000000002,2.674845122352213,116.67000000000002,0.0,1,1
18113.0,1,76.32000000000001,72,1,76.32000000000001,188,76.32000000000001,0.0,0.0,1.0,1,0.0,0.0,0.0,0.0,1,1
18114.0,1,220.1,55,28,220.1,109,7.860714285714286,0.0,0.0,0.03571428571428571,28,0.0,5.07621639448102,0.0,0.0,1,1
18115.0,1,9.700000000000001,3,3,9.700000000000001,517,3.233333333333334,0.0,0.0,0.3333333333333333,3,0.0,2.363436763134003,0.0,0.0,1,1
18116.0,12,1967.33,1079,303,163.94416666666666,230,6.492838283828383,0.3269961977186312,0.0761145993099404,0.018975332068311195,300,-486.46000000000004,2.240352674192425,-8.660999999999996,0.0,1,0
18118.0,23,4043.68,2038,346,175.81217391304347,200,11.68693641618497,0.19935691318327975,0.06764813203919998,0.010706638115631691,346,0.35000000000002274,2.537247389729976,-19.249047619047616,0.21739130434782608,1,0
18119.0,1,180.7,124,29,180.7,187,6.23103448275862,0.0,0.0,0.034482758620689655,29,0.0,2.6278826536547077,0.0,0.0,1,1
18120.0,1,111.15,31,17,111.15,33,6.538235294117648,0.0,0.0,0.058823529411764705,17,0.0,2.428987776347806,0.0,0.0,1,0
18123.0,1,92.2,34,22,92.2,333,4.190909090909091,0.0,0.0,0.045454545454545456,22,0.0,2.698190711733164,0.0,0.0,1,1
18124.0,1,102.65,47,20,102.65,291,5.1325,0.0,0.0,0.05,20,0.0,1.6093996919413938,0.0,0.0,1,1
18125.0,4,932.25,690,146,233.0625,135,6.385273972602739,0.6726190476190477,0.08074552425154245,0.01775147928994083,146,-506.38999999999993,1.865152392931696,-166.145,0.25,1,0
18127.0,1,209.05,63,21,209.05,222,9.954761904761906,0.0,0.0,0.047619047619047616,21,0.0,1.962651268055535,0.0,0.0,1,1
18128.0,1,399.29,216,42,399.29,356,9.506904761904762,0.0,0.0,0.023809523809523808,42,0.0,1.6731411062549943,0.0,0.0,1,1
18129.0,1,112.55000000000001,48,13,112.55000000000001,62,8.657692307692308,0.0,0.0,0.14285714285714285,13,0.0,2.956527979287139,0.0,0.0,1,0
18131.0,1,222.95999999999998,552,4,222.95999999999998,451,55.739999999999995,0.0,0.0,0.25,4,0.0,0.757116239424304,0.0,0.0,1,1
18132.0,1,220.13,212,60,220.13,323,3.668833333333333,0.0,0.0,0.03225806451612903,60,0.0,1.6864413732924775,0.0,0.0,1,1
18133.0,1,931.4999999999999,1350,1,931.4999999999999,31,931.4999999999999,0.0,0.0,1.0,1,0.0,0.0,0.0,0.0,1,0
18134.0,2,445.0,128,27,222.5,514,16.48148148148148,3.5555555555555554,0.182568291103551,0.07142857142857142,27,-159.29999999999998,3.232222440483003,-159.29999999999998,0.0,1,1
18135.0,9,657.13,488,21,73.01444444444445,453,31.29190476190476,15.206896551724139,0.34938896287922716,0.1,21,-4.507000000000001,2.969193473833841,-10.714,0.3333333333333333,1,0
18136.0,8,1348.23,753,73,168.52875,270,18.46890410958904,2.7701149425287355,0.17659326940874523,0.022727272727272728,74,-85.407,2.4100772603241274,-53.77999999999999,0.5,1,0
18137.0,2,145.99,59,26,72.995,370,5.615,0.0,0.0,0.06896551724137931,26,0.0,2.835019004984039,0.0,0.0,1,1
18138.0,1,152.65,38,8,152.65,114,19.08125,0.0,0.0,0.125,8,0.0,3.721024964403529,0.0,0.0,1,1
18140.0,1,536.41,395,49,536.41,293,10.947142857142856,0.0,0.0,0.05555555555555555,49,0.0,2.253859714547057,0.0,0.0,0,1
18141.0,4,838.57,420,38,209.6425,408,22.06763157894737,5.27906976744186,0.17709553704511458,0.045454545454545456,38,-77.96999999999997,2.3141637606714602,-246.835,0.5,1,1
18142.0,2,280.38,291,9,140.19,35,31.153333333333332,0.4444444444444444,0.1904761904761905,0.2,9,0.0,1.705437382804384,0.0,0.5,1,0
18144.0,14,3609.85,1584,49,257.8464285714286,542,73.67040816326531,7.507462686567164,0.3450454926619768,0.08823529411764706,49,19.970000000000002,3.4809535063589734,-4.843251748251749,0.0,1,0
18145.0,10,3754.27,3336,158,375.427,551,23.76120253164557,2.1048387096774195,0.14527924088866181,0.020080321285140562,168,24.92857142857142,2.0673832957486025,11.030333333333331,0.1,1,0
18146.0,1,76.65,27,4,76.65,39,19.1625,0.0,0.0,0.25,4,0.0,1.7320508075688772,0.0,0.0,1,0
18148.0,1,112.85000000000001,63,9,112.85000000000001,466,12.53888888888889,0.0,0.0,0.2,9,0.0,2.3337449636915246,0.0,0.0,1,1
18149.0,6,1491.56,839,54,248.59333333333333,455,27.62148148148148,4.75,0.22160531151381285,0.056179775280898875,56,-6.388571428571435,1.6618218355391066,-6.388571428571435,0.0,1,0
18150.0,1,227.57999999999998,140,14,227.57999999999998,21,16.255714285714284,0.0,0.0,0.07142857142857142,14,0.0,1.700470523119998,0.0,0.0,1,0
18151.0,6,1513.14,736,78,252.19000000000003,465,19.39923076923077,4.152941176470589,0.18782631105828376,0.023255813953488372,79,-102.81400000000001,6.332728455047043,-72.20900000000002,0.16666666666666666,1,1
18152.0,1,426.69,75,10,426.69,465,42.669,0.0,0.0,0.1,10,0.0,4.540956335888338,0.0,0.0,1,1
18153.0,1,246.22,200,17,246.22,478,14.483529411764707,0.0,0.0,0.058823529411764705,17,0.0,0.7155150345771097,0.0,0.0,1,1
18154.0,3,533.41,371,22,177.8033333333333,310,24.24590909090909,4.04,0.2203305123816776,0.11538461538461539,22,154.81000000000003,1.5229049669830153,29.280000000000015,0.0,1,1
18155.0,1,113.93,91,8,113.93,111,14.24125,0.0,0.0,0.125,8,0.0,1.9194600245158235,0.0,0.0,1,1
18156.0,1,186.88,68,50,186.88,189,3.7376,0.0,0.0,0.02,50,0.0,1.510358843697316,0.0,0.0,1,1
18157.0,1,213.9,145,25,213.9,390,8.556000000000001,0.0,0.0,0.04,25,0.0,3.6668461925747575,0.0,0.0,1,1
18159.0,1,530.15,139,23,530.15,120,23.05,0.0,0.0,0.043478260869565216,23,0.0,4.463282349130876,0.0,0.0,1,1
18160.0,2,684.37,372,41,342.185,205,16.691951219512195,4.204545454545454,0.14553737117366314,0.044444444444444446,41,-47.26999999999998,2.8260670997917323,-47.26999999999998,0.0,1,0
18161.0,3,730.73,470,31,243.57666666666668,198,23.57193548387097,3.2051282051282053,0.2138312405147316,0.075,31,30.189999999999998,3.6677533121755013,30.189999999999998,0.0,1,0
18162.0,1,371.51,332,45,371.51,551,8.255777777777778,0.0,0.0,0.043478260869565216,45,0.0,1.2528676478364222,0.0,0.0,1,1
18163.0,2,639.34,430,33,319.67,403,19.373939393939395,0.6216216216216216,0.13001435830189836,0.05263157894736842,33,0.0,3.872606974573635,0.0,0.5,1,1
18166.0,1,175.5,90,10,175.5,443,17.55,0.0,0.0,0.1,10,0.0,1.3663007640259075,0.0,0.0,1,1
18168.0,21,3237.15,1885,209,154.15,555,15.488755980861244,1.4037433155080214,0.1588948220703732,0.032,229,-41.74785714285714,2.5170249345630475,-13.336538461538458,0.2857142857142857,1,0
18170.0,7,2201.9,894,50,314.5571428571429,519,44.038000000000004,4.887755102040816,0.19937972940318976,0.06060606060606061,50,-133.32600000000002,3.7870335472534555,40.916,0.0,1,0
18171.0,7,1652.74,674,58,236.1057142857143,523,28.49551724137931,7.184615384615385,0.2640429589829817,0.06060606060606061,58,-156.218,8.561027169707279,-16.331428571428564,0.14285714285714285,1,0
18172.0,46,13507.97,5613,151,293.65152173913043,548,89.45675496688742,1.2904884318766068,0.16578171121835017,0.03076923076923077,161,158.15714285714282,15.060750392990833,17.14539285714285,0.15217391304347827,1,0
18173.0,4,2318.36,1538,31,579.59,432,74.78580645161291,10.842105263157896,0.1930945761196235,0.07692307692307693,31,142.92000000000007,2.3342080296122005,-84.268,0.0,1,0
18174.0,1,58.5,30,1,58.5,423,58.5,0.0,0.0,1.0,1,0.0,0.0,0.0,0.0,1,1
18175.0,1,176.1,70,7,176.1,495,25.157142857142855,0.0,0.0,0.14285714285714285,7,0.0,4.237137398448784,0.0,0.0,1,1
18176.0,2,448.65,279,30,224.325,177,14.955,0.125,0.07322330470336312,0.06060606060606061,30,0.0,2.9155425322872173,0.0,0.5,1,1
18177.0,8,1561.3,886,57,195.1625,543,27.391228070175437,7.588235294117647,0.1884699182314779,0.057971014492753624,59,31.364999999999995,1.0064819334458721,-8.897142857142857,0.125,1,0
18178.0,13,5573.52,3556,190,428.7323076923077,478,29.334315789473685,1.3436532507739938,0.15304712552308994,0.018518518518518517,201,-187.65714285714287,3.001118470554503,-34.339370629370634,0.23076923076923078,1,0
18179.0,6,1857.54,1180,70,309.59,482,26.536285714285714,5.680555555555555,0.19362178734873609,0.0273972602739726,72,16.002,2.3013125597616884,-36.85,0.0,1,0
18181.0,6,799.76,374,119,133.29333333333332,554,6.720672268907563,2.420289855072464,0.11535456690456405,0.02158273381294964,122,14.689999999999998,2.4798883231503948,14.689999999999998,0.3333333333333333,1,1
18182.0,1,291.13,167,10,291.13,282,29.113,0.0,0.0,0.1,10,0.0,1.6741949972714913,0.0,0.0,1,1
18183.0,6,600.52,362,36,100.08666666666666,94,16.68111111111111,1.2790697674418605,0.19958459944169424,0.09090909090909091,36,24.21999999999997,3.0785125437505685,-147.52500000000003,0.6666666666666666,1,0
18185.0,1,304.25,183,17,304.25,68,17.897058823529413,0.0,0.0,0.058823529411764705,17,0.0,3.9005655698508495,0.0,0.0,1,0
18186.0,1,329.58,338,11,329.58,542,29.96181818181818,0.0,0.0,0.09090909090909091,11,0.0,2.478072931643751,0.0,0.0,1,1
18187.0,3,682.19,304,48,227.39666666666668,451,14.212291666666667,0.1320754716981132,0.07613350851095485,0.05555555555555555,48,0.0,3.56154818466606,0.0,0.6666666666666666,1,1
18188.0,5,1691.3,881,65,338.26,443,26.02,4.243589743589744,0.1666282378732264,0.05063291139240506,67,129.95999999999998,1.7695948921831701,129.95999999999998,0.2,1,1
18189.0,4,939.44,619,54,234.86,445,17.397037037037038,6.11864406779661,0.13106694587153603,0.05,55,314.96000000000004,2.237977515879443,314.96000000000004,0.5,1,0
18190.0,6,735.6700000000001,489,34,122.61166666666668,537,21.637352941176474,12.452380952380953,0.25671186532000095,0.09302325581395349,34,-7.323000000000002,3.018492671292166,-7.323000000000002,0.16666666666666666,1,0
18191.0,2,529.4,332,15,264.7,296,35.29333333333333,15.357142857142858,0.2626896389907558,0.06666666666666667,15,-113.79999999999998,2.906757316192409,-113.79999999999998,0.0,1,0
18193.0,3,942.74,799,50,314.24666666666667,261,18.8548,1.3888888888888888,0.14648007317266268,0.03636363636363636,50,-425.55999999999995,4.9513311613504785,-352.5,0.3333333333333333,1,1
18194.0,5,3188.2000000000003,1142,16,637.6400000000001,499,199.26250000000002,11.95,0.41480800381549754,0.09523809523809523,16,-33.910000000000025,2.5183816610029925,3.1740000000000013,0.0,1,1
18195.0,1,101.16,60,5,101.16,206,20.232,0.0,0.0,0.2,5,0.0,2.101218693996415,0.0,0.0,1,1
18196.0,3,1219.42,842,159,406.47333333333336,451,7.669308176100629,1.6056338028169015,0.09144045333845742,0.018691588785046728,159,79.67499999999998,2.2557645868452174,79.67499999999998,0.0,1,1
18197.0,2,221.4,162,9,110.7,395,24.6,6.2,0.3008814638937728,0.18181818181818182,9,-238.8,1.2525610128489115,-238.8,0.5,1,1
18198.0,12,3500.1400000000003,2908,48,291.67833333333334,155,72.91958333333334,1.6179775280898876,0.2746586310458988,0.1111111111111111,49,483.82000000000016,1.7960265096792591,41.02114285714284,0.08333333333333333,1,0
18199.0,2,342.2,98,20,171.1,503,17.11,0.35,0.13643907206030928,0.09523809523809523,20,0.0,3.134977405553879,-347.3,0.5,1,1
18201.0,1,447.53000000000003,191,27,447.53000000000003,542,16.575185185185187,0.0,0.0,0.037037037037037035,27,0.0,3.7609327054355566,0.0,0.0,1,1
18202.0,3,1396.99,581,55,465.66333333333336,130,25.399818181818183,1.6567164179104477,0.11377915161694438,0.029411764705882353,56,425.53,3.5363095523751156,425.53,0.0,1,0
18203.0,3,322.1,66,29,107.36666666666667,550,11.10689655172414,9.157894736842104,0.22668107733008358,0.07692307692307693,30,1.7449999999999974,4.068849887401577,1.7449999999999974,0.0,1,1
18204.0,1,540.98,387,84,540.98,11,6.4402380952380955,0.0,0.0,0.022727272727272728,84,0.0,2.105356999563562,0.0,0.0,1,0
18206.0,1,314.65999999999997,246,19,314.65999999999997,372,16.561052631578946,0.0,0.0,0.05263157894736842,19,0.0,0.6275469740811142,0.0,0.0,1,1
18207.0,3,505.12,300,31,168.37333333333333,318,16.294193548387096,0.12121212121212122,0.0784393842663237,0.08823529411764706,31,0.0,4.4005884491454355,-583.8199999999999,0.6666666666666666,1,1
18208.0,1,360.08,82,17,360.08,385,21.181176470588234,0.0,0.0,0.058823529411764705,17,0.0,4.948828069826823,0.0,0.0,1,1
18210.0,2,289.85,163,14,144.925,202,20.70357142857143,8.214285714285714,0.2588395976301425,0.13333333333333333,14,-5.049999999999983,2.5161241925590545,-5.049999999999983,0.0,1,0
18211.0,1,137.9,56,8,137.9,98,17.2375,0.0,0.0,0.125,8,0.0,3.5414824882082523,0.0,0.0,1,1
18212.0,2,514.37,158,40,257.185,496,12.85925,7.8,0.1462756238136735,0.043478260869565216,40,-82.23000000000002,2.979123075590686,-82.23000000000002,0.0,1,1
18213.0,1,232.48000000000002,232,15,232.48000000000002,56,15.498666666666669,0.0,0.0,0.06666666666666667,15,0.0,1.4218743498167012,0.0,0.0,1,0
18214.0,5,1480.99,790,38,296.198,373,38.97342105263158,0.3442622950819672,0.12307903078991159,0.08064516129032258,38,0.0,2.3162869010406095,0.0,0.2,1,1
18215.0,5,1924.65,1012,49,384.93,442,39.27857142857143,2.9078947368421053,0.19928897339336576,0.05194805194805195,52,-161.115,2.642087783122509,-128.312,0.2,1,1
18217.0,4,281.05,219,7,70.2625,345,40.15,1.0,0.2730095079366212,0.3076923076923077,7,0.0,1.8393902278354126,0.0,0.5,1,1
18218.0,6,1086.1399999999999,990,25,181.0233333333333,479,43.44559999999999,11.275,0.21757822978837493,0.0975609756097561,25,20.80600000000002,1.5838911640362778,20.80600000000002,0.3333333333333333,1,0
18219.0,13,2189.7400000000002,1094,71,168.44153846153847,551,30.84140845070423,3.9236641221374047,0.2456812980431326,0.07575757575757576,71,36.43928571428571,3.070262488015602,3.7343030303030305,0.07692307692307693,1,0
18220.0,11,1771.7,1258,17,161.06363636363636,544,104.21764705882353,16.161290322580644,0.41112182669657277,0.28125,17,36.281714285714294,3.0751440924802416,-6.102666666666668,0.45454545454545453,1,0
18221.0,4,874.04,496,43,218.51,209,20.326511627906974,3.923076923076923,0.1549321759094854,0.05660377358490566,43,199.98000000000002,2.6096536480066517,-17.244999999999976,0.25,1,0
18223.0,37,9877.29,4798,162,266.9537837837838,555,60.97092592592593,1.0463709677419355,0.16415078136781092,0.030181086519114688,181,-67.805,2.513872251241193,-20.154985294117655,0.4864864864864865,1,0
18224.0,1,158.95000000000002,69,10,158.95000000000002,83,15.895000000000001,0.0,0.0,0.1,10,0.0,1.836330882796211,0.0,0.0,1,0
18225.0,25,8855.76,4931,217,354.23040000000003,554,40.80995391705069,1.2839805825242718,0.15972669310198057,0.024213075060532687,238,79.64964285714287,2.6075246217258905,17.28,0.24,1,0
18226.0,31,9153.57,6214,254,295.2764516129032,464,36.03767716535433,1.0778588807785887,0.14835164081864752,0.01699029126213592,265,134.80314285714286,4.977278998705474,-42.99143356643356,0.3225806451612903,1,0
18227.0,3,93.75,21,6,31.25,303,15.625,44.166666666666664,0.4155932986455106,0.2857142857142857,6,93.75,139.8015281100488,93.75,0.3333333333333333,1,0
18229.0,17,6083.51,1385,54,357.8535294117647,555,112.6575925925926,5.577319587628866,0.31094512763646176,0.09183673469387756,53,225.84857142857143,3.964465017373004,9.867890109890107,0.0,1,0
18230.0,7,2654.1600000000003,1330,42,379.16571428571433,345,63.19428571428572,3.088235294117647,0.17386529693600086,0.04854368932038835,42,85.73999999999998,1.6568522089606281,-37.08000000000002,0.2857142857142857,1,0
18231.0,30,6815.47,2898,217,227.18233333333333,518,31.407695852534562,1.2753246753246754,0.14396485590304403,0.025906735751295335,229,-193.70314285714286,3.107734178569398,-10.338241758241765,0.06666666666666667,1,0
18232.0,3,360.48,167,24,120.16000000000001,16,15.020000000000001,0.2692307692307692,0.13725274901093276,0.07407407407407407,24,0.0,3.011196674597229,-381.48,0.3333333333333333,1,0
18233.0,1,440.0,4,1,440.0,145,440.0,0.0,0.0,1.0,1,0.0,0.0,0.0,0.0,1,1
18234.0,1,179.6,80,30,179.6,371,5.986666666666666,0.0,0.0,0.03333333333333333,30,0.0,1.9540004647112945,0.0,0.0,1,1
18235.0,1,430.46000000000004,332,29,430.46000000000004,36,14.84344827586207,0.0,0.0,0.034482758620689655,29,0.0,2.1206398908815305,0.0,0.0,1,0
18236.0,8,1217.6100000000001,411,59,152.20125000000002,422,20.637457627118646,6.2727272727272725,0.24075756520165026,0.029850746268656716,59,50.449,3.0804414005254928,-13.547142857142857,0.0,1,0
18238.0,1,270.92,114,14,270.92,334,19.351428571428574,0.0,0.0,0.07142857142857142,14,0.0,2.046222464353858,0.0,0.0,1,1
18239.0,6,1712.26,844,85,285.37666666666667,242,20.144235294117646,2.1157894736842104,0.19675920747105682,0.041666666666666664,85,-61.02000000000001,2.681826261020324,37.03999999999999,0.0,1,0
18241.0,6,1261.83,659,66,210.30499999999998,437,19.118636363636362,5.025316455696203,0.1771161164493531,0.0375,69,62.82899999999999,2.7614978392994805,62.82899999999999,0.16666666666666666,1,0
18242.0,6,2066.8,1412,68,344.4666666666667,517,30.394117647058827,5.735632183908046,0.18960948885563517,0.056818181818181816,68,6.5479999999999965,2.610250548974591,73.96000000000001,0.0,1,0
18243.0,1,515.78,221,26,515.78,233,19.837692307692308,0.0,0.0,0.038461538461538464,26,0.0,2.2125430200076597,0.0,0.0,1,1
18244.0,2,568.64,856,19,284.32,322,29.928421052631577,4.0,0.22258624039689393,0.05263157894736842,19,-36.960000000000036,1.0692848897457572,-36.960000000000036,0.0,1,1
18245.0,20,4975.46,4313,275,248.773,460,18.092581818181817,1.108179419525066,0.13165389148442672,0.015789473684210527,281,-70.71885714285715,2.4367126822862066,-22.44181818181818,0.15,1,0
18246.0,2,395.62,118,2,197.81,429,197.81,188.0,0.704457172443514,0.6666666666666666,2,70.18,0.2540341184434354,70.18,0.0,1,0
18247.0,6,721.43,305,28,120.23833333333333,450,25.76535714285714,4.760869565217392,0.20280715637421987,0.0851063829787234,28,94.95000000000002,3.7166604677287145,94.95000000000002,0.5,1,1
18248.0,1,496.46000000000004,242,28,496.46000000000004,5,17.73071428571429,0.0,0.0,0.03571428571428571,28,0.0,7.423322784577079,0.0,0.0,1,0
18250.0,2,342.92,198,21,171.46,129,16.32952380952381,0.42857142857142855,0.1445941518185897,0.09090909090909091,21,0.0,3.6149679514545205,0.0,0.5,1,1
18251.0,8,21964.14,31815,77,2745.5175,537,285.24857142857144,2.956043956043956,0.16935623216594098,0.03260869565217391,77,2565.2339999999995,0.9821430187203968,813.0659999999999,0.0,1,1
18252.0,6,938.92,692,35,156.48666666666665,550,26.826285714285714,4.5,0.2573457563698638,0.04878048780487805,35,-117.48499999999999,3.5976784519885094,-87.15599999999998,0.16666666666666666,1,1
18253.0,1,317.88,128,7,317.88,462,45.41142857142857,0.0,0.0,0.14285714285714285,7,0.0,2.9626219082813408,0.0,0.0,1,1
18254.0,1,267.9,188,16,267.9,400,16.74375,0.0,0.0,0.0625,16,0.0,0.6694447325956042,0.0,0.0,1,1
18255.0,1,199.85,127,13,199.85,275,15.373076923076923,0.0,0.0,0.07692307692307693,13,0.0,1.1723371353729093,0.0,0.0,1,1
18256.0,2,60.599999999999994,110,10,30.299999999999997,207,6.06,2.4615384615384617,0.24926458997756415,0.14285714285714285,10,0.0,0.48480652082801307,-160.8,0.5,1,1
18257.0,12,2874.02,1604,161,239.50166666666667,478,17.85105590062112,2.31,0.14984026908919623,0.024875621890547265,167,-73.11299999999999,2.562632575383741,-27.7565,0.4166666666666667,1,0
18258.0,8,2040.97,1973,30,255.12125,392,68.03233333333334,2.0384615384615383,0.26914827732089813,0.07547169811320754,31,-180.85000000000002,3.391202643620932,-105.80000000000001,0.25,1,1
18259.0,5,1979.6000000000001,676,36,395.92,551,54.988888888888894,7.408163265306122,0.17897887003957147,0.1,36,480.24999999999994,1.544450566065618,69.4,0.0,1,1
18260.0,31,9309.97,5031,205,300.3216129032258,543,45.41448780487804,1.2592592592592593,0.13751198664681766,0.019704433497536946,211,130.36657142857143,20.68514102873023,15.949868131868138,0.2903225806451613,1,0
18262.0,2,428.06,370,27,214.03,422,15.854074074074074,7.464285714285714,0.18431569589164612,0.06896551724137931,27,23.939999999999998,1.2206711995209443,23.939999999999998,0.0,1,1
18263.0,1,307.59999999999997,328,15,307.59999999999997,72,20.506666666666664,0.0,0.0,0.06666666666666667,15,0.0,0.7271261107623498,0.0,0.0,1,0
18264.0,1,603.25,241,36,603.25,318,16.756944444444443,0.0,0.0,0.027777777777777776,36,0.0,3.9865657337119567,0.0,0.0,1,1
18266.0,1,251.1,138,14,251.1,253,17.935714285714287,0.0,0.0,0.07142857142857142,14,0.0,1.3158375931050803,0.0,0.0,1,1
18267.0,2,252.87,131,18,126.435,492,14.048333333333334,0.6842105263157895,0.17180839349416624,0.1,18,0.0,2.0473896088742656,0.0,0.5,1,1
18268.0,6,1451.22,702,36,241.87,548,40.31166666666667,1.9852941176470589,0.20395387662835487,0.07246376811594203,37,-78.85,2.905929910459177,-56.08,0.16666666666666666,1,1
18269.0,2,138.9,70,7,69.45,185,19.842857142857145,1.1428571428571428,0.2840302854840445,0.25,7,0.0,1.5089613267788826,0.0,0.5,1,1
18270.0,3,235.1,146,11,78.36666666666666,252,21.37272727272727,17.363636363636363,0.34137136218006064,0.16666666666666666,11,-99.825,4.30535255305075,-99.825,0.3333333333333333,1,0
18271.0,2,680.85,319,19,340.425,551,35.83421052631579,6.05,0.21563690074943176,0.09523809523809523,19,295.75,1.1470334407878937,295.75,0.0,1,1
18272.0,7,2249.29,1609,94,321.32714285714286,464,23.928617021276594,3.591666666666667,0.16545783177329287,0.024793388429752067,95,29.797000000000004,1.7988315652111506,-48.72085714285714,0.2857142857142857,1,0
18273.0,2,204.0,80,1,102.0,410,204.0,332.0,332.0,1.0,1,-102.0,0.0,-102.0,0.0,1,0
18275.0,2,741.85,417,19,370.925,550,39.044736842105266,8.444444444444445,0.229301958943862,0.05263157894736842,19,-3.42999999999995,1.6490431391730787,-3.42999999999995,0.0,1,1
18276.0,7,1297.31,1055,69,185.32999999999998,548,18.80159420289855,4.146341463414634,0.20698366728001183,0.03614457831325301,69,110.995,2.573302629646143,22.86500000000001,0.2857142857142857,1,1
18277.0,6,1048.97,377,48,174.82833333333335,314,21.85354166666667,3.0172413793103448,0.20471445551918263,0.05084745762711865,49,-174.945,10.33198866774971,-118.373,0.3333333333333333,1,1
18278.0,1,240.3,74,15,240.3,224,16.02,0.0,0.0,0.06666666666666667,15,0.0,2.599688626043694,0.0,0.0,1,1
18279.0,1,231.33999999999997,630,13,231.33999999999997,338,17.795384615384613,0.0,0.0,0.07692307692307693,13,0.0,0.2929207471357468,0.0,0.0,1,1
18280.0,3,472.45000000000005,192,28,157.48333333333335,213,16.873214285714287,3.7096774193548385,0.1913135230381082,0.0625,28,-111.25,3.3137417788072905,-111.25,0.3333333333333333,1,1
18281.0,2,201.14,146,17,100.57,397,11.831764705882351,24.8125,0.24750623441396513,0.058823529411764705,17,-39.5,5.313019317177934,-39.5,0.0,1,0
18283.0,11,1132.94,647,239,102.99454545454546,477,4.740334728033473,1.034324942791762,0.10147456610216891,0.01598173515981735,252,-4.359999999999997,1.5909489253977152,-7.665,0.0,1,0
18284.0,1,411.68,493,27,411.68,251,15.247407407407408,0.0,0.0,0.037037037037037035,27,0.0,1.2405986056275011,0.0,0.0,1,1
18285.0,1,377.0,144,11,377.0,480,34.27272727272727,0.0,0.0,0.09090909090909091,11,0.0,4.45084772313606,0.0,0.0,1,1
18286.0,3,1138.43,591,66,379.4766666666667,543,17.248939393939395,3.6176470588235294,0.14515060334115612,0.028985507246376812,67,210.26500000000001,4.008228035723487,210.26500000000001,0.3333333333333333,1,1
18287.0,6,3055.89,1912,93,509.315,557,32.859032258064516,4.725663716814159,0.17330262667352078,0.03508771929824561,93,80.06500000000001,1.8050115677800807,80.06500000000001,0.16666666666666666,1,0
